Line-ID,Machine-ID,Start-Time,End-Time,Category Defect,Sub-Category Defect,Down-Time
Line-8,Machine-1,03-12-2024 08:00,03-12-2024 08:35,Electrical Defect,Lubrication,34.99833298
Line-8,Machine-1,03-12-2024 11:10,03-12-2024 11:56,Electrical Defect,Lubrication,46.00273514
Line-8,Machine-1,07-01-2025 06:00,07-01-2025 06:24,Electrical Defect,Pneumatic,23.99399948
Line-8,Machine-1,15-01-2025 07:20,15-01-2025 07:38,Electrical Defect,Pneumatic,17.99398422
Line-8,Machine-1,17-01-2025 06:00,17-01-2025 06:24,Electrical Defect,Relay Contactor,24.92169952
Line-8,Machine-1,17-01-2025 06:25,17-01-2025 08:05,Electrical Defect,Pneumatic,99.99213409
Line-8,Machine-1,17-01-2025 13:00,17-01-2025 13:10,Electrical Defect,Pneumatic,10.0092001
Line-8,Machine-1,17-01-2025 13:50,17-01-2025 14:30,Electrical Defect,Sensor Setting,40.00066757
Line-8,Machine-1,01-02-2025 11:30,01-02-2025 12:10,Electrical Defect,Relay Contactor,39.99964905
Line-8,Machine-1,03-02-2025 10:15,03-02-2025 10:56,Electrical Defect,Overload Current,41.00973511
Line-8,Machine-1,16-02-2025 11:30,16-02-2025 12:10,Electrical Defect,Relay Contactor,40.00513458
Line-8,Machine-1,17-02-2025 08:00,17-02-2025 08:28,Electrical Defect,Relay Contactor,27.98918343
Line-8,Machine-1,17-02-2025 09:00,17-02-2025 09:42,Electrical Defect,Relay Contactor,42.00238419
Line-8,Machine-1,17-02-2025 10:00,17-02-2025 10:24,Electrical Defect,Relay Contactor,23.99011612
Line-8,Machine-1,28-02-2025 09:00,28-02-2025 09:16,Electrical Defect,Sensor Setting,16.00076675
Line-8,Machine-1,19-11-2024 18:30,19-11-2024 20:48,Electrical Defect,Relay Contactor,138.0097351
Line-8,Machine-1,13-12-2024 14:30,13-12-2024 16:03,Electrical Defect,Robot,93
Line-8,Machine-1,25-12-2024 15:20,25-12-2024 15:30,Electrical Defect,Wheel spindle,10.00626659
Line-8,Machine-1,27-12-2024 20:00,27-12-2024 20:30,Electrical Defect,Wheel Balancer,30
Line-8,Machine-1,17-01-2025 14:30,17-01-2025 15:41,Electrical Defect,Loose connection,70.99973297
Line-8,Machine-1,16-02-2025 19:00,16-02-2025 19:29,Electrical Defect,Wheel spindle,28.98763275
Line-8,Machine-1,19-02-2025 22:00,19-02-2025 22:24,Electrical Defect,Work head unit,24
Line-8,Machine-1,17-11-2024 02:10,17-11-2024 02:40,Electrical Defect,Wheel spindle,30.17505074
Line-8,Machine-1,07-12-2024 01:00,07-12-2024 01:45,Electrical Defect,Sensor Setting,45.00735092
Line-8,Machine-1,17-02-2025 01:20,17-02-2025 01:48,Electrical Defect,Wheel spindle,28.1261158
Line-8,Machine-2,14-11-2024 06:00,14-11-2024 06:10,Electrical Defect,Robot,10.00331688
Line-8,Machine-2,15-11-2024 09:00,15-11-2024 09:27,Electrical Defect,Pneumatic,26.99146652
Line-8,Machine-2,06-12-2024 06:00,06-12-2024 06:57,Electrical Defect,Pneumatic,57.00669861
Line-8,Machine-2,11-12-2024 11:40,11-12-2024 13:10,Electrical Defect,Sensor Setting,90.01502991
Line-8,Machine-2,31-12-2024 13:30,31-12-2024 14:00,Electrical Defect,Relay Contactor,29.99584961
Line-8,Machine-2,07-01-2025 08:00,07-01-2025 08:12,Electrical Defect,Sensor Setting,12.0024004
Line-8,Machine-2,17-01-2025 12:24,17-01-2025 12:30,Electrical Defect,Pneumatic,5.994533539
Line-8,Machine-2,18-01-2025 08:37,18-01-2025 09:07,Electrical Defect,Pneumatic,29.99880028
Line-8,Machine-2,21-01-2025 08:00,21-01-2025 08:17,Electrical Defect,Relay Contactor,17.00853348
Line-8,Machine-2,01-02-2025 06:00,01-02-2025 06:21,Electrical Defect,Hydraulic system,21.0024662
Line-8,Machine-2,07-02-2025 08:00,07-02-2025 08:10,Electrical Defect,Relay Contactor,9.993332863
Line-8,Machine-2,07-02-2025 09:20,07-02-2025 09:35,Electrical Defect,Relay Contactor,15.00786686
Line-8,Machine-2,07-02-2025 09:35,07-02-2025 09:50,Electrical Defect,Pneumatic,15.00669956
Line-8,Machine-2,07-02-2025 08:57,07-02-2025 09:07,Electrical Defect,Sensor Setting,10.01223373
Line-8,Machine-2,21-02-2025 07:00,21-02-2025 07:15,Electrical Defect,Robot,15.01210022
Line-8,Machine-2,22-02-2025 07:50,22-02-2025 08:10,Electrical Defect,Sensor Setting,20.00391579
Line-8,Machine-2,27-02-2025 09:42,27-02-2025 10:10,Electrical Defect,Relay Contactor,28.00045013
Line-8,Machine-2,07-03-2025 11:55,07-03-2025 12:47,Electrical Defect,Sensor Setting,51.99951553
Line-8,Machine-2,21-03-2025 08:45,21-03-2025 08:57,Electrical Defect,Hydraulic system,12.00265026
Line-8,Machine-2,07-04-2025 09:00,07-04-2025 11:00,Electrical Defect,Overload Current,120
Line-8,Machine-2,11-04-2025 07:59,11-04-2025 08:12,Electrical Defect,Panel A.C.,12.99065018
Line-8,Machine-2,24-11-2024 19:00,24-11-2024 21:00,Electrical Defect,Relay Contactor,120
Line-8,Machine-2,07-12-2024 21:00,07-12-2024 21:20,Electrical Defect,Robot,20.00016594
Line-8,Machine-2,14-12-2024 22:30,14-12-2024 22:39,Electrical Defect,Sensor Setting,9.903450012
Line-8,Machine-2,23-01-2025 19:20,23-01-2025 19:55,Electrical Defect,Sensor Setting,35.00333405
Line-8,Machine-2,31-01-2025 21:30,31-01-2025 22:00,Electrical Defect,Robot,30
Line-8,Machine-2,07-02-2025 18:35,07-02-2025 19:00,Electrical Defect,Relay Contactor,25.00891685
Line-8,Machine-2,21-02-2025 19:07,21-02-2025 19:30,Electrical Defect,Relay Contactor,22.99640083
Line-8,Machine-2,21-02-2025 22:25,21-02-2025 22:45,Electrical Defect,Pneumatic,19.99735069
Line-8,Machine-2,02-03-2025 18:30,02-03-2025 18:41,Electrical Defect,Relay Contactor,10.99664974
Line-8,Machine-2,16-03-2025 15:14,16-03-2025 15:30,Electrical Defect,Pneumatic,15.99468327
Line-8,Machine-2,28-11-2024 01:45,28-11-2024 02:05,Electrical Defect,Pneumatic,19.99891663
Line-8,Machine-2,06-12-2024 04:04,06-12-2024 04:30,Electrical Defect,Slide Lock,25.98934937
Line-8,Machine-2,06-12-2024 04:30,06-12-2024 06:00,Electrical Defect,Slide Lock,90.00346375
Line-8,Machine-2,08-01-2025 01:00,08-01-2025 01:40,Electrical Defect,Robot,39.9970665
Line-8,Machine-2,18-01-2025 23:29,19-01-2025 00:00,Electrical Defect,Slide Guards,31.00079918
Line-8,Machine-2,24-01-2025 00:40,24-01-2025 00:50,Electrical Defect,Pneumatic,9.99489975
Line-8,Machine-2,30-01-2025 23:20,30-01-2025 23:42,Electrical Defect,Relay Contactor,21.99243355
Line-8,Machine-2,01-02-2025 04:01,01-02-2025 04:50,Electrical Defect,Relay Contactor,49
Line-8,Machine-2,06-03-2025 23:32,07-03-2025 00:55,Electrical Defect,Robot,82.99030304
Line-8,Machine-2,09-03-2025 23:58,10-03-2025 00:06,Electrical Defect,Pneumatic,7.997049809
Line-8,Machine-2,10-03-2025 04:29,10-03-2025 04:35,Electrical Defect,Pneumatic,6.001983166
Line-8,Machine-2,17-03-2025 23:00,17-03-2025 23:38,Electrical Defect,Dresser unit,38.00718307
Line-8,Machine-2,18-03-2025 00:00,18-03-2025 00:23,Electrical Defect,Dresser unit,22.99740028
Line-8,Machine-2,26-03-2025 00:30,26-03-2025 01:00,Electrical Defect,Solonoid Valve,30.00115013
Line-8,Machine-2,08-04-2025 01:00,08-04-2025 01:19,Electrical Defect,Robot,19.00893402
Line-8,Machine-2,10-04-2025 23:00,10-04-2025 23:19,Electrical Defect,Robot,19.00374985
Line-8,Machine-3,11-11-2024 14:08,11-11-2024 14:30,Electrical Defect,Servo drive,22.03123283
Line-8,Machine-3,14-11-2024 07:00,14-11-2024 07:12,Electrical Defect,Robot,12.00746632
Line-8,Machine-3,14-11-2024 07:20,14-11-2024 07:30,Electrical Defect,Robot,10.01099968
Line-8,Machine-3,30-11-2024 08:00,30-11-2024 08:20,Electrical Defect,Sensor Setting,19.99819946
Line-8,Machine-3,01-12-2024 06:30,01-12-2024 06:50,Electrical Defect,Sensor Setting,20.01543427
Line-8,Machine-3,01-12-2024 07:00,01-12-2024 07:20,Electrical Defect,Sensor Setting,19.98586655
Line-8,Machine-3,01-12-2024 13:50,01-12-2024 14:15,Electrical Defect,Sensor Setting,24.99378395
Line-8,Machine-3,13-12-2024 06:00,13-12-2024 06:20,Electrical Defect,Gauge head,20.00148392
Line-8,Machine-3,21-12-2024 13:30,21-12-2024 13:43,Electrical Defect,Sensor Setting,12.99241638
Line-8,Machine-3,27-12-2024 11:40,27-12-2024 12:00,Electrical Defect,Pneumatic,20.01121712
Line-8,Machine-3,08-01-2025 08:47,08-01-2025 09:00,Electrical Defect,Overload Current,12.99573326
Line-8,Machine-3,08-01-2025 09:00,08-01-2025 09:18,Electrical Defect,Overload Current,17.99943352
Line-8,Machine-3,08-01-2025 12:00,08-01-2025 12:15,Electrical Defect,Overload Current,15.00144958
Line-8,Machine-3,31-01-2025 10:00,31-01-2025 10:22,Electrical Defect,Relay Contactor,21.99036598
Line-8,Machine-3,31-01-2025 12:30,31-01-2025 13:05,Electrical Defect,Relay Contactor,34.9916153
Line-8,Machine-3,03-02-2025 08:00,03-02-2025 08:40,Electrical Defect,Gauge unit,40.00970078
Line-8,Machine-3,13-02-2025 11:50,13-02-2025 14:14,Electrical Defect,Stone holder,144.076889
Line-8,Machine-3,24-02-2025 08:51,24-02-2025 13:00,Electrical Defect,Chuck Magnet,248.9977722
Line-8,Machine-3,27-02-2025 07:00,27-02-2025 07:10,Electrical Defect,Robot,10.00913334
Line-8,Machine-3,09-03-2025 10:30,09-03-2025 11:14,Electrical Defect,Loose connection,43.98853302
Line-8,Machine-3,18-03-2025 09:30,18-03-2025 14:00,Electrical Defect,Gauge head,270.0144043
Line-8,Machine-3,05-04-2025 08:00,05-04-2025 08:10,Electrical Defect,Robot,10.0093832
Line-8,Machine-3,15-04-2025 06:20,15-04-2025 06:34,Electrical Defect,Robot,14.00160027
Line-8,Machine-3,15-04-2025 12:00,15-04-2025 12:09,Electrical Defect,Robot,9.000283241
Line-8,Machine-3,17-11-2024 14:30,17-11-2024 14:59,Electrical Defect,Intlet conveyor,28.99774933
Line-8,Machine-3,26-11-2024 19:30,26-11-2024 20:30,Electrical Defect,Solonoid Valve,60.00018311
Line-8,Machine-3,15-12-2024 17:00,15-12-2024 17:06,Electrical Defect,Robot,6.006133556
Line-8,Machine-3,15-12-2024 20:42,15-12-2024 21:18,Electrical Defect,Robot,36.14035034
Line-8,Machine-3,10-01-2025 14:50,10-01-2025 15:01,Electrical Defect,Hydraulic system,11.1050663
Line-8,Machine-3,03-02-2025 19:30,03-02-2025 20:30,Electrical Defect,Robot,60
Line-8,Machine-3,07-02-2025 19:00,07-02-2025 19:30,Electrical Defect,Demag unit,30.00359917
Line-8,Machine-3,07-02-2025 22:30,07-02-2025 22:59,Electrical Defect,Demag unit,29.39868355
Line-8,Machine-3,11-02-2025 19:00,11-02-2025 19:40,Electrical Defect,Hydrostatic System,40.00790024
Line-8,Machine-3,27-02-2025 14:30,27-02-2025 15:19,Electrical Defect,PLC power supply Module,48.99879837
Line-8,Machine-3,15-03-2025 18:00,15-03-2025 18:30,Electrical Defect,Gauge head,30.0067997
Line-8,Machine-3,15-03-2025 15:30,15-03-2025 15:50,Electrical Defect,Work head slide,20.00026703
Line-8,Machine-3,18-03-2025 14:30,18-03-2025 15:40,Electrical Defect,Gauge head,70.00213623
Line-8,Machine-3,11-04-2025 15:00,11-04-2025 18:00,Electrical Defect,Hydraulic system,180.0126495
Line-8,Machine-3,19-04-2025 17:00,19-04-2025 18:30,Electrical Defect,Relay Contactor,90
Line-8,Machine-3,28-04-2025 17:20,28-04-2025 17:30,Electrical Defect,Pneumatic,10.00946712
Line-8,Machine-3,29-04-2025 14:50,29-04-2025 15:11,Electrical Defect,Hydraulic system,20.9857502
Line-8,Machine-3,16-11-2024 23:39,17-11-2024 02:00,Electrical Defect,Relay Contactor,140.9864502
Line-8,Machine-3,17-11-2024 02:45,17-11-2024 04:10,Electrical Defect,Robot,85.01096344
Line-8,Machine-3,17-11-2024 04:30,17-11-2024 05:00,Electrical Defect,Wheel spindle,29.9932003
Line-8,Machine-3,11-12-2024 01:00,11-12-2024 01:21,Electrical Defect,Relay Contactor,20.98880005
Line-8,Machine-3,13-12-2024 00:17,13-12-2024 01:17,Electrical Defect,Sensor Setting,60.01183319
Line-8,Machine-3,15-12-2024 23:57,16-12-2024 00:04,Electrical Defect,Robot,6.98813343
Line-8,Machine-3,16-12-2024 01:00,16-12-2024 01:26,Electrical Defect,Robot,26
Line-8,Machine-3,27-12-2024 02:36,27-12-2024 03:00,Electrical Defect,Sensor Setting,24
Line-8,Machine-3,27-12-2024 03:00,27-12-2024 03:28,Electrical Defect,Sensor Setting,28.00186729
Line-8,Machine-3,29-12-2024 01:00,29-12-2024 01:30,Electrical Defect,Robot,29.99769974
Line-8,Machine-3,02-02-2025 02:00,02-02-2025 02:10,Electrical Defect,Interlocking Alarm,9.999333382
Line-8,Machine-3,05-02-2025 04:51,05-02-2025 05:15,Electrical Defect,Relay Contactor,24.00028419
Line-8,Machine-3,07-02-2025 03:30,07-02-2025 03:45,Electrical Defect,Demag unit,15.00881672
Line-8,Machine-3,07-02-2025 23:00,07-02-2025 23:23,Electrical Defect,Demag unit,23.00623322
Line-8,Machine-3,19-02-2025 23:00,20-02-2025 02:06,Electrical Defect,Gauge head,186.0105438
Line-8,Machine-3,21-04-2025 01:05,21-04-2025 01:25,Electrical Defect,Sensor Setting,20.61221695
Line-8,Machine-4,19-11-2024 07:58,19-11-2024 08:08,Electrical Defect,Pneumatic,9.999333382
Line-8,Machine-4,19-11-2024 11:25,19-11-2024 11:35,Electrical Defect,Pneumatic,10.01321697
Line-8,Machine-4,22-11-2024 10:25,22-11-2024 10:30,Electrical Defect,Interlocking Alarm,5.009333134
Line-8,Machine-4,22-11-2024 13:20,22-11-2024 13:25,Electrical Defect,Interlocking Alarm,4.991583347
Line-8,Machine-4,23-11-2024 06:00,23-11-2024 06:35,Electrical Defect,Relay Contactor,34.99586487
Line-8,Machine-4,23-11-2024 07:00,23-11-2024 07:47,Electrical Defect,Relay Contactor,47.00603485
Line-8,Machine-4,23-11-2024 08:00,23-11-2024 08:30,Electrical Defect,Relay Contactor,29.99839973
Line-8,Machine-4,23-11-2024 09:00,23-11-2024 09:19,Electrical Defect,Relay Contactor,19.01048279
Line-8,Machine-4,25-11-2024 06:00,25-11-2024 11:30,Electrical Defect,Relay Contactor,329.9886475
Line-8,Machine-4,28-11-2024 12:30,28-11-2024 12:55,Electrical Defect,Relay Contactor,24.98653412
Line-8,Machine-4,30-11-2024 07:30,30-11-2024 07:56,Electrical Defect,Sensor Setting,25.99054909
Line-8,Machine-4,01-12-2024 08:00,01-12-2024 08:30,Electrical Defect,Interlocking Alarm,29.99749947
Line-8,Machine-4,30-12-2024 06:00,30-12-2024 07:00,Electrical Defect,Relay Contactor,59.99851608
Line-8,Machine-4,31-12-2024 06:00,31-12-2024 06:39,Electrical Defect,Relay Contactor,38.99391556
Line-8,Machine-4,31-12-2024 07:00,31-12-2024 11:57,Electrical Defect,Interlocking Alarm,297.8040466
Line-8,Machine-4,20-01-2025 06:00,20-01-2025 06:46,Electrical Defect,Intlet conveyor,46.00066757
Line-8,Machine-4,20-01-2025 07:00,20-01-2025 07:22,Electrical Defect,Intlet conveyor,21.99093246
Line-8,Machine-4,31-01-2025 08:00,31-01-2025 08:30,Electrical Defect,Relay Contactor,29.99324989
Line-8,Machine-4,31-01-2025 09:00,31-01-2025 09:44,Electrical Defect,Relay Contactor,43.99259949
Line-8,Machine-4,31-01-2025 10:30,31-01-2025 11:25,Electrical Defect,Relay Contactor,54.98659897
Line-8,Machine-4,31-01-2025 11:30,31-01-2025 12:20,Electrical Defect,Relay Contactor,50.00203323
Line-8,Machine-4,31-01-2025 07:46,31-01-2025 08:00,Electrical Defect,PLC,14.00853348
Line-8,Machine-4,01-02-2025 08:00,01-02-2025 08:17,Electrical Defect,Relay Contactor,16.99110031
Line-8,Machine-4,01-02-2025 09:00,01-02-2025 09:28,Electrical Defect,Relay Contactor,28.00548363
Line-8,Machine-4,03-02-2025 14:00,03-02-2025 14:30,Electrical Defect,Relay Contactor,30
Line-8,Machine-4,03-02-2025 11:50,03-02-2025 13:34,Electrical Defect,Solonoid Valve,104.6628189
Line-8,Machine-4,12-02-2025 13:00,12-02-2025 13:13,Electrical Defect,Interlocking Alarm,12.99919987
Line-8,Machine-4,13-02-2025 07:00,13-02-2025 07:43,Electrical Defect,Stone holder,42.99453354
Line-8,Machine-4,13-02-2025 09:00,13-02-2025 09:47,Electrical Defect,Stone holder,46.99253464
Line-8,Machine-4,13-02-2025 11:00,13-02-2025 11:25,Electrical Defect,Stone holder,24.99946594
Line-8,Machine-4,20-03-2025 06:00,20-03-2025 06:28,Electrical Defect,Interlocking Alarm,28.00073242
Line-8,Machine-4,27-04-2025 12:20,27-04-2025 12:32,Electrical Defect,Sensor Setting,11.99796677
Line-8,Machine-4,24-11-2024 21:00,24-11-2024 23:00,Electrical Defect,Relay Contactor,120
Line-8,Machine-4,06-01-2025 16:40,06-01-2025 16:56,Electrical Defect,Pneumatic,16.01213264
Line-8,Machine-4,06-01-2025 20:46,06-01-2025 21:00,Electrical Defect,Pneumatic,14.00248337
Line-8,Machine-4,18-01-2025 20:00,18-01-2025 21:32,Electrical Defect,Relay Contactor,92.00679779
Line-8,Machine-4,18-01-2025 17:00,18-01-2025 17:14,Electrical Defect,Servo Motor,14.00266647
Line-8,Machine-4,31-01-2025 14:30,31-01-2025 14:45,Electrical Defect,Pneumatic,14.99121666
Line-8,Machine-4,31-01-2025 17:00,31-01-2025 17:10,Electrical Defect,Pneumatic,10.00578308
Line-8,Machine-4,01-02-2025 15:00,01-02-2025 15:36,Electrical Defect,Stone(Honing) Pressure Unit,36.00106812
Line-8,Machine-4,11-02-2025 14:30,11-02-2025 19:00,Electrical Defect,Pneumatic,270.0096741
Line-8,Machine-4,14-02-2025 14:56,14-02-2025 15:30,Electrical Defect,Relay Contactor,33.99653244
Line-8,Machine-4,22-02-2025 22:30,22-02-2025 23:00,Electrical Defect,Hydrostatic System,30
Line-8,Machine-4,23-02-2025 15:35,23-02-2025 15:55,Electrical Defect,Hydraulic system,19.98773384
Line-8,Machine-4,28-02-2025 16:00,28-02-2025 16:21,Electrical Defect,Interlocking Alarm,20.99056625
Line-8,Machine-4,16-03-2025 14:30,16-03-2025 14:50,Electrical Defect,Sensor Setting,20.00306702
Line-8,Machine-4,30-04-2025 15:00,30-04-2025 15:22,Electrical Defect,Sensor Setting,22.01395035
Line-8,Machine-4,19-11-2024 02:30,19-11-2024 02:42,Electrical Defect,PLC,11.99558353
Line-8,Machine-4,18-11-2024 23:00,18-11-2024 23:50,Electrical Defect,Servo drive,50
Line-8,Machine-4,21-11-2024 04:00,21-11-2024 04:33,Electrical Defect,PLC Input,32.98943329
Line-8,Machine-4,27-11-2024 01:10,27-11-2024 01:22,Electrical Defect,Interlocking Alarm,11.99426651
Line-8,Machine-4,29-11-2024 03:05,29-11-2024 03:30,Electrical Defect,Relay Contactor,24.99040031
Line-8,Machine-4,29-11-2024 02:40,29-11-2024 03:00,Electrical Defect,Indexing unit,19.99616623
Line-8,Machine-4,29-11-2024 00:30,29-11-2024 00:40,Electrical Defect,Interlocking Alarm,10.00426674
Line-8,Machine-4,29-11-2024 05:00,29-11-2024 05:30,Electrical Defect,Interlocking Alarm,30
Line-8,Machine-4,01-12-2024 05:00,01-12-2024 05:16,Electrical Defect,Relay Contactor,15.98653316
Line-8,Machine-4,01-12-2024 01:30,01-12-2024 01:56,Electrical Defect,Interlocking Alarm,25.99961662
Line-8,Machine-4,01-12-2024 04:00,01-12-2024 04:27,Electrical Defect,Interlocking Alarm,26.99720001
Line-8,Machine-4,02-12-2024 00:00,02-12-2024 00:10,Electrical Defect,Relay Contactor,10.00546646
Line-8,Machine-4,02-12-2024 01:30,02-12-2024 01:40,Electrical Defect,Relay Contactor,10.00068378
Line-8,Machine-4,02-12-2024 02:10,02-12-2024 02:20,Electrical Defect,Relay Contactor,9.993332863
Line-8,Machine-4,02-12-2024 03:40,02-12-2024 03:50,Electrical Defect,Relay Contactor,9.995033264
Line-8,Machine-4,31-12-2024 05:00,31-12-2024 05:55,Electrical Defect,Transfer conveyor system,55.00513458
Line-8,Machine-4,02-02-2025 04:00,02-02-2025 04:10,Electrical Defect,Interlocking Alarm,10.00638294
Line-8,Machine-4,02-02-2025 05:00,02-02-2025 05:17,Electrical Defect,Interlocking Alarm,17.00805092
Line-8,Machine-4,05-02-2025 03:30,05-02-2025 04:00,Electrical Defect,Relay Contactor,30.00688362
Line-8,Machine-4,05-02-2025 05:36,05-02-2025 05:57,Electrical Defect,Relay Contactor,21
Line-8,Machine-4,05-02-2025 04:00,05-02-2025 04:30,Electrical Defect,Stone holder,29.9936676
Line-8,Machine-4,06-02-2025 01:00,06-02-2025 01:11,Electrical Defect,Relay Contactor,10.99318314
Line-8,Machine-4,06-02-2025 02:00,06-02-2025 02:26,Electrical Defect,Relay Contactor,25.99831581
Line-8,Machine-4,06-02-2025 05:26,06-02-2025 05:53,Electrical Defect,Relay Contactor,27
Line-8,Machine-4,08-02-2025 05:30,08-02-2025 05:40,Electrical Defect,Relay Contactor,10.00346661
Line-8,Machine-4,12-02-2025 00:00,12-02-2025 00:25,Electrical Defect,Pressure switch,25.0038166
Line-8,Machine-4,20-02-2025 03:23,20-02-2025 03:57,Electrical Defect,Interlocking Alarm,33.99708176
Line-8,Machine-4,27-02-2025 04:30,27-02-2025 04:59,Electrical Defect,Sensor Setting,28.99946594
Line-8,Machine-4,01-03-2025 02:00,01-03-2025 02:21,Electrical Defect,Sensor Setting,21.00083351
Line-8,Machine-4,17-03-2025 01:00,17-03-2025 03:00,Electrical Defect,Stone holder,120
Line-8,Machine-5,13-11-2024 06:00,13-11-2024 08:00,Electrical Defect,Regulating Wheel Dresser,119.985733
Line-8,Machine-5,13-11-2024 09:00,13-11-2024 10:30,Electrical Defect,Regulating Wheel Dresser,90.00458527
Line-8,Machine-5,14-11-2024 06:00,14-11-2024 07:00,Electrical Defect,Rotary Table,59.99000168
Line-8,Machine-5,20-11-2024 10:30,20-11-2024 11:20,Electrical Defect,Dresser unit,50.0096817
Line-8,Machine-5,02-12-2024 06:00,02-12-2024 06:20,Electrical Defect,Relay Contactor,19.99844933
Line-8,Machine-5,17-12-2024 06:00,17-12-2024 08:00,Electrical Defect,Relay Contactor,119.9986496
Line-8,Machine-5,18-12-2024 07:00,18-12-2024 07:10,Electrical Defect,Sensor Setting,9.987600327
Line-8,Machine-5,31-12-2024 06:00,31-12-2024 06:42,Electrical Defect,Loose Wiring,42.00016785
Line-8,Machine-5,08-01-2025 12:40,08-01-2025 12:55,Electrical Defect,Sensor Setting,14.99451637
Line-8,Machine-5,17-01-2025 10:00,17-01-2025 10:31,Electrical Defect,Sensor Setting,31.50153351
Line-8,Machine-5,12-02-2025 06:00,12-02-2025 14:30,Electrical Defect,Robot,510.4246216
Line-8,Machine-5,13-02-2025 06:00,13-02-2025 08:40,Electrical Defect,Chuck Magnet,159.9998932
Line-8,Machine-5,19-02-2025 12:44,19-02-2025 14:30,Electrical Defect,Robot,105.9991684
Line-8,Machine-5,25-02-2025 10:46,25-02-2025 12:08,Electrical Defect,PLC Input,81.98795319
Line-8,Machine-5,10-03-2025 12:30,10-03-2025 12:50,Electrical Defect,Relay Contactor,19.99796677
Line-8,Machine-5,10-03-2025 13:30,10-03-2025 14:00,Electrical Defect,Relay Contactor,30.00056648
Line-8,Machine-5,03-04-2025 06:30,03-04-2025 07:00,Electrical Defect,Relay Contactor,29.99881744
Line-8,Machine-5,03-04-2025 07:10,03-04-2025 08:00,Electrical Defect,Solonoid Valve,50.00546646
Line-8,Machine-5,03-04-2025 08:00,03-04-2025 08:37,Electrical Defect,Dresser unit,36.98733521
Line-8,Machine-5,20-04-2025 06:00,20-04-2025 07:30,Electrical Defect,Servo drive,90.00576782
Line-8,Machine-5,30-04-2025 06:00,30-04-2025 08:30,Electrical Defect,Solonoid Valve,149.9915771
Line-8,Machine-5,01-05-2025 11:28,01-05-2025 13:00,Electrical Defect,Flow switch,92.00845337
Line-8,Machine-5,01-12-2024 17:00,01-12-2024 17:30,Electrical Defect,Sensor Setting,30.00250053
Line-8,Machine-5,01-12-2024 21:00,01-12-2024 21:23,Electrical Defect,Sensor Setting,23.01156616
Line-8,Machine-5,01-12-2024 22:30,01-12-2024 22:46,Electrical Defect,Sensor Setting,16.35833359
Line-8,Machine-5,11-12-2024 22:00,11-12-2024 23:00,Electrical Defect,Gauge head,59.98961639
Line-8,Machine-5,13-12-2024 19:29,13-12-2024 19:59,Electrical Defect,Relay Contactor,30
Line-8,Machine-5,25-12-2024 16:30,25-12-2024 16:55,Electrical Defect,Gauge head,24.99946594
Line-8,Machine-5,15-01-2025 14:30,15-01-2025 16:30,Electrical Defect,Gauge head,120
Line-8,Machine-5,12-02-2025 14:30,12-02-2025 23:00,Electrical Defect,Relay Contactor,510
Line-8,Machine-5,13-02-2025 14:30,13-02-2025 15:30,Electrical Defect,Oscillation unit,60
Line-8,Machine-5,20-03-2025 18:30,20-03-2025 21:30,Electrical Defect,Robot,180
Line-8,Machine-5,07-04-2025 19:30,07-04-2025 19:50,Electrical Defect,Hand wheel Feed,19.99625015
Line-8,Machine-5,10-04-2025 22:10,10-04-2025 22:23,Electrical Defect,Interlocking Alarm,12.99569988
Line-8,Machine-5,18-04-2025 21:00,18-04-2025 22:30,Electrical Defect,Sensor Setting,90.00813293
Line-8,Machine-5,18-11-2024 03:45,18-11-2024 03:57,Electrical Defect,Relay Contactor,12.00030041
Line-8,Machine-5,01-12-2024 04:10,01-12-2024 05:30,Electrical Defect,Rotary Table,79.99266815
Line-8,Machine-5,21-12-2024 04:30,21-12-2024 06:00,Electrical Defect,Robot,90
Line-8,Machine-5,31-12-2024 05:00,31-12-2024 05:55,Electrical Defect,Sensor Setting,55.00616837
Line-8,Machine-5,12-02-2025 01:00,12-02-2025 01:42,Electrical Defect,Robot,41.98519897
Line-8,Machine-5,12-02-2025 05:30,12-02-2025 05:43,Electrical Defect,Robot,13.16376686
Line-8,Machine-5,12-02-2025 23:00,13-02-2025 04:30,Electrical Defect,Chuck Magnet,330
Line-8,Machine-5,08-03-2025 03:10,08-03-2025 03:35,Electrical Defect,Wheel spindle,24.99211693
Line-8,Machine-6,14-11-2024 13:30,14-11-2024 14:03,Electrical Defect,Work head unit,33.24863434
Line-8,Machine-6,23-11-2024 11:00,23-11-2024 14:30,Electrical Defect,Hydraulic system,210
Line-8,Machine-6,24-11-2024 06:00,24-11-2024 09:43,Electrical Defect,Relay Contactor,223.0150299
Line-8,Machine-6,28-11-2024 06:00,28-11-2024 06:31,Electrical Defect,Relay Contactor,31.01449966
Line-8,Machine-6,28-11-2024 10:30,28-11-2024 11:30,Electrical Defect,Relay Contactor,59.99203491
Line-8,Machine-6,11-12-2024 06:45,11-12-2024 07:00,Electrical Defect,Relay Contactor,15.00306702
Line-8,Machine-6,11-12-2024 06:25,11-12-2024 06:45,Electrical Defect,Stone holder,19.98394966
Line-8,Machine-6,12-12-2024 06:10,12-12-2024 06:28,Electrical Defect,Interlocking Alarm,18.01296616
Line-8,Machine-6,13-12-2024 07:00,13-12-2024 07:07,Electrical Defect,Interlocking Alarm,7
Line-8,Machine-6,14-12-2024 06:20,14-12-2024 06:28,Electrical Defect,Interlocking Alarm,8.00541687
Line-8,Machine-6,14-12-2024 07:20,14-12-2024 07:28,Electrical Defect,Interlocking Alarm,7.997083187
Line-8,Machine-6,14-12-2024 09:00,14-12-2024 09:06,Electrical Defect,Interlocking Alarm,6.003200054
Line-8,Machine-6,14-12-2024 12:00,14-12-2024 12:10,Electrical Defect,Interlocking Alarm,10.00373363
Line-8,Machine-6,14-12-2024 13:00,14-12-2024 13:06,Electrical Defect,Interlocking Alarm,6.00094986
Line-8,Machine-6,14-12-2024 14:00,14-12-2024 14:06,Electrical Defect,Interlocking Alarm,6.000816822
Line-8,Machine-6,06-01-2025 06:00,06-01-2025 06:21,Electrical Defect,Proximity switch,21.00443268
Line-8,Machine-6,17-01-2025 11:29,17-01-2025 11:38,Electrical Defect,Relay Contactor,9.212283134
Line-8,Machine-6,17-01-2025 11:40,17-01-2025 11:50,Electrical Defect,Hydraulic system,10.00959969
Line-8,Machine-6,20-01-2025 11:20,20-01-2025 11:28,Electrical Defect,Interlocking Alarm,8.001199722
Line-8,Machine-6,13-02-2025 09:00,13-02-2025 09:31,Electrical Defect,Interlocking Alarm,31.00194931
Line-8,Machine-6,13-02-2025 10:00,13-02-2025 10:20,Electrical Defect,Interlocking Alarm,19.99906731
Line-8,Machine-6,13-02-2025 11:00,13-02-2025 11:11,Electrical Defect,Interlocking Alarm,11.00426674
Line-8,Machine-6,13-02-2025 12:00,13-02-2025 12:14,Electrical Defect,Interlocking Alarm,13.99359989
Line-8,Machine-6,13-02-2025 13:00,13-02-2025 13:17,Electrical Defect,Interlocking Alarm,17.00478363
Line-8,Machine-6,13-02-2025 14:13,13-02-2025 14:30,Electrical Defect,Interlocking Alarm,17.00329971
Line-8,Machine-6,16-02-2025 07:00,16-02-2025 07:09,Electrical Defect,Relay Contactor,8.995866776
Line-8,Machine-6,16-02-2025 08:00,16-02-2025 08:09,Electrical Defect,Relay Contactor,9.004383087
Line-8,Machine-6,16-02-2025 10:30,16-02-2025 10:50,Electrical Defect,Relay Contactor,19.99961662
Line-8,Machine-6,16-02-2025 11:30,16-02-2025 11:40,Electrical Defect,Relay Contactor,10.00406647
Line-8,Machine-6,16-02-2025 12:30,16-02-2025 12:40,Electrical Defect,Relay Contactor,9.998450279
Line-8,Machine-6,10-03-2025 10:30,10-03-2025 10:51,Electrical Defect,Relay Contactor,20.99699974
Line-8,Machine-6,24-03-2025 10:05,24-03-2025 10:10,Electrical Defect,Pneumatic,4.993750095
Line-8,Machine-6,24-03-2025 08:00,24-03-2025 08:16,Electrical Defect,Transfer conveyor system,15.9984169
Line-8,Machine-6,24-03-2025 09:00,24-03-2025 09:10,Electrical Defect,Transfer conveyor system,10.00773335
Line-8,Machine-6,09-11-2024 17:45,09-11-2024 17:50,Electrical Defect,Pneumatic,4.993066788
Line-8,Machine-6,15-11-2024 15:00,15-11-2024 15:19,Electrical Defect,Interlocking Alarm,18.99653244
Line-8,Machine-6,15-11-2024 16:00,15-11-2024 16:08,Electrical Defect,Interlocking Alarm,8.003466606
Line-8,Machine-6,15-11-2024 17:00,15-11-2024 17:11,Electrical Defect,Interlocking Alarm,11.01280022
Line-8,Machine-6,21-11-2024 16:30,21-11-2024 16:58,Electrical Defect,Relay Contactor,27.99968338
Line-8,Machine-6,23-11-2024 14:30,23-11-2024 15:18,Electrical Defect,Relay Contactor,48.00543213
Line-8,Machine-6,23-11-2024 17:30,23-11-2024 17:58,Electrical Defect,Relay Contactor,28.01280022
Line-8,Machine-6,30-11-2024 14:55,30-11-2024 15:15,Electrical Defect,Work head slide,19.99094963
Line-8,Machine-6,30-11-2024 16:15,30-11-2024 16:30,Electrical Defect,Work head slide,14.99066639
Line-8,Machine-6,30-11-2024 21:45,30-11-2024 22:04,Electrical Defect,Sensor Setting,18.9988327
Line-8,Machine-6,04-12-2024 20:05,04-12-2024 20:35,Electrical Defect,Pneumatic,30.48041725
Line-8,Machine-6,04-12-2024 21:00,04-12-2024 21:36,Electrical Defect,Pneumatic,36.67178345
Line-8,Machine-6,15-12-2024 21:00,15-12-2024 21:06,Electrical Defect,PLC Input,6.001866817
Line-8,Machine-6,15-12-2024 22:00,15-12-2024 22:06,Electrical Defect,PLC Input,6.001433372
Line-8,Machine-6,01-01-2025 20:00,01-01-2025 23:00,Electrical Defect,Stone(Honing) Pressure Unit,180.002182
Line-8,Machine-6,18-01-2025 20:00,18-01-2025 20:05,Electrical Defect,Relay Contactor,4.988666534
Line-8,Machine-6,18-01-2025 21:00,18-01-2025 21:05,Electrical Defect,Relay Contactor,4.99426651
Line-8,Machine-6,13-02-2025 15:30,13-02-2025 15:53,Electrical Defect,Oscillation unit,22.99360085
Line-8,Machine-6,13-02-2025 16:30,13-02-2025 16:58,Electrical Defect,Oscillation unit,28.01535034
Line-8,Machine-6,13-02-2025 18:30,13-02-2025 18:54,Electrical Defect,Oscillation unit,23.99905014
Line-8,Machine-6,08-03-2025 14:30,08-03-2025 16:30,Electrical Defect,Sensor Setting,119.9969635
Line-8,Machine-6,27-04-2025 15:27,27-04-2025 15:46,Electrical Defect,Sensor Setting,19.57335091
Line-8,Machine-6,21-11-2024 04:30,21-11-2024 04:40,Electrical Defect,PLC Input,10.00304985
Line-8,Machine-6,24-11-2024 01:04,24-11-2024 06:00,Electrical Defect,Pneumatic,296.0093384
Line-8,Machine-6,27-11-2024 04:00,27-11-2024 04:10,Electrical Defect,Interlocking Alarm,9.995316505
Line-8,Machine-6,29-11-2024 05:00,29-11-2024 05:14,Electrical Defect,Interlocking Alarm,14.00479984
Line-8,Machine-6,01-12-2024 01:00,01-12-2024 01:10,Electrical Defect,Interlocking Alarm,9.99881649
Line-8,Machine-6,01-01-2025 23:00,02-01-2025 00:32,Electrical Defect,Stone(Honing) Pressure Unit,92
Line-8,Machine-6,09-01-2025 23:30,09-01-2025 23:40,Electrical Defect,Interlocking Alarm,10.01066685
Line-8,Machine-6,11-02-2025 23:00,11-02-2025 23:36,Electrical Defect,Oscillation unit,36.2833519
Line-8,Machine-6,12-02-2025 00:00,12-02-2025 00:30,Electrical Defect,Oscillation unit,29.99970055
Line-8,Machine-6,12-02-2025 02:30,12-02-2025 02:59,Electrical Defect,PLC Input,28.98749924
Line-8,Machine-6,12-02-2025 03:30,12-02-2025 04:10,Electrical Defect,PLC Input,40.00468445
Line-8,Machine-6,12-02-2025 04:30,12-02-2025 05:15,Electrical Defect,PLC Input,45.01251602
Line-8,Machine-6,01-03-2025 02:02,01-03-2025 02:16,Electrical Defect,Sensor Setting,14.28184986
Line-8,Machine-6,01-04-2025 23:20,01-04-2025 23:29,Electrical Defect,Interlocking Alarm,8.99936676
Line-8,Machine-6,04-04-2025 01:00,04-04-2025 01:18,Electrical Defect,Relay Contactor,18.00519943
Line-8,Machine-6,04-04-2025 00:00,04-04-2025 00:16,Electrical Defect,Interlocking Alarm,15.99986649
Line-8,Machine-6,04-04-2025 02:00,04-04-2025 02:16,Electrical Defect,Interlocking Alarm,15.99855042
Line-8,Machine-6,04-04-2025 05:30,04-04-2025 05:40,Electrical Defect,Interlocking Alarm,10.0028162
Line-8,Machine-6,06-04-2025 02:00,06-04-2025 02:40,Electrical Defect,Interlocking Alarm,39.99508286
Line-8,Machine-6,20-04-2025 03:30,20-04-2025 06:00,Electrical Defect,Work head unit,150.5735779
Line-8,Machine-6,24-04-2025 23:00,24-04-2025 23:13,Electrical Defect,Interlocking Alarm,12.99973297
Line-8,Machine-6,25-04-2025 00:00,25-04-2025 00:10,Electrical Defect,Interlocking Alarm,9.998999596
Line-8,Machine-6,25-04-2025 02:30,25-04-2025 02:39,Electrical Defect,Interlocking Alarm,8.991433144
Line-8,Machine-6,29-04-2025 02:00,29-04-2025 02:52,Electrical Defect,Stone holder,51.99941635
Line-3,Machine-7,12-11-2024 06:50,12-11-2024 06:57,Electrical Defect,PP Gauge UNIT,6.599883556
Line-3,Machine-7,21-11-2024 07:03,21-11-2024 07:18,Electrical Defect,Gauge Amplifier,14.91390038
Line-3,Machine-7,11-12-2024 06:35,11-12-2024 06:51,Electrical Defect,Sensor Setting,15.98324966
Line-3,Machine-7,21-12-2024 08:30,21-12-2024 08:47,Electrical Defect,PP Gauge UNIT,17.00346756
Line-3,Machine-7,26-12-2024 09:42,26-12-2024 09:47,Electrical Defect,PP Gauge UNIT,5.656383514
Line-3,Machine-7,20-01-2025 07:57,20-01-2025 08:42,Electrical Defect,Relay Contactor,44.97211838
Line-3,Machine-7,24-01-2025 08:42,24-01-2025 08:47,Electrical Defect,PP Gauge UNIT,5.151850224
Line-3,Machine-7,24-01-2025 10:06,24-01-2025 10:15,Electrical Defect,PP Gauge UNIT,8.583316803
Line-3,Machine-7,24-01-2025 07:30,24-01-2025 07:48,Electrical Defect,Sensor Setting,18.3045826
Line-3,Machine-7,30-01-2025 12:39,30-01-2025 12:54,Electrical Defect,Gauge Amplifier,14.76274967
Line-3,Machine-7,06-03-2025 12:00,06-03-2025 12:31,Electrical Defect,PP Gauge UNIT,31.06831741
Line-3,Machine-7,06-03-2025 13:13,06-03-2025 13:21,Electrical Defect,PP Gauge UNIT,8.53164959
Line-3,Machine-7,06-03-2025 13:43,06-03-2025 13:53,Electrical Defect,PP Gauge UNIT,10.41053295
Line-3,Machine-7,06-03-2025 14:20,06-03-2025 14:30,Electrical Defect,PP Gauge UNIT,9.680366516
Line-3,Machine-7,08-03-2025 10:34,08-03-2025 10:41,Electrical Defect,Machine Control Panel,6.960149765
Line-3,Machine-7,08-03-2025 10:53,08-03-2025 11:13,Electrical Defect,Machine Control Panel,20.77018356
Line-3,Machine-7,15-03-2025 06:00,15-03-2025 07:46,Electrical Defect,Intlet conveyor,106.0134201
Line-3,Machine-7,24-03-2025 08:46,24-03-2025 08:52,Electrical Defect,PP Gauge UNIT,6.872266769
Line-3,Machine-7,27-03-2025 13:27,27-03-2025 14:01,Electrical Defect,Servo Motor,34.13698196
Line-3,Machine-7,03-04-2025 14:00,03-04-2025 14:12,Electrical Defect,PP Gauge UNIT,11.12581635
Line-3,Machine-7,10-04-2025 09:16,10-04-2025 09:26,Electrical Defect,PP Gauge UNIT,10.67941666
Line-3,Machine-7,10-04-2025 09:28,10-04-2025 09:38,Electrical Defect,PP Gauge UNIT,9.679416656
Line-3,Machine-7,10-04-2025 09:00,10-04-2025 09:12,Electrical Defect,Transfer conveyor system,11.25331688
Line-3,Machine-7,15-04-2025 06:53,15-04-2025 06:58,Electrical Defect,PP Gauge UNIT,5.184383392
Line-3,Machine-7,15-04-2025 07:20,15-04-2025 07:27,Electrical Defect,PP Gauge UNIT,6.397699833
Line-3,Machine-7,17-04-2025 11:19,17-04-2025 11:35,Electrical Defect,Relay Contactor,15.90316677
Line-3,Machine-7,17-04-2025 07:21,17-04-2025 07:35,Electrical Defect,PP Gauge UNIT,13.50105
Line-3,Machine-7,04-11-2024 15:54,04-11-2024 16:00,Electrical Defect,PP Gauge UNIT,5.957083225
Line-3,Machine-7,05-12-2024 20:08,05-12-2024 20:20,Electrical Defect,PP Gauge UNIT,11.76739979
Line-3,Machine-7,06-12-2024 19:16,06-12-2024 19:54,Electrical Defect,Relay Contactor,38.56313324
Line-3,Machine-7,08-12-2024 18:12,08-12-2024 18:27,Electrical Defect,Work head slide,14.19921684
Line-3,Machine-7,25-12-2024 17:49,25-12-2024 17:57,Electrical Defect,PP Gauge UNIT,8.002133369
Line-3,Machine-7,13-01-2025 14:30,13-01-2025 14:35,Electrical Defect,PP Gauge UNIT,5.185416698
Line-3,Machine-7,16-01-2025 18:11,16-01-2025 18:20,Electrical Defect,PP Gauge UNIT,8.624583244
Line-3,Machine-7,16-01-2025 20:46,16-01-2025 20:54,Electrical Defect,PP Gauge UNIT,8.425749779
Line-3,Machine-7,17-01-2025 19:20,17-01-2025 19:26,Electrical Defect,Motor,5.501933098
Line-3,Machine-7,17-01-2025 20:24,17-01-2025 20:30,Electrical Defect,Motor,6.428866863
Line-3,Machine-7,17-01-2025 22:35,17-01-2025 23:00,Electrical Defect,Motor,25.05903244
Line-3,Machine-7,21-02-2025 22:38,21-02-2025 22:46,Electrical Defect,Relay Contactor,8.622282982
Line-3,Machine-7,09-03-2025 16:25,09-03-2025 17:21,Electrical Defect,Work head unit,55.59863281
Line-3,Machine-7,21-03-2025 16:32,21-03-2025 16:39,Electrical Defect,Sensor Setting,7.444116592
Line-3,Machine-7,21-03-2025 18:46,21-03-2025 18:56,Electrical Defect,Sensor Setting,10.30405045
Line-3,Machine-7,28-03-2025 18:06,28-03-2025 18:43,Electrical Defect,Overload Current,37.17843246
Line-3,Machine-7,29-03-2025 17:58,29-03-2025 18:23,Electrical Defect,Relay Contactor,24.57976723
Line-3,Machine-7,13-04-2025 19:31,13-04-2025 19:51,Electrical Defect,PP Gauge UNIT,19.95154953
Line-3,Machine-7,14-04-2025 16:30,14-04-2025 16:35,Electrical Defect,PP Gauge UNIT,5.353833199
Line-3,Machine-7,18-04-2025 16:54,18-04-2025 16:59,Electrical Defect,PP Gauge UNIT,5.144849777
Line-3,Machine-7,22-04-2025 21:26,22-04-2025 21:33,Electrical Defect,PP Gauge UNIT,7.229066849
Line-3,Machine-7,23-04-2025 16:39,23-04-2025 16:57,Electrical Defect,Chuck Magnet,18.35458374
Line-3,Machine-7,24-04-2025 18:13,24-04-2025 18:45,Electrical Defect,PP Gauge UNIT,32.64875031
Line-3,Machine-7,18-11-2024 00:40,18-11-2024 00:52,Electrical Defect,PP Gauge UNIT,12.46883297
Line-3,Machine-7,18-12-2024 00:11,18-12-2024 00:17,Electrical Defect,PP Gauge UNIT,5.800666809
Line-3,Machine-7,18-12-2024 01:06,18-12-2024 01:12,Electrical Defect,PP Gauge UNIT,5.962749958
Line-3,Machine-7,17-01-2025 23:25,17-01-2025 23:43,Electrical Defect,Transfer conveyor system,18.20643425
Line-3,Machine-7,24-01-2025 05:48,24-01-2025 06:00,Electrical Defect,Sensor Setting,11.78508377
Line-3,Machine-7,07-02-2025 05:17,07-02-2025 05:26,Electrical Defect,Overload Current,8.949266434
Line-3,Machine-7,08-02-2025 03:14,08-02-2025 03:23,Electrical Defect,PP Gauge UNIT,8.473816872
Line-3,Machine-7,08-02-2025 03:26,08-02-2025 03:31,Electrical Defect,PP Gauge UNIT,5.03061676
Line-3,Machine-7,11-02-2025 03:24,11-02-2025 03:36,Electrical Defect,Relay Contactor,12.38068295
Line-3,Machine-7,09-03-2025 23:56,10-03-2025 00:08,Electrical Defect,PP Gauge UNIT,11.96940041
Line-3,Machine-7,13-03-2025 00:47,13-03-2025 00:53,Electrical Defect,PP Gauge UNIT,5.808933258
Line-3,Machine-7,08-04-2025 01:25,08-04-2025 02:43,Electrical Defect,Dresser unit,78.12049866
Line-3,Machine-7,15-04-2025 00:55,15-04-2025 01:19,Electrical Defect,PP Gauge UNIT,24.2912159
Line-3,Machine-7,16-04-2025 23:00,17-04-2025 02:04,Electrical Defect,Overload Current,184.3045959
Line-3,Machine-7,17-04-2025 04:22,17-04-2025 05:27,Electrical Defect,Chuck Magnet,64.8506012
Line-1,Machine-8,20-11-2024 09:44,20-11-2024 10:31,Electrical Defect,Jump Cylinder Unit,47.3783989
Line-1,Machine-8,20-11-2024 10:32,20-11-2024 10:57,Electrical Defect,Jump Cylinder Unit,25.30133247
Line-1,Machine-8,19-12-2024 07:40,19-12-2024 07:50,Electrical Defect,Dresser unit,10.46938324
Line-1,Machine-8,19-12-2024 07:51,19-12-2024 07:57,Electrical Defect,Dresser unit,5.879716873
Line-1,Machine-8,19-12-2024 08:41,19-12-2024 08:48,Electrical Defect,Dresser unit,7.050300121
Line-1,Machine-8,19-12-2024 09:09,19-12-2024 09:15,Electrical Defect,Dresser unit,6.348133564
Line-1,Machine-8,19-12-2024 12:40,19-12-2024 12:57,Electrical Defect,Dresser unit,16.63233376
Line-1,Machine-8,17-01-2025 11:37,17-01-2025 12:15,Electrical Defect,Gauge head,37.54436493
Line-1,Machine-8,28-01-2025 09:51,28-01-2025 10:45,Electrical Defect,Solonoid Valve,54.47816849
Line-1,Machine-8,28-01-2025 10:51,28-01-2025 11:12,Electrical Defect,Solonoid Valve,20.73925018
Line-1,Machine-8,03-02-2025 06:00,03-02-2025 06:06,Electrical Defect,Relay Contactor,6.380849838
Line-1,Machine-8,03-02-2025 06:06,03-02-2025 06:31,Electrical Defect,Cylinder malfunction,25.02428246
Line-1,Machine-8,03-02-2025 06:31,03-02-2025 06:36,Electrical Defect,Cylinder malfunction,5.000283241
Line-1,Machine-8,03-02-2025 06:36,03-02-2025 06:59,Electrical Defect,Cylinder malfunction,22.83864975
Line-1,Machine-8,06-02-2025 06:36,06-02-2025 06:42,Electrical Defect,Sensor Setting,6.294666767
Line-1,Machine-8,06-02-2025 07:37,06-02-2025 07:48,Electrical Defect,Sensor Setting,11.05756664
Line-1,Machine-8,05-03-2025 11:33,05-03-2025 11:41,Electrical Defect,Gauge head,8.916633606
Line-1,Machine-8,05-03-2025 12:32,05-03-2025 14:14,Electrical Defect,Gauge head,101.7167816
Line-1,Machine-8,05-03-2025 14:15,05-03-2025 14:25,Electrical Defect,Gauge head,10.54213333
Line-1,Machine-8,17-03-2025 09:33,17-03-2025 11:24,Electrical Defect,Dresser unit,110.9123993
Line-1,Machine-8,18-03-2025 07:20,18-03-2025 08:46,Electrical Defect,Traverse Unit,85.31121826
Line-1,Machine-8,18-03-2025 08:50,18-03-2025 08:56,Electrical Defect,Traverse Unit,6.08833313
Line-1,Machine-8,18-03-2025 09:12,18-03-2025 09:30,Electrical Defect,Traverse Unit,18.80191612
Line-1,Machine-8,30-03-2025 07:50,30-03-2025 08:46,Electrical Defect,Relay Contactor,55.68848419
Line-1,Machine-8,01-04-2025 09:56,01-04-2025 10:20,Electrical Defect,Sensor Setting,24.18196678
Line-1,Machine-8,12-12-2024 21:38,12-12-2024 22:29,Electrical Defect,Rotary Table,51.04331589
Line-1,Machine-8,12-12-2024 22:38,12-12-2024 23:00,Electrical Defect,Rotary Table,22.03750038
Line-1,Machine-8,16-12-2024 15:01,16-12-2024 18:03,Electrical Defect,Relay Contactor,181.9030762
Line-1,Machine-8,24-12-2024 16:30,24-12-2024 16:36,Electrical Defect,Dresser unit,5.765633106
Line-1,Machine-8,18-01-2025 21:57,18-01-2025 23:00,Electrical Defect,Relay Contactor,62.2185173
Line-1,Machine-8,27-01-2025 19:13,27-01-2025 23:00,Electrical Defect,Gauge head,226.3391266
Line-1,Machine-8,28-01-2025 14:59,28-01-2025 15:53,Electrical Defect,Gauge head,53.78948212
Line-1,Machine-8,05-03-2025 17:32,05-03-2025 17:45,Electrical Defect,Relay Contactor,12.86346626
Line-1,Machine-8,05-03-2025 19:17,05-03-2025 19:24,Electrical Defect,Relay Contactor,7.722283363
Line-1,Machine-8,07-03-2025 22:52,07-03-2025 23:00,Electrical Defect,Overload Current,7.945883274
Line-1,Machine-8,12-03-2025 20:41,12-03-2025 22:50,Electrical Defect,Relay Contactor,128.7645264
Line-1,Machine-8,15-03-2025 16:50,15-03-2025 20:42,Electrical Defect,Dresser unit,232.1354218
Line-1,Machine-8,15-03-2025 20:49,15-03-2025 21:38,Electrical Defect,Dresser unit,49.56233215
Line-1,Machine-8,15-03-2025 21:38,15-03-2025 23:00,Electrical Defect,Dresser unit,81.12588501
Line-1,Machine-8,26-03-2025 18:36,26-03-2025 19:16,Electrical Defect,Dresser unit,40
Line-1,Machine-8,27-04-2025 17:09,27-04-2025 17:24,Electrical Defect,Sensor Setting,15.29138374
Line-1,Machine-8,01-05-2025 14:30,01-05-2025 14:45,Electrical Defect,Overload Current,15.05261707
Line-1,Machine-8,12-11-2024 04:36,12-11-2024 04:52,Electrical Defect,Sensor Setting,16.73965073
Line-1,Machine-8,21-11-2024 02:33,21-11-2024 04:05,Electrical Defect,Relay Contactor,91.68543243
Line-1,Machine-8,21-11-2024 01:23,21-11-2024 01:30,Electrical Defect,Traverse Unit,6.700666904
Line-1,Machine-8,27-11-2024 00:26,27-11-2024 00:36,Electrical Defect,Overload Current,10.48251629
Line-1,Machine-8,30-11-2024 04:48,30-11-2024 04:59,Electrical Defect,Relay Contactor,11.62450027
Line-1,Machine-8,30-11-2024 05:34,30-11-2024 05:44,Electrical Defect,Relay Contactor,10.37263298
Line-1,Machine-8,30-11-2024 04:16,30-11-2024 04:39,Electrical Defect,Sensor Setting,22.78223419
Line-1,Machine-8,30-11-2024 05:04,30-11-2024 05:24,Electrical Defect,Sensor Setting,20.73303413
Line-1,Machine-8,06-12-2024 04:15,06-12-2024 04:31,Electrical Defect,Relay Contactor,15.96494961
Line-1,Machine-8,12-12-2024 23:00,13-12-2024 00:15,Electrical Defect,Dresser unit,75.41365051
Line-1,Machine-8,13-12-2024 00:19,13-12-2024 00:30,Electrical Defect,Dresser unit,10.50286674
Line-1,Machine-8,18-12-2024 05:37,18-12-2024 06:00,Electrical Defect,Dresser unit,22.52350044
Line-1,Machine-8,19-12-2024 00:11,19-12-2024 01:17,Electrical Defect,SF Unit,65.61171722
Line-1,Machine-8,28-12-2024 02:27,28-12-2024 02:46,Electrical Defect,Relay Contactor,19.39545059
Line-1,Machine-8,28-12-2024 02:48,28-12-2024 02:54,Electrical Defect,Relay Contactor,6.04640007
Line-1,Machine-8,17-01-2025 04:17,17-01-2025 04:30,Electrical Defect,Relay Contactor,12.70581627
Line-1,Machine-8,17-01-2025 04:30,17-01-2025 04:39,Electrical Defect,Sensor Setting,8.487883568
Line-1,Machine-8,18-01-2025 23:00,19-01-2025 05:03,Electrical Defect,Rotary Table,363.7930603
Line-1,Machine-8,28-01-2025 00:38,28-01-2025 03:59,Electrical Defect,Gauge head,200.8338623
Line-1,Machine-8,28-01-2025 04:55,28-01-2025 05:01,Electrical Defect,Gauge head,6.330866814
Line-1,Machine-8,27-01-2025 23:00,28-01-2025 00:11,Electrical Defect,Gauge Amplifier,71.46766663
Line-1,Machine-8,28-01-2025 05:05,28-01-2025 06:00,Electrical Defect,Gauge Amplifier,55.04746628
Line-1,Machine-8,04-02-2025 02:08,04-02-2025 03:00,Electrical Defect,Demag unit,51.64121628
Line-1,Machine-8,12-02-2025 02:16,12-02-2025 02:22,Electrical Defect,Gauge head,6.387949944
Line-1,Machine-8,12-02-2025 02:29,12-02-2025 02:35,Electrical Defect,Gauge head,6.240216732
Line-1,Machine-8,12-02-2025 02:42,12-02-2025 02:54,Electrical Defect,Gauge head,11.89248371
Line-1,Machine-8,23-02-2025 00:04,23-02-2025 00:38,Electrical Defect,Dresser unit,34.46043396
Line-1,Machine-8,06-03-2025 00:05,06-03-2025 00:25,Electrical Defect,Traverse Unit,20.26819992
Line-1,Machine-8,06-03-2025 01:01,06-03-2025 01:08,Electrical Defect,Traverse Unit,7.591549873
Line-1,Machine-8,06-03-2025 01:33,06-03-2025 01:52,Electrical Defect,Traverse Unit,19.5576992
Line-1,Machine-8,06-03-2025 02:48,06-03-2025 02:59,Electrical Defect,Traverse Unit,11.12749958
Line-1,Machine-8,18-03-2025 01:38,18-03-2025 01:44,Electrical Defect,Relay Contactor,5.50425005
Line-1,Machine-8,18-03-2025 02:21,18-03-2025 02:31,Electrical Defect,Relay Contactor,10.45370007
Line-1,Machine-8,18-03-2025 02:32,18-03-2025 03:31,Electrical Defect,Relay Contactor,59.29701614
Line-1,Machine-8,18-03-2025 01:56,18-03-2025 02:19,Electrical Defect,Servo drive,23.27330017
Line-1,Machine-8,28-03-2025 23:57,29-03-2025 00:03,Electrical Defect,Transfer conveyor system,6.080866814
Line-1,Machine-8,29-03-2025 00:28,29-03-2025 00:39,Electrical Defect,Transfer conveyor system,10.53754997
Line-1,Machine-8,04-04-2025 03:59,04-04-2025 04:15,Electrical Defect,Dresser unit,16.02829933
Line-7,Machine-9,15-11-2024 10:58,15-11-2024 11:04,Electrical Defect,PP Gauge UNIT,5.298099995
Line-7,Machine-9,28-11-2024 09:55,28-11-2024 10:00,Electrical Defect,Oscillation unit,5.789649963
Line-7,Machine-9,28-11-2024 10:11,28-11-2024 10:19,Electrical Defect,Oscillation unit,7.800600052
Line-7,Machine-9,28-11-2024 10:42,28-11-2024 11:20,Electrical Defect,Servo Motor,37.4392662
Line-7,Machine-9,28-11-2024 12:25,28-11-2024 12:35,Electrical Defect,Servo Motor,10.1652832
Line-7,Machine-9,30-11-2024 06:06,30-11-2024 06:13,Electrical Defect,Oscillation unit,7.606066704
Line-7,Machine-9,30-11-2024 12:09,30-11-2024 12:19,Electrical Defect,Oscillation unit,10.09893322
Line-7,Machine-9,03-12-2024 13:23,03-12-2024 13:55,Electrical Defect,Relay Contactor,31.7932663
Line-7,Machine-9,03-12-2024 08:44,03-12-2024 09:06,Electrical Defect,Traverse Unit,21.86611748
Line-7,Machine-9,03-12-2024 12:33,03-12-2024 12:47,Electrical Defect,Traverse Unit,13.70164967
Line-7,Machine-9,10-12-2024 11:24,10-12-2024 11:31,Electrical Defect,PP Gauge UNIT,6.400100231
Line-7,Machine-9,13-12-2024 11:16,13-12-2024 11:21,Electrical Defect,PP Gauge UNIT,5.302966595
Line-7,Machine-9,13-12-2024 13:54,13-12-2024 14:06,Electrical Defect,PP Gauge UNIT,11.20596695
Line-7,Machine-9,17-12-2024 11:47,17-12-2024 12:10,Electrical Defect,Flow switch,22.3548336
Line-7,Machine-9,03-02-2025 09:59,03-02-2025 10:10,Electrical Defect,PP Gauge UNIT,10.69054985
Line-7,Machine-9,07-02-2025 06:11,07-02-2025 06:17,Electrical Defect,PP Gauge UNIT,6.038466454
Line-7,Machine-9,16-02-2025 08:37,16-02-2025 08:42,Electrical Defect,PP Gauge UNIT,5.67508316
Line-7,Machine-9,16-02-2025 09:51,16-02-2025 09:57,Electrical Defect,PP Gauge UNIT,5.8461833
Line-7,Machine-9,20-02-2025 10:45,20-02-2025 10:57,Electrical Defect,PP Gauge UNIT,11.56203365
Line-7,Machine-9,22-02-2025 12:36,22-02-2025 12:49,Electrical Defect,PP Gauge UNIT,13.32536697
Line-7,Machine-9,26-02-2025 07:19,26-02-2025 07:26,Electrical Defect,Chuck Magnet,6.998116493
Line-7,Machine-9,10-03-2025 13:07,10-03-2025 13:12,Electrical Defect,Transfer conveyor system,5.016833305
Line-7,Machine-9,23-04-2025 09:54,23-04-2025 10:01,Electrical Defect,Servo Motor,6.999750137
Line-7,Machine-9,23-04-2025 10:10,23-04-2025 10:58,Electrical Defect,Servo Motor,48.31651688
Line-7,Machine-9,26-04-2025 11:43,26-04-2025 12:13,Electrical Defect,Servo Motor,30.52415085
Line-7,Machine-9,12-11-2024 14:48,12-11-2024 14:57,Electrical Defect,Stone(Honing) Pressure Unit,9.370300293
Line-7,Machine-9,29-11-2024 14:48,29-11-2024 15:08,Electrical Defect,Relay Contactor,19.71736717
Line-7,Machine-9,02-12-2024 14:30,02-12-2024 14:41,Electrical Defect,PP Gauge UNIT,10.64658356
Line-7,Machine-9,12-12-2024 17:49,12-12-2024 18:01,Electrical Defect,PP Gauge UNIT,11.87671661
Line-7,Machine-9,15-12-2024 18:59,15-12-2024 19:05,Electrical Defect,PP Gauge UNIT,5.446683407
Line-7,Machine-9,21-12-2024 16:48,21-12-2024 16:58,Electrical Defect,PP Gauge UNIT,10.44936657
Line-7,Machine-9,15-01-2025 20:21,15-01-2025 20:27,Electrical Defect,Sensor Setting,5.399716854
Line-7,Machine-9,16-01-2025 17:50,16-01-2025 17:55,Electrical Defect,PP Gauge UNIT,5.328249931
Line-7,Machine-9,16-01-2025 19:24,16-01-2025 19:31,Electrical Defect,PP Gauge UNIT,6.895933151
Line-7,Machine-9,23-01-2025 19:51,23-01-2025 19:59,Electrical Defect,PP Gauge UNIT,8.116499901
Line-7,Machine-9,06-02-2025 16:23,06-02-2025 16:37,Electrical Defect,PP Gauge UNIT,13.42888355
Line-7,Machine-9,08-02-2025 20:01,08-02-2025 20:31,Electrical Defect,Machine Control Panel,30.0382328
Line-7,Machine-9,15-02-2025 14:57,15-02-2025 15:02,Electrical Defect,Relay Contactor,5.056483269
Line-7,Machine-9,15-02-2025 15:14,15-02-2025 15:31,Electrical Defect,Relay Contactor,16.65130043
Line-7,Machine-9,25-02-2025 22:31,25-02-2025 23:00,Electrical Defect,Chuck Magnet,28.87895012
Line-7,Machine-9,01-04-2025 22:18,01-04-2025 22:24,Electrical Defect,PP Gauge UNIT,6.447266579
Line-7,Machine-9,22-11-2024 00:32,22-11-2024 00:57,Electrical Defect,PLC,25.04401588
Line-7,Machine-9,12-12-2024 23:20,12-12-2024 23:26,Electrical Defect,PP Gauge UNIT,5.346549988
Line-7,Machine-9,31-12-2024 00:01,31-12-2024 00:27,Electrical Defect,Sensor Setting,25.7844162
Line-7,Machine-9,07-02-2025 23:00,07-02-2025 23:12,Electrical Defect,PP Gauge UNIT,12.40425014
Line-7,Machine-9,25-02-2025 23:00,25-02-2025 23:09,Electrical Defect,Relay Contactor,9.514499664
Line-7,Machine-9,26-02-2025 01:15,26-02-2025 01:25,Electrical Defect,Relay Contactor,10.16174984
Line-7,Machine-9,09-03-2025 23:22,09-03-2025 23:27,Electrical Defect,PP Gauge UNIT,5.007716656
Line-7,Machine-9,10-03-2025 04:19,10-03-2025 04:25,Electrical Defect,PP Gauge UNIT,5.822216511
Line-7,Machine-9,18-03-2025 04:24,18-03-2025 05:02,Electrical Defect,Relay Contactor,38.24386597
Line-7,Machine-9,01-04-2025 04:55,01-04-2025 05:04,Electrical Defect,PP Gauge UNIT,8.367166519
Line-7,Machine-9,15-04-2025 23:49,16-04-2025 00:01,Electrical Defect,Sensor Setting,11.61646652
Line-7,Machine-9,26-04-2025 03:42,26-04-2025 04:15,Electrical Defect,Slide Lock,33.19658279
Line-7,Machine-9,30-04-2025 00:33,30-04-2025 00:40,Electrical Defect,PP Gauge UNIT,7.062200069
Line-2,Machine-10,12-11-2024 06:00,12-11-2024 06:43,Electrical Defect,Gauge head,43.40330124
Line-2,Machine-10,12-11-2024 06:49,12-11-2024 07:48,Electrical Defect,Gauge head,59.9239502
Line-2,Machine-10,21-12-2024 12:52,21-12-2024 12:57,Electrical Defect,Relay Contactor,5.488349915
Line-2,Machine-10,21-12-2024 13:21,21-12-2024 13:33,Electrical Defect,Relay Contactor,12.28211689
Line-2,Machine-10,29-01-2025 06:49,29-01-2025 07:43,Electrical Defect,Stone(Honing) Pressure Unit,53.35359955
Line-2,Machine-10,29-01-2025 08:40,29-01-2025 09:10,Electrical Defect,Stone(Honing) Pressure Unit,29.96694946
Line-2,Machine-10,29-01-2025 09:55,29-01-2025 10:19,Electrical Defect,Stone(Honing) Pressure Unit,23.50248337
Line-2,Machine-10,04-02-2025 10:48,04-02-2025 11:01,Electrical Defect,Sensor Setting,12.48568344
Line-2,Machine-10,06-02-2025 06:18,06-02-2025 06:46,Electrical Defect,Relay Contactor,27.7250824
Line-2,Machine-10,10-02-2025 13:23,10-02-2025 13:31,Electrical Defect,Relay Contactor,8.461266518
Line-2,Machine-10,10-02-2025 13:32,10-02-2025 13:43,Electrical Defect,Overload Current,11.08761692
Line-2,Machine-10,13-02-2025 13:40,13-02-2025 14:02,Electrical Defect,Dresser unit,22.57011604
Line-2,Machine-10,28-03-2025 07:31,28-03-2025 07:46,Electrical Defect,Sensor Setting,14.75078297
Line-2,Machine-10,23-04-2025 06:35,23-04-2025 06:57,Electrical Defect,Panel A.C.,22.34670067
Line-2,Machine-10,07-11-2024 21:23,07-11-2024 21:54,Electrical Defect,PLC,30.78913307
Line-2,Machine-10,12-11-2024 22:37,12-11-2024 22:59,Electrical Defect,Relay Contactor,21.9879837
Line-2,Machine-10,12-11-2024 18:18,12-11-2024 20:19,Electrical Defect,Stone(Honing) Pressure Unit,120.4266815
Line-2,Machine-10,15-11-2024 20:27,15-11-2024 20:48,Electrical Defect,Gauge unit,21.34626579
Line-2,Machine-10,15-11-2024 20:49,15-11-2024 21:01,Electrical Defect,Gauge unit,12.5798502
Line-2,Machine-10,21-11-2024 16:52,21-11-2024 17:22,Electrical Defect,Wheel spindle,29.70148277
Line-2,Machine-10,03-12-2024 17:12,03-12-2024 17:38,Electrical Defect,Stone wear,26.39710045
Line-2,Machine-10,07-12-2024 15:26,07-12-2024 16:11,Electrical Defect,Oscillation unit,45.38486481
Line-2,Machine-10,09-12-2024 22:06,09-12-2024 23:00,Electrical Defect,Wheel spindle,53.98348236
Line-2,Machine-10,13-12-2024 16:46,13-12-2024 17:04,Electrical Defect,Sensor Setting,17.62188339
Line-2,Machine-10,13-12-2024 19:07,13-12-2024 19:26,Electrical Defect,Sensor Setting,18.82508278
Line-2,Machine-10,13-12-2024 20:32,13-12-2024 20:44,Electrical Defect,Sensor Setting,11.1387167
Line-2,Machine-10,02-01-2025 18:11,02-01-2025 18:24,Electrical Defect,Work head unit,13.40026665
Line-2,Machine-10,23-01-2025 21:33,23-01-2025 22:31,Electrical Defect,Sensor Setting,57.98825073
Line-2,Machine-10,29-03-2025 21:11,29-03-2025 21:38,Electrical Defect,SF Unit,26.648983
Line-2,Machine-10,11-04-2025 19:33,11-04-2025 19:55,Electrical Defect,Overload Current,21.63448334
Line-2,Machine-10,23-04-2025 22:27,23-04-2025 22:32,Electrical Defect,Relay Contactor,5.192933559
Line-2,Machine-10,28-04-2025 21:17,28-04-2025 21:28,Electrical Defect,Oscillation unit,11.72821712
Line-2,Machine-10,28-04-2025 21:51,28-04-2025 22:26,Electrical Defect,Oscillation unit,34.97236633
Line-2,Machine-10,08-11-2024 02:20,08-11-2024 02:45,Electrical Defect,PLC,25.63151741
Line-2,Machine-10,11-11-2024 23:04,11-11-2024 23:28,Electrical Defect,Gauge head,24.04096603
Line-2,Machine-10,11-11-2024 23:32,11-11-2024 23:52,Electrical Defect,Gauge head,20.51498413
Line-2,Machine-10,12-11-2024 04:12,12-11-2024 04:25,Electrical Defect,Gauge head,12.99588299
Line-2,Machine-10,12-11-2024 05:04,12-11-2024 06:00,Electrical Defect,Gauge head,55.6316185
Line-2,Machine-10,05-12-2024 23:11,05-12-2024 23:21,Electrical Defect,Relay Contactor,9.921683311
Line-2,Machine-10,06-12-2024 01:02,06-12-2024 02:26,Electrical Defect,Relay Contactor,83.48196411
Line-2,Machine-10,02-01-2025 23:54,03-01-2025 00:45,Electrical Defect,SF Unit,51.53575134
Line-2,Machine-10,03-01-2025 01:09,03-01-2025 01:32,Electrical Defect,SF Unit,22.85248375
Line-2,Machine-10,08-01-2025 04:20,08-01-2025 04:27,Electrical Defect,Sensor Setting,6.825049877
Line-2,Machine-10,08-01-2025 04:39,08-01-2025 04:57,Electrical Defect,Sensor Setting,17.41160011
Line-2,Machine-10,29-01-2025 05:06,29-01-2025 05:11,Electrical Defect,Stone wear,5.00785017
Line-2,Machine-10,29-01-2025 05:21,29-01-2025 05:42,Electrical Defect,Stone wear,21.13538361
Line-2,Machine-10,29-01-2025 05:45,29-01-2025 06:00,Electrical Defect,Stone wear,15.03404999
Line-2,Machine-10,24-02-2025 23:53,25-02-2025 00:03,Electrical Defect,Sensor Setting,9.781900406
Line-2,Machine-10,25-02-2025 00:15,25-02-2025 00:25,Electrical Defect,Sensor Setting,9.722383499
Line-2,Machine-10,25-02-2025 00:25,25-02-2025 00:39,Electrical Defect,Sensor Setting,14.11235046
Line-2,Machine-10,22-03-2025 04:59,22-03-2025 05:09,Electrical Defect,Work head unit,9.816833496
Line-2,Machine-10,23-03-2025 00:15,23-03-2025 00:26,Electrical Defect,Stone wear,11.25186634
Line-2,Machine-10,23-03-2025 00:29,23-03-2025 00:39,Electrical Defect,Stone wear,10.12998295
Line-2,Machine-10,29-03-2025 00:53,29-03-2025 01:01,Electrical Defect,Traverse Unit,8.258000374
Line-2,Machine-10,29-03-2025 04:02,29-03-2025 04:12,Electrical Defect,Traverse Unit,10.41374969
Line-2,Machine-10,14-04-2025 23:40,15-04-2025 00:05,Electrical Defect,Pressure switch,24.881567
Line-2,Machine-10,15-04-2025 00:17,15-04-2025 00:24,Electrical Defect,Pressure switch,7.102466583
Line-2,Machine-10,17-04-2025 23:15,17-04-2025 23:21,Electrical Defect,Relay Contactor,5.683983326
Line-2,Machine-10,17-04-2025 23:22,17-04-2025 23:55,Electrical Defect,Relay Contactor,33.10096741
Line-2,Machine-10,17-04-2025 23:55,18-04-2025 00:03,Electrical Defect,Relay Contactor,8.470283508
Line-3,Machine-11,26-11-2024 08:59,26-11-2024 09:06,Electrical Defect,Work head slide,7.178299904
Line-3,Machine-11,06-01-2025 06:00,06-01-2025 06:40,Electrical Defect,PP Gauge UNIT,40.62871552
Line-3,Machine-11,06-01-2025 07:21,06-01-2025 07:28,Electrical Defect,PP Gauge UNIT,7.746333122
Line-3,Machine-11,20-01-2025 06:59,20-01-2025 07:25,Electrical Defect,Relay Contactor,25.95928383
Line-3,Machine-11,24-01-2025 08:57,24-01-2025 09:04,Electrical Defect,PP Gauge UNIT,7.736616611
Line-3,Machine-11,24-01-2025 07:48,24-01-2025 08:09,Electrical Defect,Sensor Setting,20.41004944
Line-3,Machine-11,24-01-2025 08:15,24-01-2025 08:24,Electrical Defect,Sensor Setting,8.096699715
Line-3,Machine-11,18-02-2025 08:25,18-02-2025 08:41,Electrical Defect,Oscillation unit,15.57596684
Line-3,Machine-11,18-02-2025 11:31,18-02-2025 11:44,Electrical Defect,Oscillation unit,13.74895
Line-3,Machine-11,18-02-2025 12:08,18-02-2025 12:23,Electrical Defect,Oscillation unit,15.01455021
Line-3,Machine-11,06-03-2025 13:29,06-03-2025 13:36,Electrical Defect,PP Gauge UNIT,6.783933163
Line-3,Machine-11,27-03-2025 07:27,27-03-2025 07:36,Electrical Defect,PP Gauge UNIT,9.26578331
Line-3,Machine-11,02-04-2025 13:05,02-04-2025 13:12,Electrical Defect,Relay Contactor,6.373400211
Line-3,Machine-11,10-04-2025 08:38,10-04-2025 08:45,Electrical Defect,PP Gauge UNIT,7.090000153
Line-3,Machine-11,15-04-2025 13:50,15-04-2025 13:59,Electrical Defect,PP Gauge UNIT,8.501433372
Line-3,Machine-11,30-04-2025 11:45,30-04-2025 12:21,Electrical Defect,PP Gauge UNIT,36.63648224
Line-3,Machine-11,15-11-2024 17:54,15-11-2024 18:00,Electrical Defect,Demag unit,5.389349937
Line-3,Machine-11,15-11-2024 19:10,15-11-2024 19:24,Electrical Defect,Demag unit,14.08561707
Line-3,Machine-11,25-12-2024 22:49,25-12-2024 22:59,Electrical Defect,PP Gauge UNIT,10.15211678
Line-3,Machine-11,11-01-2025 22:18,11-01-2025 22:25,Electrical Defect,PP Gauge UNIT,6.356416702
Line-3,Machine-11,17-01-2025 15:16,17-01-2025 15:37,Electrical Defect,Motor,21.34493256
Line-3,Machine-11,17-01-2025 15:40,17-01-2025 15:59,Electrical Defect,Motor,19.84723282
Line-3,Machine-11,24-01-2025 19:08,24-01-2025 19:13,Electrical Defect,PP Gauge UNIT,5.595433235
Line-3,Machine-11,21-02-2025 21:23,21-02-2025 21:31,Electrical Defect,Relay Contactor,7.516200066
Line-3,Machine-11,03-03-2025 21:04,03-03-2025 21:38,Electrical Defect,Relay Contactor,33.98203278
Line-3,Machine-11,18-03-2025 17:11,18-03-2025 17:24,Electrical Defect,Chuck Magnet,12.97278309
Line-3,Machine-11,21-03-2025 15:28,21-03-2025 15:35,Electrical Defect,Sensor Setting,6.475749969
Line-3,Machine-11,24-03-2025 16:35,24-03-2025 17:17,Electrical Defect,Traverse Unit,41.67639923
Line-3,Machine-11,27-03-2025 18:46,27-03-2025 18:52,Electrical Defect,Work head unit,6.357466698
Line-3,Machine-11,26-04-2025 17:19,26-04-2025 17:31,Electrical Defect,PP Gauge UNIT,12.71621704
Line-3,Machine-11,07-11-2024 04:04,07-11-2024 04:10,Electrical Defect,Demag unit,5.202600002
Line-3,Machine-11,05-12-2024 23:58,06-12-2024 00:03,Electrical Defect,PP Gauge UNIT,5.385550022
Line-3,Machine-11,07-01-2025 01:22,07-01-2025 01:34,Electrical Defect,PP Gauge UNIT,12.37873363
Line-3,Machine-11,19-01-2025 01:24,19-01-2025 01:32,Electrical Defect,Relay Contactor,8.060799599
Line-3,Machine-11,19-01-2025 01:36,19-01-2025 01:42,Electrical Defect,Relay Contactor,6.841050148
Line-3,Machine-11,19-01-2025 00:52,19-01-2025 01:23,Electrical Defect,PLC power supply Module,31.32761574
Line-3,Machine-11,24-01-2025 05:39,24-01-2025 05:48,Electrical Defect,Sensor Setting,8.315850258
Line-3,Machine-11,12-03-2025 03:04,12-03-2025 03:23,Electrical Defect,PP Gauge UNIT,19.22850037
Line-3,Machine-11,02-04-2025 00:52,02-04-2025 01:00,Electrical Defect,Relay Contactor,8.06649971
Line-3,Machine-11,02-04-2025 01:06,02-04-2025 01:21,Electrical Defect,Relay Contactor,14.59798336
Line-3,Machine-11,19-04-2025 23:14,19-04-2025 23:20,Electrical Defect,PP Gauge UNIT,5.656149864
Line-3,Machine-12,02-12-2024 11:33,02-12-2024 12:28,Electrical Defect,Relay Contactor,55.26133347
Line-3,Machine-12,30-01-2025 10:33,30-01-2025 10:49,Electrical Defect,Oscillation unit,16.44866753
Line-3,Machine-12,10-02-2025 09:00,10-02-2025 11:23,Electrical Defect,Relay Contactor,143.5057373
Line-3,Machine-12,12-04-2025 11:36,12-04-2025 12:34,Electrical Defect,Work head unit,58.0259819
Line-3,Machine-12,14-04-2025 11:09,14-04-2025 11:17,Electrical Defect,Sensor Setting,8.3416996
Line-3,Machine-12,20-04-2025 11:58,20-04-2025 12:13,Electrical Defect,Chuck Magnet,14.88138294
Line-3,Machine-12,20-11-2024 14:30,20-11-2024 17:14,Electrical Defect,Relay Contactor,164.3713989
Line-3,Machine-12,22-12-2024 20:24,22-12-2024 20:41,Electrical Defect,Gauge head,16.83510017
Line-3,Machine-12,25-12-2024 22:00,25-12-2024 22:05,Electrical Defect,Work head slide,5.784800053
Line-3,Machine-12,25-12-2024 22:38,25-12-2024 22:46,Electrical Defect,Work head slide,8.717366219
Line-3,Machine-12,27-12-2024 22:42,27-12-2024 22:52,Electrical Defect,Demag unit,10.69190025
Line-3,Machine-12,02-01-2025 17:48,02-01-2025 19:20,Electrical Defect,Traverse Unit,91.47624969
Line-3,Machine-12,27-01-2025 18:58,27-01-2025 19:07,Electrical Defect,Chuck Magnet,8.752066612
Line-3,Machine-12,19-03-2025 15:02,19-03-2025 15:07,Electrical Defect,Sensor Setting,5.014866829
Line-3,Machine-12,19-03-2025 15:33,19-03-2025 15:43,Electrical Defect,Sensor Setting,9.711333275
Line-3,Machine-12,19-03-2025 15:59,19-03-2025 16:05,Electrical Defect,Sensor Setting,6.51914978
Line-3,Machine-12,13-04-2025 19:18,13-04-2025 19:24,Electrical Defect,Relay Contactor,5.860199928
Line-3,Machine-12,13-04-2025 19:53,13-04-2025 20:02,Electrical Defect,Relay Contactor,8.536366463
Line-3,Machine-12,17-01-2025 03:41,17-01-2025 04:03,Electrical Defect,Sensor Setting,21.48324966
Line-3,Machine-12,12-03-2025 04:16,12-03-2025 04:23,Electrical Defect,Sensor Setting,6.67078352
Line-3,Machine-13,09-11-2024 07:17,09-11-2024 11:49,Electrical Defect,Relay Contactor,272.0185547
Line-3,Machine-13,13-12-2024 12:53,13-12-2024 12:58,Electrical Defect,Demag unit,5.147283554
Line-3,Machine-13,13-12-2024 13:25,13-12-2024 13:37,Electrical Defect,Demag unit,11.45294952
Line-3,Machine-13,08-01-2025 07:49,08-01-2025 07:58,Electrical Defect,PP Gauge UNIT,8.16693306
Line-3,Machine-13,11-01-2025 07:52,11-01-2025 08:20,Electrical Defect,Wheel spindle,28.43986702
Line-3,Machine-13,15-01-2025 06:34,15-01-2025 07:56,Electrical Defect,Wheel spindle,82.13426971
Line-3,Machine-13,20-01-2025 06:41,20-01-2025 06:59,Electrical Defect,Relay Contactor,18.03733253
Line-3,Machine-13,20-01-2025 08:46,20-01-2025 08:53,Electrical Defect,Relay Contactor,7.387766838
Line-3,Machine-13,27-01-2025 06:24,27-01-2025 06:43,Electrical Defect,Machine Control Panel,18.53388405
Line-3,Machine-13,30-01-2025 13:29,30-01-2025 13:35,Electrical Defect,Sensor Setting,6.750400066
Line-3,Machine-13,01-02-2025 14:13,01-02-2025 14:20,Electrical Defect,PP Gauge UNIT,7.060533524
Line-3,Machine-13,18-02-2025 11:48,18-02-2025 11:58,Electrical Defect,Wheel spindle,10.492383
Line-3,Machine-13,22-02-2025 07:32,22-02-2025 08:00,Electrical Defect,Gauge head,27.66889954
Line-3,Machine-13,08-03-2025 11:13,08-03-2025 11:19,Electrical Defect,Machine Control Panel,5.180150032
Line-3,Machine-13,08-03-2025 13:55,08-03-2025 14:16,Electrical Defect,Machine Control Panel,21.19910049
Line-3,Machine-13,16-03-2025 10:41,16-03-2025 10:50,Electrical Defect,Chuck Magnet,9.103233337
Line-3,Machine-13,27-03-2025 06:45,27-03-2025 06:56,Electrical Defect,PP Gauge UNIT,10.91499996
Line-3,Machine-13,15-04-2025 06:00,15-04-2025 06:05,Electrical Defect,PP Gauge UNIT,5.744333267
Line-3,Machine-13,15-04-2025 12:27,15-04-2025 12:36,Electrical Defect,PP Gauge UNIT,9.15011692
Line-3,Machine-13,19-04-2025 10:13,19-04-2025 10:40,Electrical Defect,Panel A.C.,26.90086746
Line-3,Machine-13,24-04-2025 06:00,24-04-2025 14:30,Electrical Defect,Relay Contactor,509.9573364
Line-3,Machine-13,26-04-2025 13:14,26-04-2025 13:20,Electrical Defect,Relay Contactor,5.427466869
Line-3,Machine-13,10-11-2024 15:30,10-11-2024 16:00,Electrical Defect,Wheel spindle,30.00663376
Line-3,Machine-13,15-11-2024 18:18,15-11-2024 18:23,Electrical Defect,Demag unit,5.347966671
Line-3,Machine-13,15-11-2024 18:25,15-11-2024 19:04,Electrical Defect,Demag unit,38.28318405
Line-3,Machine-13,20-11-2024 21:03,20-11-2024 21:25,Electrical Defect,Gauge Amplifier,21.55828285
Line-3,Machine-13,15-12-2024 22:04,15-12-2024 22:17,Electrical Defect,Chuck Magnet,13.1630497
Line-3,Machine-13,21-12-2024 15:06,21-12-2024 15:12,Electrical Defect,PP Gauge UNIT,5.340883255
Line-3,Machine-13,25-12-2024 19:52,25-12-2024 19:58,Electrical Defect,PP Gauge UNIT,5.961266518
Line-3,Machine-13,25-12-2024 21:21,25-12-2024 21:29,Electrical Defect,PP Gauge UNIT,8.316383362
Line-3,Machine-13,25-12-2024 22:20,25-12-2024 22:28,Electrical Defect,PP Gauge UNIT,7.528150082
Line-3,Machine-13,25-12-2024 22:42,25-12-2024 22:49,Electrical Defect,PP Gauge UNIT,6.518799782
Line-3,Machine-13,03-01-2025 15:25,03-01-2025 15:45,Electrical Defect,PP Gauge UNIT,19.94526672
Line-3,Machine-13,03-01-2025 21:32,03-01-2025 21:40,Electrical Defect,PP Gauge UNIT,7.923616886
Line-3,Machine-13,16-01-2025 19:57,16-01-2025 20:04,Electrical Defect,PP Gauge UNIT,7.186333179
Line-3,Machine-13,17-01-2025 21:39,17-01-2025 22:21,Electrical Defect,Motor,42.04991531
Line-3,Machine-13,23-01-2025 17:28,23-01-2025 17:48,Electrical Defect,PP Gauge UNIT,19.47364998
Line-3,Machine-13,24-01-2025 19:37,24-01-2025 19:45,Electrical Defect,PP Gauge UNIT,7.207749844
Line-3,Machine-13,24-01-2025 19:59,24-01-2025 20:08,Electrical Defect,PP Gauge UNIT,8.949316978
Line-3,Machine-13,24-01-2025 20:11,24-01-2025 20:16,Electrical Defect,PP Gauge UNIT,5.182499886
Line-3,Machine-13,21-02-2025 18:13,21-02-2025 20:15,Electrical Defect,Transfer conveyor system,122.7480316
Line-3,Machine-13,07-03-2025 20:47,07-03-2025 20:59,Electrical Defect,Work head unit,11.75759983
Line-3,Machine-13,10-03-2025 22:22,10-03-2025 23:00,Electrical Defect,Wheel spindle,37.73608398
Line-3,Machine-13,10-04-2025 14:58,10-04-2025 15:06,Electrical Defect,Cylinder malfunction,8.081749916
Line-3,Machine-13,16-04-2025 21:26,16-04-2025 21:52,Electrical Defect,Wheel spindle,25.31686592
Line-3,Machine-13,23-04-2025 18:23,23-04-2025 23:00,Electrical Defect,Chuck Magnet,276.1740417
Line-3,Machine-13,06-01-2025 23:04,06-01-2025 23:10,Electrical Defect,PP Gauge UNIT,5.965966702
Line-3,Machine-13,07-01-2025 02:27,07-01-2025 02:36,Electrical Defect,PP Gauge UNIT,8.796667099
Line-3,Machine-13,07-01-2025 04:43,07-01-2025 04:51,Electrical Defect,PP Gauge UNIT,8.01883316
Line-3,Machine-13,19-01-2025 05:36,19-01-2025 06:00,Electrical Defect,Relay Contactor,23.73661613
Line-3,Machine-13,19-01-2025 01:50,19-01-2025 05:36,Electrical Defect,PLC power supply Module,225.9411469
Line-3,Machine-13,24-01-2025 04:41,24-01-2025 05:10,Electrical Defect,Sensor Setting,29.16716576
Line-3,Machine-13,29-01-2025 04:33,29-01-2025 04:43,Electrical Defect,Sensor Setting,10.20324993
Line-3,Machine-13,30-01-2025 00:46,30-01-2025 00:53,Electrical Defect,Relay Contactor,6.929983139
Line-3,Machine-13,30-01-2025 00:57,30-01-2025 01:03,Electrical Defect,Relay Contactor,5.552316666
Line-3,Machine-13,30-01-2025 01:30,30-01-2025 01:40,Electrical Defect,Relay Contactor,10.06624985
Line-3,Machine-13,20-02-2025 02:21,20-02-2025 02:26,Electrical Defect,Sensor Setting,5.803800106
Line-3,Machine-13,20-02-2025 03:46,20-02-2025 04:40,Electrical Defect,Sensor Setting,54.27640152
Line-3,Machine-13,17-04-2025 03:36,17-04-2025 04:22,Electrical Defect,Chuck Magnet,46.0422821
Line-3,Machine-13,23-04-2025 23:00,24-04-2025 06:00,Electrical Defect,Relay Contactor,419.9555359
Line-2,Machine-14,09-11-2024 08:27,09-11-2024 08:35,Electrical Defect,PP Gauge UNIT,7.689849854
Line-2,Machine-14,14-11-2024 11:49,14-11-2024 11:56,Electrical Defect,Gauge unit,6.90476656
Line-2,Machine-14,14-11-2024 13:02,14-11-2024 13:27,Electrical Defect,Gauge unit,24.05043411
Line-2,Machine-14,17-11-2024 06:00,17-11-2024 12:58,Electrical Defect,Relay Contactor,418.3364563
Line-2,Machine-14,18-11-2024 12:53,18-11-2024 13:00,Electrical Defect,PP Gauge UNIT,7.532583237
Line-2,Machine-14,21-11-2024 10:24,21-11-2024 10:36,Electrical Defect,PP Gauge UNIT,12.16160011
Line-2,Machine-14,24-11-2024 08:22,24-11-2024 08:38,Electrical Defect,Relay Contactor,15.97511673
Line-2,Machine-14,24-11-2024 09:30,24-11-2024 09:47,Electrical Defect,Relay Contactor,16.43353271
Line-2,Machine-14,24-11-2024 09:58,24-11-2024 10:05,Electrical Defect,Relay Contactor,7.063933372
Line-2,Machine-14,24-11-2024 10:26,24-11-2024 10:34,Electrical Defect,Relay Contactor,7.905700207
Line-2,Machine-14,24-11-2024 07:48,24-11-2024 08:10,Electrical Defect,Dresser unit,21.72231674
Line-2,Machine-14,02-12-2024 11:35,02-12-2024 11:41,Electrical Defect,Relay Contactor,6.441333294
Line-2,Machine-14,02-12-2024 08:10,02-12-2024 08:20,Electrical Defect,Gauge head,9.734049797
Line-2,Machine-14,02-12-2024 09:16,02-12-2024 09:22,Electrical Defect,Gauge head,5.789066792
Line-2,Machine-14,02-12-2024 09:32,02-12-2024 09:39,Electrical Defect,Gauge head,6.203216553
Line-2,Machine-14,03-12-2024 06:54,03-12-2024 07:23,Electrical Defect,Relay Contactor,28.3835659
Line-2,Machine-14,03-12-2024 10:48,03-12-2024 11:16,Electrical Defect,Relay Contactor,27.92480087
Line-2,Machine-14,03-12-2024 14:02,03-12-2024 14:20,Electrical Defect,Relay Contactor,17.42323303
Line-2,Machine-14,03-12-2024 08:13,03-12-2024 08:18,Electrical Defect,PP Gauge UNIT,5.193733215
Line-2,Machine-14,03-12-2024 08:21,03-12-2024 08:26,Electrical Defect,PP Gauge UNIT,5.341833115
Line-2,Machine-14,13-12-2024 10:35,13-12-2024 10:47,Electrical Defect,PP Gauge UNIT,11.33024979
Line-2,Machine-14,16-12-2024 07:35,16-12-2024 07:41,Electrical Defect,PP Gauge UNIT,6.860899925
Line-2,Machine-14,16-12-2024 11:14,16-12-2024 11:19,Electrical Defect,PP Gauge UNIT,5.146416664
Line-2,Machine-14,19-12-2024 08:39,19-12-2024 08:50,Electrical Defect,PP Gauge UNIT,11.55844975
Line-2,Machine-14,26-12-2024 06:05,26-12-2024 06:13,Electrical Defect,PP Gauge UNIT,8.181066513
Line-2,Machine-14,26-12-2024 12:46,26-12-2024 12:54,Electrical Defect,PP Gauge UNIT,7.70720005
Line-2,Machine-14,27-12-2024 10:52,27-12-2024 10:58,Electrical Defect,PP Gauge UNIT,6.50548315
Line-2,Machine-14,01-01-2025 08:37,01-01-2025 09:16,Electrical Defect,Wheel spindle,39.32831573
Line-2,Machine-14,04-01-2025 12:19,04-01-2025 12:33,Electrical Defect,PP Gauge UNIT,13.18735027
Line-2,Machine-14,06-01-2025 06:39,06-01-2025 06:57,Electrical Defect,PP Gauge UNIT,17.27440071
Line-2,Machine-14,06-01-2025 08:28,06-01-2025 08:36,Electrical Defect,PP Gauge UNIT,7.744850159
Line-2,Machine-14,06-01-2025 09:58,06-01-2025 10:09,Electrical Defect,PP Gauge UNIT,11.31721687
Line-2,Machine-14,08-01-2025 07:22,08-01-2025 07:28,Electrical Defect,PP Gauge UNIT,5.652083397
Line-2,Machine-14,08-01-2025 08:53,08-01-2025 09:00,Electrical Defect,PP Gauge UNIT,7.063849926
Line-2,Machine-14,20-01-2025 14:22,20-01-2025 14:30,Electrical Defect,Gauge head,7.543233395
Line-2,Machine-14,22-01-2025 07:43,22-01-2025 08:38,Electrical Defect,Dresser unit,54.52565002
Line-2,Machine-14,23-01-2025 07:36,23-01-2025 07:41,Electrical Defect,PP Gauge UNIT,5.120183468
Line-2,Machine-14,23-01-2025 11:28,23-01-2025 11:42,Electrical Defect,PP Gauge UNIT,13.92701626
Line-2,Machine-14,25-01-2025 13:25,25-01-2025 13:38,Electrical Defect,PP Gauge UNIT,12.40453339
Line-2,Machine-14,06-02-2025 06:00,06-02-2025 06:16,Electrical Defect,PP Gauge UNIT,16.37593269
Line-2,Machine-14,07-02-2025 10:52,07-02-2025 11:09,Electrical Defect,Relay Contactor,17.01515007
Line-2,Machine-14,11-02-2025 09:31,11-02-2025 09:38,Electrical Defect,PP Gauge UNIT,7.69048357
Line-2,Machine-14,11-02-2025 09:42,11-02-2025 09:47,Electrical Defect,PP Gauge UNIT,5.27575016
Line-2,Machine-14,11-02-2025 10:46,11-02-2025 10:59,Electrical Defect,Vibartory hopper,12.68043327
Line-2,Machine-14,12-02-2025 06:48,12-02-2025 06:59,Electrical Defect,PP Gauge UNIT,10.86453342
Line-2,Machine-14,16-02-2025 10:52,16-02-2025 10:59,Electrical Defect,PP Gauge UNIT,6.601850033
Line-2,Machine-14,16-02-2025 13:58,16-02-2025 14:08,Electrical Defect,PP Gauge UNIT,10.17080021
Line-2,Machine-14,17-02-2025 14:07,17-02-2025 14:19,Electrical Defect,PP Gauge UNIT,12.40180016
Line-2,Machine-14,23-02-2025 08:52,23-02-2025 09:00,Electrical Defect,PP Gauge UNIT,7.867000103
Line-2,Machine-14,28-02-2025 13:12,28-02-2025 13:26,Electrical Defect,PP Gauge UNIT,14.16685009
Line-2,Machine-14,06-03-2025 07:38,06-03-2025 08:03,Electrical Defect,Rotary hopper,25.21258354
Line-2,Machine-14,06-03-2025 08:29,06-03-2025 09:02,Electrical Defect,Rotary hopper,32.36326599
Line-2,Machine-14,08-03-2025 08:05,08-03-2025 13:39,Electrical Defect,Aerolide slide,334.2306213
Line-2,Machine-14,20-03-2025 06:48,20-03-2025 06:55,Electrical Defect,PP Gauge UNIT,7.431316853
Line-2,Machine-14,22-03-2025 11:41,22-03-2025 11:46,Electrical Defect,PP Gauge UNIT,5.049250126
Line-2,Machine-14,24-03-2025 06:31,24-03-2025 06:37,Electrical Defect,PP Gauge UNIT,6.357049942
Line-2,Machine-14,24-03-2025 13:15,24-03-2025 13:38,Electrical Defect,Sensor Setting,23.19524956
Line-2,Machine-14,24-03-2025 10:07,24-03-2025 10:14,Electrical Defect,Demag unit,7.445933342
Line-2,Machine-14,29-03-2025 11:32,29-03-2025 11:42,Electrical Defect,PP Gauge UNIT,10.27876663
Line-2,Machine-14,31-03-2025 13:51,31-03-2025 14:03,Electrical Defect,Relay Contactor,12.00941658
Line-2,Machine-14,08-11-2024 16:25,08-11-2024 16:32,Electrical Defect,PP Gauge UNIT,7.738233566
Line-2,Machine-14,10-11-2024 17:44,10-11-2024 18:02,Electrical Defect,PP Gauge UNIT,17.40855026
Line-2,Machine-14,11-11-2024 21:47,11-11-2024 22:03,Electrical Defect,PP Gauge UNIT,16.58659935
Line-2,Machine-14,12-11-2024 16:52,12-11-2024 17:11,Electrical Defect,PP Gauge UNIT,18.53128242
Line-2,Machine-14,13-11-2024 21:22,13-11-2024 21:40,Electrical Defect,PP Gauge UNIT,17.81324959
Line-2,Machine-14,14-11-2024 21:40,14-11-2024 21:48,Electrical Defect,Gauge head,8.222833633
Line-2,Machine-14,16-11-2024 21:36,16-11-2024 23:00,Electrical Defect,Gauge Amplifier,83.94110107
Line-2,Machine-14,18-11-2024 15:03,18-11-2024 15:11,Electrical Defect,PP Gauge UNIT,7.216516495
Line-2,Machine-14,19-11-2024 21:59,19-11-2024 22:10,Electrical Defect,PP Gauge UNIT,10.81576633
Line-2,Machine-14,19-11-2024 22:46,19-11-2024 22:58,Electrical Defect,PP Gauge UNIT,11.51931667
Line-2,Machine-14,21-11-2024 21:29,21-11-2024 21:43,Electrical Defect,PP Gauge UNIT,13.66289997
Line-2,Machine-14,22-11-2024 18:54,22-11-2024 19:00,Electrical Defect,PP Gauge UNIT,6.327499866
Line-2,Machine-14,23-11-2024 20:01,23-11-2024 20:07,Electrical Defect,Regulating Wheel Dresser,6.26241684
Line-2,Machine-14,30-11-2024 18:57,30-11-2024 19:25,Electrical Defect,Gauge head,28.48494911
Line-2,Machine-14,30-11-2024 20:55,30-11-2024 21:02,Electrical Defect,Gauge head,6.18599987
Line-2,Machine-14,30-11-2024 21:07,30-11-2024 21:14,Electrical Defect,Gauge head,6.85041666
Line-2,Machine-14,30-11-2024 17:39,30-11-2024 17:52,Electrical Defect,PP Gauge UNIT,13.62240028
Line-2,Machine-14,01-12-2024 18:50,01-12-2024 18:59,Electrical Defect,Relay Contactor,9.15569973
Line-2,Machine-14,01-12-2024 18:33,01-12-2024 18:38,Electrical Defect,Gauge head,5.142799854
Line-2,Machine-14,02-12-2024 16:33,02-12-2024 16:42,Electrical Defect,Relay Contactor,9.567899704
Line-2,Machine-14,03-12-2024 14:57,03-12-2024 15:28,Electrical Defect,Relay Contactor,31.66810036
Line-2,Machine-14,11-12-2024 16:05,11-12-2024 16:10,Electrical Defect,PP Gauge UNIT,5.053183556
Line-2,Machine-14,12-12-2024 20:43,12-12-2024 20:48,Electrical Defect,Relay Contactor,5.180116653
Line-2,Machine-14,12-12-2024 17:43,12-12-2024 17:50,Electrical Defect,PP Gauge UNIT,6.858866692
Line-2,Machine-14,12-12-2024 22:01,12-12-2024 22:06,Electrical Defect,PP Gauge UNIT,5.037083149
Line-2,Machine-14,15-12-2024 20:36,15-12-2024 20:53,Electrical Defect,PP Gauge UNIT,16.40603256
Line-2,Machine-14,19-12-2024 19:41,19-12-2024 19:47,Electrical Defect,PP Gauge UNIT,5.489600182
Line-2,Machine-14,19-12-2024 21:12,19-12-2024 21:19,Electrical Defect,PP Gauge UNIT,6.951366901
Line-2,Machine-14,20-12-2024 18:10,20-12-2024 18:16,Electrical Defect,PP Gauge UNIT,5.495833397
Line-2,Machine-14,22-12-2024 15:20,22-12-2024 15:29,Electrical Defect,PP Gauge UNIT,9.093233109
Line-2,Machine-14,24-12-2024 19:59,24-12-2024 20:04,Electrical Defect,PP Gauge UNIT,5.481649876
Line-2,Machine-14,25-12-2024 21:09,25-12-2024 21:15,Electrical Defect,PP Gauge UNIT,5.804150105
Line-2,Machine-14,26-12-2024 17:43,26-12-2024 17:49,Electrical Defect,PP Gauge UNIT,5.195549965
Line-2,Machine-14,03-01-2025 14:53,03-01-2025 23:00,Electrical Defect,Work head unit,486.8383484
Line-2,Machine-14,15-01-2025 19:45,15-01-2025 19:51,Electrical Defect,PP Gauge UNIT,5.330283165
Line-2,Machine-14,16-01-2025 19:55,16-01-2025 20:21,Electrical Defect,Gauge head,26.05114937
Line-2,Machine-14,16-01-2025 16:38,16-01-2025 16:46,Electrical Defect,PP Gauge UNIT,7.499499798
Line-2,Machine-14,16-01-2025 19:30,16-01-2025 19:40,Electrical Defect,PP Gauge UNIT,9.886799812
Line-2,Machine-14,22-01-2025 17:31,22-01-2025 17:41,Electrical Defect,PP Gauge UNIT,9.771066666
Line-2,Machine-14,22-01-2025 19:59,22-01-2025 20:19,Electrical Defect,PP Gauge UNIT,19.7866993
Line-2,Machine-14,22-01-2025 21:52,22-01-2025 22:08,Electrical Defect,PP Gauge UNIT,16.48113251
Line-2,Machine-14,22-01-2025 22:25,22-01-2025 22:37,Electrical Defect,PP Gauge UNIT,11.19250011
Line-2,Machine-14,22-01-2025 22:46,22-01-2025 22:52,Electrical Defect,PP Gauge UNIT,5.538066864
Line-2,Machine-14,23-01-2025 20:17,23-01-2025 20:26,Electrical Defect,PP Gauge UNIT,8.531116486
Line-2,Machine-14,31-01-2025 17:54,31-01-2025 17:59,Electrical Defect,PP Gauge UNIT,5.330283165
Line-2,Machine-14,31-01-2025 18:39,31-01-2025 18:45,Electrical Defect,PP Gauge UNIT,5.848700047
Line-2,Machine-14,31-01-2025 19:24,31-01-2025 19:33,Electrical Defect,PP Gauge UNIT,9.159633636
Line-2,Machine-14,01-02-2025 17:31,01-02-2025 17:39,Electrical Defect,Rotary hopper,7.850383282
Line-2,Machine-14,01-02-2025 18:27,01-02-2025 18:37,Electrical Defect,Rotary hopper,9.735500336
Line-2,Machine-14,04-02-2025 18:33,04-02-2025 18:47,Electrical Defect,PP Gauge UNIT,14.15991688
Line-2,Machine-14,07-02-2025 20:05,07-02-2025 20:21,Electrical Defect,PP Gauge UNIT,16.16394997
Line-2,Machine-14,12-02-2025 16:08,12-02-2025 16:14,Electrical Defect,PP Gauge UNIT,5.802183151
Line-2,Machine-14,12-02-2025 22:08,12-02-2025 22:14,Electrical Defect,PP Gauge UNIT,6.275116444
Line-2,Machine-14,13-02-2025 17:46,13-02-2025 17:52,Electrical Defect,PP Gauge UNIT,6.522099972
Line-2,Machine-14,18-02-2025 15:47,18-02-2025 15:53,Electrical Defect,PP Gauge UNIT,5.95178318
Line-2,Machine-14,18-02-2025 18:55,18-02-2025 19:10,Electrical Defect,PP Gauge UNIT,14.5958662
Line-2,Machine-14,18-02-2025 22:09,18-02-2025 22:26,Electrical Defect,PP Gauge UNIT,16.79748344
Line-2,Machine-14,20-02-2025 16:12,20-02-2025 16:17,Electrical Defect,PP Gauge UNIT,5.239933491
Line-2,Machine-14,02-03-2025 15:44,02-03-2025 15:53,Electrical Defect,Rotary hopper,9.722233772
Line-2,Machine-14,02-03-2025 21:42,02-03-2025 21:53,Electrical Defect,Rotary hopper,11.60276699
Line-2,Machine-14,06-03-2025 19:56,06-03-2025 20:01,Electrical Defect,PP Gauge UNIT,5.69990015
Line-2,Machine-14,15-03-2025 15:14,15-03-2025 15:44,Electrical Defect,Demag unit,29.92176628
Line-2,Machine-14,24-03-2025 18:32,24-03-2025 18:42,Electrical Defect,PP Gauge UNIT,10.86326694
Line-2,Machine-14,24-03-2025 19:03,24-03-2025 19:08,Electrical Defect,PP Gauge UNIT,5.143750191
Line-2,Machine-14,31-03-2025 16:05,31-03-2025 16:10,Electrical Defect,PP Gauge UNIT,5.152133465
Line-2,Machine-14,01-04-2025 15:47,01-04-2025 15:53,Electrical Defect,PP Gauge UNIT,6.200733185
Line-2,Machine-14,02-04-2025 14:38,02-04-2025 14:57,Electrical Defect,Chuck Magnet,19.2205658
Line-2,Machine-14,02-04-2025 15:27,02-04-2025 15:40,Electrical Defect,Chuck Magnet,13.11498356
Line-2,Machine-14,02-04-2025 16:02,02-04-2025 16:26,Electrical Defect,Chuck Magnet,24.22495079
Line-2,Machine-14,05-04-2025 14:30,05-04-2025 17:50,Electrical Defect,Wheel spindle,200
Line-2,Machine-14,05-04-2025 17:50,05-04-2025 18:35,Electrical Defect,Wheel spindle,45
Line-2,Machine-14,11-04-2025 18:45,11-04-2025 18:59,Electrical Defect,PP Gauge UNIT,13.51159954
Line-2,Machine-14,16-04-2025 15:23,16-04-2025 15:42,Electrical Defect,Sensor Setting,19.3573494
Line-2,Machine-14,23-04-2025 22:00,23-04-2025 22:07,Electrical Defect,Relay Contactor,7.428800106
Line-2,Machine-14,23-04-2025 22:42,23-04-2025 23:00,Electrical Defect,Relay Contactor,17.39545059
Line-2,Machine-14,29-04-2025 17:41,29-04-2025 17:53,Electrical Defect,PP Gauge UNIT,12.40604973
Line-2,Machine-14,10-11-2024 03:02,10-11-2024 03:15,Electrical Defect,PP Gauge UNIT,12.87269974
Line-2,Machine-14,16-11-2024 23:00,17-11-2024 06:00,Electrical Defect,Machine Control Panel,419.8493958
Line-2,Machine-14,19-11-2024 01:07,19-11-2024 01:16,Electrical Defect,PP Gauge UNIT,8.480400085
Line-2,Machine-14,22-11-2024 01:26,22-11-2024 01:38,Electrical Defect,PP Gauge UNIT,12.40340042
Line-2,Machine-14,28-11-2024 00:20,28-11-2024 00:27,Electrical Defect,PP Gauge UNIT,7.367800236
Line-2,Machine-14,01-12-2024 05:15,01-12-2024 05:24,Electrical Defect,Gauge head,8.58338356
Line-2,Machine-14,30-11-2024 23:22,30-11-2024 23:36,Electrical Defect,PP Gauge UNIT,13.14713287
Line-2,Machine-14,02-12-2024 00:52,02-12-2024 00:59,Electrical Defect,PP Gauge UNIT,6.865366459
Line-2,Machine-14,03-12-2024 04:37,03-12-2024 04:43,Electrical Defect,Relay Contactor,5.941500187
Line-2,Machine-14,03-12-2024 05:00,03-12-2024 05:09,Electrical Defect,Relay Contactor,8.939433098
Line-2,Machine-14,03-12-2024 05:16,03-12-2024 05:24,Electrical Defect,Relay Contactor,8.625066757
Line-2,Machine-14,03-12-2024 05:47,03-12-2024 06:00,Electrical Defect,Relay Contactor,13.00428295
Line-2,Machine-14,03-12-2024 23:10,03-12-2024 23:16,Electrical Defect,Relay Contactor,6.160083294
Line-2,Machine-14,06-12-2024 03:37,06-12-2024 04:19,Electrical Defect,Relay Contactor,41.74446487
Line-2,Machine-14,10-12-2024 23:50,10-12-2024 23:55,Electrical Defect,PP Gauge UNIT,5.034333229
Line-2,Machine-14,20-12-2024 00:35,20-12-2024 00:43,Electrical Defect,PP Gauge UNIT,8.116016388
Line-2,Machine-14,25-12-2024 03:19,25-12-2024 03:30,Electrical Defect,PP Gauge UNIT,11.31088352
Line-2,Machine-14,27-12-2024 04:25,27-12-2024 04:35,Electrical Defect,PP Gauge UNIT,9.576950073
Line-2,Machine-14,03-01-2025 23:00,04-01-2025 03:55,Electrical Defect,Motor Change,295.4324036
Line-2,Machine-14,04-01-2025 03:55,04-01-2025 06:00,Electrical Defect,Motor Change,124.5248032
Line-2,Machine-14,05-01-2025 03:55,05-01-2025 04:19,Electrical Defect,Lubrication,23.54039955
Line-2,Machine-14,04-01-2025 23:09,04-01-2025 23:15,Electrical Defect,PP Gauge UNIT,6.754833221
Line-2,Machine-14,07-01-2025 03:53,07-01-2025 04:00,Electrical Defect,Dresser unit,6.802183151
Line-2,Machine-14,07-01-2025 04:13,07-01-2025 04:19,Electrical Defect,Dresser unit,5.909383297
Line-2,Machine-14,08-01-2025 04:24,08-01-2025 04:30,Electrical Defect,Lubrication,5.490650177
Line-2,Machine-14,08-01-2025 03:59,08-01-2025 04:17,Electrical Defect,Sensor Setting,18.39193344
Line-2,Machine-14,10-01-2025 02:19,10-01-2025 02:41,Electrical Defect,Intlet conveyor,22.28874969
Line-2,Machine-14,11-01-2025 02:24,11-01-2025 02:30,Electrical Defect,PP Gauge UNIT,5.852499962
Line-2,Machine-14,23-01-2025 23:23,23-01-2025 23:28,Electrical Defect,Rotary hopper,5.141583443
Line-2,Machine-14,24-01-2025 00:04,24-01-2025 01:13,Electrical Defect,Rotary hopper,69.21123505
Line-2,Machine-14,29-01-2025 03:41,29-01-2025 03:59,Electrical Defect,PP Gauge UNIT,17.89031601
Line-2,Machine-14,01-02-2025 02:31,01-02-2025 02:40,Electrical Defect,J-type hopper,8.477316856
Line-2,Machine-14,01-02-2025 02:45,01-02-2025 02:54,Electrical Defect,J-type hopper,8.783166885
Line-2,Machine-14,12-02-2025 03:49,12-02-2025 03:56,Electrical Defect,Rotary hopper,6.134616852
Line-2,Machine-14,12-02-2025 04:04,12-02-2025 04:19,Electrical Defect,Rotary hopper,15.67876625
Line-2,Machine-14,18-02-2025 04:00,18-02-2025 04:06,Electrical Defect,PP Gauge UNIT,5.552299976
Line-2,Machine-14,20-02-2025 23:43,20-02-2025 23:50,Electrical Defect,PP Gauge UNIT,7.209599972
Line-2,Machine-14,21-02-2025 03:10,21-02-2025 03:17,Electrical Defect,PP Gauge UNIT,6.581983566
Line-2,Machine-14,25-02-2025 00:38,25-02-2025 00:45,Electrical Defect,PP Gauge UNIT,7.257416725
Line-2,Machine-14,11-03-2025 05:15,11-03-2025 05:24,Electrical Defect,PP Gauge UNIT,8.485383034
Line-2,Machine-14,17-03-2025 02:06,17-03-2025 02:16,Electrical Defect,Rotary hopper,9.568583488
Line-2,Machine-14,18-03-2025 23:30,18-03-2025 23:41,Electrical Defect,PP Gauge UNIT,11.132967
Line-2,Machine-14,27-03-2025 02:09,27-03-2025 02:17,Electrical Defect,Chuck Magnet,8.005483627
Line-2,Machine-14,27-03-2025 02:42,27-03-2025 02:51,Electrical Defect,Chuck Magnet,9.058866501
Line-2,Machine-14,27-03-2025 04:35,27-03-2025 04:46,Electrical Defect,Chuck Magnet,11.43523312
Line-2,Machine-14,27-03-2025 05:16,27-03-2025 05:23,Electrical Defect,Chuck Magnet,7.610933304
Line-2,Machine-14,28-03-2025 00:26,28-03-2025 00:44,Electrical Defect,Rotary hopper,18.19431686
Line-2,Machine-14,30-03-2025 03:40,30-03-2025 03:45,Electrical Defect,PP Gauge UNIT,5.147733212
Line-2,Machine-14,02-04-2025 03:35,02-04-2025 04:14,Electrical Defect,J-type hopper,39.23573303
Line-2,Machine-14,24-04-2025 05:21,24-04-2025 06:00,Electrical Defect,Gauge head,38.72330093
Line-2,Machine-14,29-04-2025 23:30,29-04-2025 23:40,Electrical Defect,PP Gauge UNIT,9.467366219
Line-5,Machine-15,09-11-2024 06:26,09-11-2024 06:51,Electrical Defect,Hydraulic system,24.63098335
Line-5,Machine-15,09-11-2024 07:24,09-11-2024 07:43,Electrical Defect,Hydraulic system,18.05081749
Line-5,Machine-15,19-11-2024 09:28,19-11-2024 09:38,Electrical Defect,PP Gauge UNIT,9.411833763
Line-5,Machine-15,15-01-2025 10:57,15-01-2025 11:14,Electrical Defect,PP Gauge UNIT,16.98018265
Line-5,Machine-15,06-02-2025 08:48,06-02-2025 08:53,Electrical Defect,PP Gauge UNIT,5.809066772
Line-5,Machine-15,17-04-2025 08:56,17-04-2025 09:11,Electrical Defect,Wheel spindle,15.77566624
Line-5,Machine-15,17-04-2025 09:28,17-04-2025 09:36,Electrical Defect,Wheel spindle,8.315032959
Line-5,Machine-15,17-04-2025 10:24,17-04-2025 10:34,Electrical Defect,Wheel spindle,10.10200024
Line-5,Machine-15,16-11-2024 15:29,16-11-2024 15:36,Electrical Defect,Dresser unit,6.892149925
Line-5,Machine-15,19-11-2024 20:22,19-11-2024 20:29,Electrical Defect,Relay Contactor,6.897633553
Line-5,Machine-15,20-12-2024 17:35,20-12-2024 18:03,Electrical Defect,Relay Contactor,28.83803368
Line-5,Machine-15,02-03-2025 17:24,02-03-2025 17:30,Electrical Defect,PP Gauge UNIT,6.422083378
Line-5,Machine-15,07-03-2025 16:48,07-03-2025 16:55,Electrical Defect,Intlet conveyor,6.531166553
Line-5,Machine-15,08-03-2025 18:15,08-03-2025 19:07,Electrical Defect,Loose Wiring,52.4408493
Line-5,Machine-15,11-03-2025 15:50,11-03-2025 15:59,Electrical Defect,J-type hopper,8.492333412
Line-5,Machine-15,02-04-2025 19:36,02-04-2025 19:42,Electrical Defect,Sensor Setting,6.576233387
Line-5,Machine-15,29-04-2025 19:02,29-04-2025 19:14,Electrical Defect,Dresser unit,12.13743305
Line-5,Machine-15,29-04-2025 19:44,29-04-2025 20:03,Electrical Defect,Dresser unit,18.50428391
Line-5,Machine-15,10-11-2024 00:54,10-11-2024 01:01,Electrical Defect,Relay Contactor,6.57921648
Line-5,Machine-15,11-03-2025 23:05,11-03-2025 23:20,Electrical Defect,PLC power supply Module,14.99985027
Line-5,Machine-15,12-03-2025 23:38,12-03-2025 23:57,Electrical Defect,Wheel spindle,19.08621597
Line-5,Machine-15,15-03-2025 23:00,16-03-2025 00:17,Electrical Defect,Gauge head,77.22428131
Line-5,Machine-16,06-11-2024 06:00,06-11-2024 07:00,Electrical Defect,Slide Lock,59.99990082
Line-5,Machine-16,07-12-2024 07:26,07-12-2024 07:40,Electrical Defect,Sensor Setting,14.31051636
Line-5,Machine-16,08-12-2024 09:00,08-12-2024 09:06,Electrical Defect,Demag unit,5.522533417
Line-5,Machine-16,07-01-2025 07:30,07-01-2025 08:00,Electrical Defect,Gauge Amplifier,30.00781631
Line-5,Machine-16,15-01-2025 06:00,15-01-2025 06:28,Electrical Defect,J-type hopper,28.00783348
Line-5,Machine-16,29-01-2025 13:00,29-01-2025 14:30,Electrical Defect,Gauge head,90
Line-5,Machine-16,30-01-2025 08:00,30-01-2025 11:30,Electrical Defect,Relay Contactor,210.977417
Line-5,Machine-16,18-02-2025 13:00,18-02-2025 13:30,Electrical Defect,Relay Contactor,30.00431633
Line-5,Machine-16,24-02-2025 12:00,24-02-2025 13:00,Electrical Defect,Machine Control Panel,59.98920059
Line-5,Machine-16,13-03-2025 06:00,13-03-2025 07:47,Electrical Defect,Demag unit,107.9047012
Line-5,Machine-16,26-03-2025 11:00,26-03-2025 12:07,Electrical Defect,Gauge Amplifier,67.00858307
Line-5,Machine-16,26-03-2025 12:15,26-03-2025 13:09,Electrical Defect,Gauge Amplifier,53.99931717
Line-5,Machine-16,10-11-2024 15:00,10-11-2024 16:00,Electrical Defect,Gauge Amplifier,60.00676727
Line-5,Machine-16,10-11-2024 22:00,10-11-2024 22:15,Electrical Defect,Gauge Amplifier,14.99598312
Line-5,Machine-16,15-12-2024 14:59,15-12-2024 16:14,Electrical Defect,Machine Control Panel,75.00023651
Line-5,Machine-16,22-12-2024 16:00,22-12-2024 18:00,Electrical Defect,Work head unit,120
Line-5,Machine-16,31-12-2024 15:30,31-12-2024 17:18,Electrical Defect,Relay Contactor,108.093483
Line-5,Machine-16,31-12-2024 15:15,31-12-2024 15:30,Electrical Defect,Work head unit,15.01395035
Line-5,Machine-16,11-01-2025 15:00,11-01-2025 15:56,Electrical Defect,Gauge unit,55.99639893
Line-5,Machine-16,13-01-2025 16:00,13-01-2025 16:20,Electrical Defect,Transfer conveyor system,19.99474907
Line-5,Machine-16,29-01-2025 14:30,29-01-2025 16:00,Electrical Defect,Gauge Amplifier,90
Line-5,Machine-16,19-02-2025 16:15,19-02-2025 16:45,Electrical Defect,Relay Contactor,30
Line-5,Machine-16,11-03-2025 14:30,11-03-2025 15:10,Electrical Defect,PP Gauge UNIT,40.00934982
Line-5,Machine-16,21-03-2025 20:30,21-03-2025 21:00,Electrical Defect,Gauge head,30.00373268
Line-5,Machine-16,31-03-2025 14:39,31-03-2025 15:30,Electrical Defect,Work head unit,50.99428177
Line-5,Machine-16,31-03-2025 15:35,31-03-2025 16:30,Electrical Defect,Work head unit,55.00239944
Line-5,Machine-16,14-04-2025 15:40,14-04-2025 15:52,Electrical Defect,Work head unit,12.00879955
Line-5,Machine-16,16-04-2025 17:00,16-04-2025 17:30,Electrical Defect,Relay Contactor,30.00163269
Line-5,Machine-16,25-04-2025 17:30,25-04-2025 17:39,Electrical Defect,Work head unit,9.328033447
Line-5,Machine-16,11-02-2025 04:16,11-02-2025 05:30,Electrical Defect,Machine Control Panel,74.8133316
Line-5,Machine-16,13-03-2025 03:05,13-03-2025 05:54,Electrical Defect,Demag unit,169.0018768
Line-9,Machine-17,12-11-2024 10:13,12-11-2024 10:35,Electrical Defect,PP Gauge UNIT,21.21313286
Line-9,Machine-17,15-11-2024 11:56,15-11-2024 12:02,Electrical Defect,Work head unit,5.793149948
Line-9,Machine-17,19-11-2024 06:22,19-11-2024 06:36,Electrical Defect,Gauge head,14.0222168
Line-9,Machine-17,08-12-2024 10:58,08-12-2024 11:05,Electrical Defect,Gauge Amplifier,6.41811657
Line-9,Machine-17,29-12-2024 14:03,29-12-2024 14:30,Electrical Defect,Chuck Magnet,26.61260033
Line-9,Machine-17,31-12-2024 12:11,31-12-2024 12:19,Electrical Defect,PP Gauge UNIT,8.056182861
Line-9,Machine-17,03-01-2025 06:00,03-01-2025 06:10,Electrical Defect,PP Gauge UNIT,10.76478291
Line-9,Machine-17,03-01-2025 07:39,03-01-2025 07:59,Electrical Defect,PP Gauge UNIT,20.8632164
Line-9,Machine-17,09-01-2025 10:05,09-01-2025 10:15,Electrical Defect,Pneumatic,10.35583305
Line-9,Machine-17,27-01-2025 10:56,27-01-2025 11:01,Electrical Defect,Relay Contactor,5.597866535
Line-9,Machine-17,08-02-2025 12:24,08-02-2025 12:41,Electrical Defect,Transfer conveyor system,16.36018372
Line-9,Machine-17,08-02-2025 13:14,08-02-2025 13:26,Electrical Defect,Transfer conveyor system,11.96651649
Line-9,Machine-17,18-02-2025 13:32,18-02-2025 14:30,Electrical Defect,PP Gauge UNIT,57.23446655
Line-9,Machine-17,09-03-2025 11:03,09-03-2025 11:11,Electrical Defect,Oscillation unit,7.690266609
Line-9,Machine-17,09-04-2025 06:00,09-04-2025 10:29,Electrical Defect,Relay Contactor,269.0188293
Line-9,Machine-17,18-04-2025 07:52,18-04-2025 08:29,Electrical Defect,Gauge head,36.89120102
Line-9,Machine-17,02-12-2024 15:21,02-12-2024 15:38,Electrical Defect,PP Gauge UNIT,16.70131683
Line-9,Machine-17,20-12-2024 18:48,20-12-2024 20:26,Electrical Defect,Servo Motor,97.77998352
Line-9,Machine-17,24-12-2024 15:54,24-12-2024 16:12,Electrical Defect,Work head unit,18.1349659
Line-9,Machine-17,08-02-2025 19:54,08-02-2025 20:01,Electrical Defect,Demag unit,7.081449986
Line-9,Machine-17,22-02-2025 21:30,22-02-2025 22:15,Electrical Defect,PP Gauge UNIT,45.48831558
Line-9,Machine-17,24-02-2025 15:25,24-02-2025 15:35,Electrical Defect,Gauge head,10.63941669
Line-9,Machine-17,28-03-2025 14:37,28-03-2025 15:38,Electrical Defect,Work head unit,60.15836716
Line-9,Machine-17,16-04-2025 14:30,16-04-2025 14:53,Electrical Defect,PP Gauge UNIT,23.8018837
Line-9,Machine-17,16-04-2025 15:01,16-04-2025 16:31,Electrical Defect,PP Gauge UNIT,90.27918243
Line-9,Machine-17,17-04-2025 17:04,17-04-2025 18:37,Electrical Defect,Gauge head,93.28019714
Line-9,Machine-17,17-04-2025 18:48,17-04-2025 19:37,Electrical Defect,Gauge head,49.02731705
Line-9,Machine-17,10-11-2024 02:44,10-11-2024 02:50,Electrical Defect,Demag unit,5.704299927
Line-9,Machine-17,13-11-2024 02:33,13-11-2024 02:52,Electrical Defect,Gauge Amplifier,19.13809967
Line-9,Machine-17,24-11-2024 02:34,24-11-2024 03:00,Electrical Defect,PP Gauge UNIT,26.87916756
Line-9,Machine-17,03-01-2025 05:31,03-01-2025 05:48,Electrical Defect,PP Gauge UNIT,17.51883316
Line-9,Machine-17,03-01-2025 05:51,03-01-2025 06:00,Electrical Defect,PP Gauge UNIT,9.032732964
Line-9,Machine-17,16-01-2025 05:37,16-01-2025 05:54,Electrical Defect,PP Gauge UNIT,17.29944992
Line-9,Machine-17,31-01-2025 04:02,31-01-2025 04:18,Electrical Defect,Chuck Magnet,15.5390501
Line-9,Machine-17,19-02-2025 03:00,19-02-2025 03:14,Electrical Defect,Demag unit,14.16578293
Line-9,Machine-17,19-02-2025 05:19,19-02-2025 05:26,Electrical Defect,Demag unit,7.266016483
Line-9,Machine-17,22-02-2025 01:03,22-02-2025 01:12,Electrical Defect,PP Gauge UNIT,9.02001667
Line-9,Machine-17,17-03-2025 03:57,17-03-2025 04:13,Electrical Defect,Lubrication,15.46451664
Line-9,Machine-17,17-04-2025 05:31,17-04-2025 05:46,Electrical Defect,Relay Contactor,15.51441669
Line-9,Machine-17,18-04-2025 05:41,18-04-2025 05:51,Electrical Defect,Solonoid Valve,10.40991688
Line-9,Machine-17,18-04-2025 03:23,18-04-2025 03:54,Electrical Defect,PP Gauge UNIT,30.73971748
Line-9,Machine-18,07-11-2024 13:00,07-11-2024 13:07,Electrical Defect,Jump Cylinder Unit,7.011266708
Line-9,Machine-18,13-11-2024 11:51,13-11-2024 11:58,Electrical Defect,Demag unit,7.434583187
Line-9,Machine-18,15-11-2024 11:30,15-11-2024 11:44,Electrical Defect,Work head unit,13.76136684
Line-9,Machine-18,15-11-2024 12:25,15-11-2024 12:41,Electrical Defect,Work head unit,16.17564964
Line-9,Machine-18,08-12-2024 11:26,08-12-2024 11:49,Electrical Defect,Gauge Amplifier,22.81306648
Line-9,Machine-18,27-12-2024 13:49,27-12-2024 14:09,Electrical Defect,PP Gauge UNIT,19.50555038
Line-9,Machine-18,28-12-2024 08:21,28-12-2024 08:29,Electrical Defect,Work head unit,7.443649769
Line-9,Machine-18,28-12-2024 09:55,28-12-2024 10:03,Electrical Defect,Work head unit,7.730416775
Line-9,Machine-18,03-01-2025 09:37,03-01-2025 09:42,Electrical Defect,PP Gauge UNIT,5.340833187
Line-9,Machine-18,27-01-2025 10:50,27-01-2025 10:56,Electrical Defect,Relay Contactor,5.550666809
Line-9,Machine-18,29-01-2025 11:11,29-01-2025 11:41,Electrical Defect,PP Gauge UNIT,29.6487999
Line-9,Machine-18,08-02-2025 13:46,08-02-2025 13:56,Electrical Defect,Transfer conveyor system,10.84584999
Line-9,Machine-18,10-02-2025 07:07,10-02-2025 07:16,Electrical Defect,Relay Contactor,8.882733345
Line-9,Machine-18,02-03-2025 13:29,02-03-2025 14:28,Electrical Defect,Sensor Setting,58.51341629
Line-9,Machine-18,03-03-2025 11:27,03-03-2025 11:46,Electrical Defect,Demag unit,19.03504944
Line-9,Machine-18,13-11-2024 16:38,13-11-2024 17:02,Electrical Defect,Demag unit,24.06793404
Line-9,Machine-18,18-11-2024 14:30,18-11-2024 15:37,Electrical Defect,Gauge head,67.74726868
Line-9,Machine-18,06-12-2024 16:01,06-12-2024 16:12,Electrical Defect,Gauge unit,11.54278374
Line-9,Machine-18,06-12-2024 18:27,06-12-2024 19:01,Electrical Defect,Gauge unit,34.07320023
Line-9,Machine-18,06-12-2024 19:12,06-12-2024 19:23,Electrical Defect,Gauge unit,11.10536671
Line-9,Machine-18,24-12-2024 18:15,24-12-2024 19:14,Electrical Defect,Work head unit,58.702034
Line-9,Machine-18,27-12-2024 15:30,27-12-2024 15:46,Electrical Defect,PP Gauge UNIT,15.38223362
Line-9,Machine-18,22-01-2025 14:30,22-01-2025 14:36,Electrical Defect,Relay Contactor,6.117333412
Line-9,Machine-18,25-01-2025 15:32,25-01-2025 15:54,Electrical Defect,Hydraulic system,22.05701637
Line-9,Machine-18,08-02-2025 19:28,08-02-2025 19:37,Electrical Defect,Demag unit,8.927316666
Line-9,Machine-18,20-02-2025 22:27,20-02-2025 22:32,Electrical Defect,Chuck Magnet,5.033150196
Line-9,Machine-18,13-03-2025 20:43,13-03-2025 20:51,Electrical Defect,Chuck Magnet,8.021883011
Line-9,Machine-18,16-03-2025 16:26,16-03-2025 16:46,Electrical Defect,PP Gauge UNIT,19.24670029
Line-9,Machine-18,26-03-2025 16:59,26-03-2025 17:10,Electrical Defect,Work head unit,11.43426704
Line-9,Machine-18,05-04-2025 14:30,05-04-2025 15:13,Electrical Defect,Work head slide,43.11291504
Line-9,Machine-18,14-11-2024 03:08,14-11-2024 04:00,Electrical Defect,Demag unit,51.75344849
Line-9,Machine-18,07-12-2024 23:00,07-12-2024 23:08,Electrical Defect,Intlet conveyor,8.798033714
Line-9,Machine-18,08-12-2024 23:13,09-12-2024 00:26,Electrical Defect,Relay Contactor,72.80633545
Line-9,Machine-18,18-12-2024 23:00,18-12-2024 23:43,Electrical Defect,Work head unit,43.40745163
Line-9,Machine-18,31-01-2025 04:47,31-01-2025 05:15,Electrical Defect,Chuck Magnet,28.31739998
Line-9,Machine-18,19-02-2025 02:48,19-02-2025 02:59,Electrical Defect,Demag unit,10.89766693
Line-9,Machine-18,23-02-2025 01:14,23-02-2025 01:20,Electrical Defect,PP Gauge UNIT,5.866666794
Line-9,Machine-18,17-04-2025 02:19,17-04-2025 02:59,Electrical Defect,Relay Contactor,39.54851532
Line-9,Machine-18,17-04-2025 02:59,17-04-2025 04:26,Electrical Defect,Relay Contactor,87.40405273
Line-9,Machine-19,11-11-2024 13:51,11-11-2024 14:24,Electrical Defect,PP Gauge UNIT,32.49274826
Line-9,Machine-19,13-11-2024 12:07,13-11-2024 12:18,Electrical Defect,Demag unit,10.16419983
Line-9,Machine-19,30-11-2024 13:26,30-11-2024 13:36,Electrical Defect,PP Gauge UNIT,9.515683174
Line-9,Machine-19,08-12-2024 08:02,08-12-2024 09:04,Electrical Defect,Gauge head,61.50256729
Line-9,Machine-19,08-12-2024 10:37,08-12-2024 10:49,Electrical Defect,Gauge Amplifier,12.19890022
Line-9,Machine-19,08-12-2024 10:51,08-12-2024 10:58,Electrical Defect,Gauge Amplifier,7.44416666
Line-9,Machine-19,08-12-2024 11:50,08-12-2024 11:56,Electrical Defect,Gauge Amplifier,5.832749844
Line-9,Machine-19,27-12-2024 14:09,27-12-2024 14:27,Electrical Defect,PP Gauge UNIT,18.00916672
Line-9,Machine-19,29-12-2024 06:40,29-12-2024 06:45,Electrical Defect,PP Gauge UNIT,5.710016727
Line-9,Machine-19,03-01-2025 09:06,03-01-2025 09:12,Electrical Defect,Relay Contactor,6.203199863
Line-9,Machine-19,04-01-2025 11:59,04-01-2025 12:06,Electrical Defect,PP Gauge UNIT,6.620983124
Line-9,Machine-19,20-01-2025 06:18,20-01-2025 06:32,Electrical Defect,PP Gauge UNIT,14.55136681
Line-9,Machine-19,20-01-2025 10:59,20-01-2025 11:04,Electrical Defect,PP Gauge UNIT,5.178733349
Line-9,Machine-19,27-01-2025 11:21,27-01-2025 11:27,Electrical Defect,Relay Contactor,5.715650082
Line-9,Machine-19,29-01-2025 10:45,29-01-2025 10:53,Electrical Defect,PP Gauge UNIT,7.728316784
Line-9,Machine-19,03-02-2025 13:46,03-02-2025 13:59,Electrical Defect,Gauge unit,12.78138351
Line-9,Machine-19,08-02-2025 12:41,08-02-2025 12:56,Electrical Defect,Transfer conveyor system,15.34253311
Line-9,Machine-19,08-02-2025 14:16,08-02-2025 14:30,Electrical Defect,Transfer conveyor system,13.52161694
Line-9,Machine-19,10-02-2025 06:21,10-02-2025 06:51,Electrical Defect,Relay Contactor,29.83118248
Line-9,Machine-19,16-02-2025 07:47,16-02-2025 07:53,Electrical Defect,PP Gauge UNIT,5.54365015
Line-9,Machine-19,18-02-2025 13:09,18-02-2025 13:23,Electrical Defect,PP Gauge UNIT,14.08423328
Line-9,Machine-19,24-03-2025 08:28,24-03-2025 08:45,Electrical Defect,Sensor Setting,17.01638412
Line-9,Machine-19,24-03-2025 10:50,24-03-2025 11:25,Electrical Defect,Demag unit,34.74678421
Line-9,Machine-19,07-04-2025 08:22,07-04-2025 08:49,Electrical Defect,PP Gauge UNIT,26.60351753
Line-9,Machine-19,12-04-2025 08:47,12-04-2025 09:45,Electrical Defect,PP Gauge UNIT,57.95801544
Line-9,Machine-19,16-04-2025 11:40,16-04-2025 13:10,Electrical Defect,PLC power supply Module,89.81009674
Line-9,Machine-19,17-04-2025 06:00,17-04-2025 07:04,Electrical Defect,Flow switch,64.60356903
Line-9,Machine-19,19-04-2025 10:51,19-04-2025 11:39,Electrical Defect,Relay Contactor,47.48208237
Line-9,Machine-19,21-04-2025 06:45,21-04-2025 06:50,Electrical Defect,Relay Contactor,4.992199898
Line-9,Machine-19,26-04-2025 11:20,26-04-2025 11:32,Electrical Defect,PP Gauge UNIT,12.62994957
Line-9,Machine-19,19-11-2024 18:12,19-11-2024 18:21,Electrical Defect,PP Gauge UNIT,8.800683022
Line-9,Machine-19,06-12-2024 15:45,06-12-2024 15:53,Electrical Defect,Gauge unit,7.591849804
Line-9,Machine-19,06-12-2024 18:01,06-12-2024 18:07,Electrical Defect,Gauge unit,6.15170002
Line-9,Machine-19,06-12-2024 20:31,06-12-2024 20:50,Electrical Defect,Gauge unit,19.00959969
Line-9,Machine-19,09-12-2024 19:41,09-12-2024 19:55,Electrical Defect,PP Gauge UNIT,13.47879982
Line-9,Machine-19,27-12-2024 15:11,27-12-2024 15:24,Electrical Defect,PP Gauge UNIT,12.92975044
Line-9,Machine-19,04-01-2025 14:50,04-01-2025 15:00,Electrical Defect,PP Gauge UNIT,10.01208305
Line-9,Machine-19,15-01-2025 21:00,15-01-2025 21:09,Electrical Defect,Demag unit,8.933866501
Line-9,Machine-19,08-02-2025 19:19,08-02-2025 19:28,Electrical Defect,Demag unit,8.935566902
Line-9,Machine-19,15-02-2025 21:09,15-02-2025 21:22,Electrical Defect,Sensor Setting,13.02628326
Line-9,Machine-19,20-02-2025 22:36,20-02-2025 22:45,Electrical Defect,Chuck Magnet,8.837050438
Line-9,Machine-19,23-02-2025 22:04,23-02-2025 22:14,Electrical Defect,PP Gauge UNIT,10.2920332
Line-9,Machine-19,24-02-2025 15:35,24-02-2025 15:56,Electrical Defect,Gauge head,20.49474907
Line-9,Machine-19,28-02-2025 15:07,28-02-2025 15:16,Electrical Defect,PP Gauge UNIT,9.11258316
Line-9,Machine-19,13-03-2025 20:55,13-03-2025 21:09,Electrical Defect,Chuck Magnet,13.11143303
Line-9,Machine-19,30-03-2025 19:33,30-03-2025 19:52,Electrical Defect,Rotary Table,18.5022831
Line-9,Machine-19,03-04-2025 16:06,03-04-2025 16:19,Electrical Defect,PP Gauge UNIT,12.78258324
Line-9,Machine-19,05-04-2025 15:18,05-04-2025 15:54,Electrical Defect,Work head slide,35.76688385
Line-9,Machine-19,07-04-2025 15:51,07-04-2025 15:57,Electrical Defect,PP Gauge UNIT,5.489150047
Line-9,Machine-19,16-04-2025 16:31,16-04-2025 16:44,Electrical Defect,PP Gauge UNIT,12.45003319
Line-9,Machine-19,17-04-2025 14:30,17-04-2025 17:04,Electrical Defect,Relay Contactor,154.0643158
Line-9,Machine-19,17-04-2025 18:37,17-04-2025 18:43,Electrical Defect,Gauge head,6.461983204
Line-9,Machine-19,18-04-2025 19:04,18-04-2025 19:24,Electrical Defect,Servo Motor,19.79613304
Line-9,Machine-19,18-11-2024 02:12,18-11-2024 02:18,Electrical Defect,PP Gauge UNIT,5.868299961
Line-9,Machine-19,24-11-2024 02:10,24-11-2024 02:27,Electrical Defect,PP Gauge UNIT,16.78508377
Line-9,Machine-19,30-11-2024 00:01,30-11-2024 00:07,Electrical Defect,Gauge Amplifier,6.031499863
Line-9,Machine-19,30-11-2024 00:23,30-11-2024 00:32,Electrical Defect,Gauge Amplifier,8.859383583
Line-9,Machine-19,30-11-2024 01:16,30-11-2024 01:58,Electrical Defect,Gauge Amplifier,42.90353394
Line-9,Machine-19,07-12-2024 23:11,07-12-2024 23:45,Electrical Defect,Intlet conveyor,34.10061646
Line-9,Machine-19,07-12-2024 23:49,07-12-2024 23:55,Electrical Defect,Intlet conveyor,5.342116833
Line-9,Machine-19,14-02-2025 00:04,14-02-2025 00:12,Electrical Defect,Gauge Amplifier,7.548316479
Line-9,Machine-19,23-02-2025 02:36,23-02-2025 02:42,Electrical Defect,PP Gauge UNIT,6.022500038
Line-9,Machine-19,17-04-2025 04:58,17-04-2025 05:31,Electrical Defect,Relay Contactor,32.37223434
Line-9,Machine-19,17-04-2025 05:46,17-04-2025 06:00,Electrical Defect,Relay Contactor,13.30333328
Line-9,Machine-19,18-04-2025 02:18,18-04-2025 03:18,Electrical Defect,Relay Contactor,60.59273148
Line-9,Machine-19,18-04-2025 05:34,18-04-2025 05:41,Electrical Defect,Solonoid Valve,6.428050041
Line-9,Machine-19,19-04-2025 00:16,19-04-2025 00:24,Electrical Defect,Solonoid Valve,8.843033791
Line-9,Machine-19,19-04-2025 02:40,19-04-2025 02:46,Electrical Defect,Solonoid Valve,6.694233418
Line-9,Machine-20,11-11-2024 08:49,11-11-2024 08:58,Electrical Defect,PP Gauge UNIT,8.17603302
Line-9,Machine-20,12-11-2024 11:50,12-11-2024 11:56,Electrical Defect,PP Gauge UNIT,5.433116436
Line-9,Machine-20,18-11-2024 07:18,18-11-2024 07:24,Electrical Defect,PP Gauge UNIT,6.214983463
Line-9,Machine-20,30-11-2024 14:06,30-11-2024 14:23,Electrical Defect,Relay Contactor,17.05204964
Line-9,Machine-20,30-11-2024 12:17,30-11-2024 12:22,Electrical Defect,PP Gauge UNIT,5.167283535
Line-9,Machine-20,03-12-2024 07:41,03-12-2024 07:46,Electrical Defect,PP Gauge UNIT,5.058050156
Line-9,Machine-20,11-12-2024 10:07,11-12-2024 10:22,Electrical Defect,Traverse Unit,14.50553322
Line-9,Machine-20,24-12-2024 08:48,24-12-2024 08:53,Electrical Defect,PP Gauge UNIT,5.301799774
Line-9,Machine-20,28-12-2024 08:33,28-12-2024 08:38,Electrical Defect,Work head unit,5.407350063
Line-9,Machine-20,01-01-2025 12:48,01-01-2025 13:01,Electrical Defect,PP Gauge UNIT,13.66151714
Line-9,Machine-20,03-01-2025 06:56,03-01-2025 07:02,Electrical Defect,PP Gauge UNIT,5.928366661
Line-9,Machine-20,03-01-2025 07:15,03-01-2025 07:32,Electrical Defect,PP Gauge UNIT,16.61956596
Line-9,Machine-20,01-02-2025 12:44,01-02-2025 12:50,Electrical Defect,PP Gauge UNIT,5.914883137
Line-9,Machine-20,08-02-2025 13:32,08-02-2025 13:45,Electrical Defect,Transfer conveyor system,13.14036655
Line-9,Machine-20,10-02-2025 06:00,10-02-2025 06:21,Electrical Defect,Relay Contactor,21.31570053
Line-9,Machine-20,16-02-2025 06:08,16-02-2025 06:15,Electrical Defect,PP Gauge UNIT,7.035133362
Line-9,Machine-20,16-02-2025 10:33,16-02-2025 10:39,Electrical Defect,PP Gauge UNIT,6.291800022
Line-9,Machine-20,09-03-2025 11:11,09-03-2025 11:24,Electrical Defect,Oscillation unit,12.73516655
Line-9,Machine-20,16-03-2025 12:03,16-03-2025 12:09,Electrical Defect,PP Gauge UNIT,6.067966461
Line-9,Machine-20,26-03-2025 06:12,26-03-2025 06:17,Electrical Defect,PP Gauge UNIT,5.422366619
Line-9,Machine-20,12-04-2025 06:26,12-04-2025 06:34,Electrical Defect,PP Gauge UNIT,7.881166458
Line-9,Machine-20,16-04-2025 13:10,16-04-2025 13:53,Electrical Defect,PLC power supply Module,43.02438354
Line-9,Machine-20,17-04-2025 07:09,17-04-2025 07:35,Electrical Defect,Flow switch,26.11383247
Line-9,Machine-20,18-04-2025 06:39,18-04-2025 07:31,Electrical Defect,Gauge head,52.0201683
Line-9,Machine-20,19-04-2025 11:44,19-04-2025 12:45,Electrical Defect,Relay Contactor,61.01919937
Line-9,Machine-20,26-04-2025 07:04,26-04-2025 07:11,Electrical Defect,PP Gauge UNIT,7.687083244
Line-9,Machine-20,27-04-2025 12:45,27-04-2025 12:50,Electrical Defect,PP Gauge UNIT,5.089366436
Line-9,Machine-20,05-11-2024 18:32,05-11-2024 18:40,Electrical Defect,PP Gauge UNIT,8.323633194
Line-9,Machine-20,12-11-2024 15:34,12-11-2024 15:49,Electrical Defect,Demag unit,15.32473373
Line-9,Machine-20,14-11-2024 16:33,14-11-2024 16:47,Electrical Defect,PP Gauge UNIT,14.73841667
Line-9,Machine-20,23-11-2024 18:17,23-11-2024 18:27,Electrical Defect,Sensor Setting,9.756633759
Line-9,Machine-20,23-11-2024 18:59,23-11-2024 19:07,Electrical Defect,Sensor Setting,8.384616852
Line-9,Machine-20,23-11-2024 19:14,23-11-2024 19:23,Electrical Defect,Sensor Setting,8.264949799
Line-9,Machine-20,23-11-2024 19:47,23-11-2024 20:31,Electrical Defect,Sensor Setting,44.221035
Line-9,Machine-20,24-11-2024 15:13,24-11-2024 15:19,Electrical Defect,PP Gauge UNIT,6.790766716
Line-9,Machine-20,06-12-2024 14:33,06-12-2024 14:39,Electrical Defect,Gauge unit,6.153900146
Line-9,Machine-20,20-12-2024 18:19,20-12-2024 18:48,Electrical Defect,Servo Motor,29.69268417
Line-9,Machine-20,20-12-2024 20:42,20-12-2024 20:48,Electrical Defect,Servo Motor,6.111733437
Line-9,Machine-20,26-12-2024 17:03,26-12-2024 17:13,Electrical Defect,PP Gauge UNIT,9.750816345
Line-9,Machine-20,27-12-2024 15:06,27-12-2024 15:11,Electrical Defect,PP Gauge UNIT,5.103549957
Line-9,Machine-20,27-12-2024 16:55,27-12-2024 17:14,Electrical Defect,PP Gauge UNIT,18.24286652
Line-9,Machine-20,03-01-2025 15:01,03-01-2025 15:07,Electrical Defect,Sensor Setting,5.723766804
Line-9,Machine-20,13-01-2025 15:42,13-01-2025 15:47,Electrical Defect,PP Gauge UNIT,5.60371685
Line-9,Machine-20,24-01-2025 19:58,24-01-2025 20:08,Electrical Defect,PP Gauge UNIT,10.81085014
Line-9,Machine-20,05-02-2025 21:27,05-02-2025 21:36,Electrical Defect,PP Gauge UNIT,9.317767143
Line-9,Machine-20,02-03-2025 15:03,02-03-2025 15:09,Electrical Defect,Sensor Setting,5.45876646
Line-9,Machine-20,06-03-2025 21:27,06-03-2025 21:34,Electrical Defect,PP Gauge UNIT,6.534599781
Line-9,Machine-20,16-03-2025 16:14,16-03-2025 16:24,Electrical Defect,PP Gauge UNIT,9.644033432
Line-9,Machine-20,05-04-2025 20:40,05-04-2025 21:18,Electrical Defect,PP Gauge UNIT,38.4336319
Line-9,Machine-20,07-04-2025 19:06,07-04-2025 19:12,Electrical Defect,PP Gauge UNIT,5.307116508
Line-9,Machine-20,19-11-2024 00:16,19-11-2024 00:22,Electrical Defect,PP Gauge UNIT,5.200433254
Line-9,Machine-20,30-11-2024 00:33,30-11-2024 00:39,Electrical Defect,Gauge Amplifier,5.850200176
Line-9,Machine-20,12-12-2024 04:45,12-12-2024 04:51,Electrical Defect,PP Gauge UNIT,6.281000137
Line-9,Machine-20,21-12-2024 02:51,21-12-2024 02:57,Electrical Defect,PP Gauge UNIT,5.462966442
Line-9,Machine-20,29-12-2024 00:36,29-12-2024 00:42,Electrical Defect,PP Gauge UNIT,5.896383286
Line-9,Machine-20,03-01-2025 05:22,03-01-2025 05:31,Electrical Defect,PP Gauge UNIT,9.211317062
Line-9,Machine-20,08-01-2025 03:19,08-01-2025 03:29,Electrical Defect,Sensor Setting,10.57444954
Line-9,Machine-20,08-01-2025 03:36,08-01-2025 03:50,Electrical Defect,Sensor Setting,14.28148365
Line-9,Machine-20,12-01-2025 04:16,12-01-2025 04:25,Electrical Defect,PP Gauge UNIT,8.987466812
Line-9,Machine-20,28-01-2025 00:24,28-01-2025 00:41,Electrical Defect,PP Gauge UNIT,16.43918419
Line-9,Machine-20,01-02-2025 00:11,01-02-2025 00:16,Electrical Defect,PP Gauge UNIT,5.63285017
Line-9,Machine-20,11-02-2025 00:01,11-02-2025 00:07,Electrical Defect,PP Gauge UNIT,5.734749794
Line-9,Machine-20,23-02-2025 01:00,23-02-2025 01:14,Electrical Defect,Demag unit,13.63364983
Line-9,Machine-20,07-03-2025 00:38,07-03-2025 00:44,Electrical Defect,PP Gauge UNIT,6.518799782
Line-9,Machine-20,14-03-2025 01:23,14-03-2025 01:29,Electrical Defect,PP Gauge UNIT,6.06798315
Line-9,Machine-20,03-04-2025 02:00,03-04-2025 02:07,Electrical Defect,PP Gauge UNIT,7.179783344
Line-9,Machine-20,04-04-2025 03:14,04-04-2025 03:22,Electrical Defect,Chuck Magnet,8.179833412
Line-9,Machine-20,04-04-2025 05:06,04-04-2025 05:17,Electrical Defect,Chuck Magnet,11.87803364
Line-9,Machine-20,09-04-2025 02:48,09-04-2025 03:50,Electrical Defect,Relay Contactor,62.53413391
Line-9,Machine-20,18-04-2025 03:54,18-04-2025 04:43,Electrical Defect,Solonoid Valve,48.4198494
Line-4,Machine-21,09-11-2024 12:50,09-11-2024 12:56,Electrical Defect,Relay Contactor,6.431266785
Line-4,Machine-21,09-12-2024 11:38,09-12-2024 11:45,Electrical Defect,Relay Contactor,6.439666748
Line-4,Machine-21,09-12-2024 12:02,09-12-2024 12:18,Electrical Defect,Sensor Setting,16.16346741
Line-4,Machine-21,18-12-2024 07:28,18-12-2024 07:43,Electrical Defect,Gauge Amplifier,14.36621666
Line-4,Machine-21,18-12-2024 14:22,18-12-2024 14:30,Electrical Defect,Gauge Amplifier,7.376516819
Line-4,Machine-21,25-12-2024 09:06,25-12-2024 09:20,Electrical Defect,Gauge Amplifier,14.12998295
Line-4,Machine-21,25-12-2024 10:04,25-12-2024 10:50,Electrical Defect,Gauge Amplifier,46.02460098
Line-4,Machine-21,25-12-2024 13:22,25-12-2024 14:10,Electrical Defect,Gauge Amplifier,48.45916748
Line-4,Machine-21,30-12-2024 12:17,30-12-2024 12:22,Electrical Defect,Relay Contactor,5.026533127
Line-4,Machine-21,28-01-2025 13:12,28-01-2025 13:29,Electrical Defect,Sensor Setting,16.55274963
Line-4,Machine-21,10-02-2025 11:41,10-02-2025 11:55,Electrical Defect,Gauge Amplifier,14.74346638
Line-4,Machine-21,12-02-2025 09:23,12-02-2025 09:44,Electrical Defect,Relay Contactor,21.25790024
Line-4,Machine-21,17-02-2025 09:28,17-02-2025 10:11,Electrical Defect,Work head unit,43.49134827
Line-4,Machine-21,08-04-2025 10:48,08-04-2025 11:12,Electrical Defect,Sensor Setting,23.06466675
Line-4,Machine-21,09-04-2025 12:59,09-04-2025 13:08,Electrical Defect,Relay Contactor,9.266233444
Line-4,Machine-21,09-04-2025 14:17,09-04-2025 14:30,Electrical Defect,Relay Contactor,12.34411621
Line-4,Machine-21,09-04-2025 11:40,09-04-2025 11:46,Electrical Defect,PLC CPU,6.275249958
Line-4,Machine-21,16-11-2024 14:39,16-11-2024 14:48,Electrical Defect,Relay Contactor,9.875267029
Line-4,Machine-21,16-11-2024 14:52,16-11-2024 15:07,Electrical Defect,Relay Contactor,14.72253323
Line-4,Machine-21,16-11-2024 18:34,16-11-2024 19:00,Electrical Defect,Demag unit,25.90066719
Line-4,Machine-21,16-11-2024 19:03,16-11-2024 19:38,Electrical Defect,Demag unit,34.24121857
Line-4,Machine-21,17-12-2024 15:45,17-12-2024 15:50,Electrical Defect,Gauge Amplifier,5.433016777
Line-4,Machine-21,17-12-2024 18:23,17-12-2024 18:32,Electrical Defect,Gauge Amplifier,9.400349617
Line-4,Machine-21,17-12-2024 18:36,17-12-2024 19:07,Electrical Defect,Gauge Amplifier,30.55443382
Line-4,Machine-21,17-12-2024 20:47,17-12-2024 20:55,Electrical Defect,Gauge Amplifier,7.376850128
Line-4,Machine-21,17-12-2024 22:04,17-12-2024 22:10,Electrical Defect,Gauge Amplifier,6.432066441
Line-4,Machine-21,17-12-2024 22:14,17-12-2024 22:39,Electrical Defect,Gauge Amplifier,25.70481682
Line-4,Machine-21,20-12-2024 18:25,20-12-2024 18:37,Electrical Defect,Oscillation unit,12.02333355
Line-4,Machine-21,20-12-2024 16:46,20-12-2024 17:24,Electrical Defect,Traverse Unit,37.60111618
Line-4,Machine-21,20-12-2024 19:10,20-12-2024 19:18,Electrical Defect,Traverse Unit,7.477066517
Line-4,Machine-21,20-12-2024 20:51,20-12-2024 20:57,Electrical Defect,Traverse Unit,5.799200058
Line-4,Machine-21,03-01-2025 22:19,03-01-2025 22:25,Electrical Defect,Oscillation unit,6.097899914
Line-4,Machine-21,03-01-2025 22:27,03-01-2025 23:00,Electrical Defect,Oscillation unit,32.4850502
Line-4,Machine-21,06-02-2025 20:57,06-02-2025 23:00,Electrical Defect,Gauge head,123.0954666
Line-4,Machine-21,16-02-2025 16:57,16-02-2025 17:50,Electrical Defect,Relay Contactor,53.45399857
Line-4,Machine-21,22-02-2025 19:53,22-02-2025 20:14,Electrical Defect,Gauge head,20.86383247
Line-4,Machine-21,02-03-2025 16:38,02-03-2025 16:49,Electrical Defect,Gauge Amplifier,11.31283379
Line-4,Machine-21,12-03-2025 21:10,12-03-2025 21:18,Electrical Defect,Relay Contactor,7.316916466
Line-4,Machine-21,13-04-2025 22:51,13-04-2025 23:00,Electrical Defect,Relay Contactor,8.940400124
Line-4,Machine-21,13-12-2024 04:58,13-12-2024 05:21,Electrical Defect,Lubrication,23.14506721
Line-4,Machine-21,13-12-2024 05:37,13-12-2024 05:42,Electrical Defect,Lubrication,5.156350136
Line-4,Machine-21,18-12-2024 00:11,18-12-2024 00:16,Electrical Defect,Gauge head,5.336333275
Line-4,Machine-21,18-12-2024 02:10,18-12-2024 02:18,Electrical Defect,Gauge head,7.361499786
Line-4,Machine-21,18-12-2024 04:35,18-12-2024 04:41,Electrical Defect,Gauge head,5.964266777
Line-4,Machine-21,21-12-2024 04:24,21-12-2024 04:30,Electrical Defect,Loose connection,6.107600212
Line-4,Machine-21,03-01-2025 23:00,03-01-2025 23:06,Electrical Defect,Oscillation unit,6.641449928
Line-4,Machine-21,03-01-2025 23:06,04-01-2025 00:02,Electrical Defect,Oscillation unit,56.01679993
Line-4,Machine-21,06-02-2025 23:00,07-02-2025 00:33,Electrical Defect,Gauge head,93.84960175
Line-4,Machine-21,03-03-2025 01:24,03-03-2025 01:35,Electrical Defect,Gauge Amplifier,11.59351635
Line-4,Machine-21,03-03-2025 01:36,03-03-2025 01:47,Electrical Defect,Gauge Amplifier,10.35343361
Line-4,Machine-21,17-03-2025 05:24,17-03-2025 05:31,Electrical Defect,Relay Contactor,6.371116638
Line-9,Machine-22,04-11-2024 06:32,04-11-2024 06:47,Electrical Defect,Work head unit,14.88338375
Line-9,Machine-22,04-11-2024 07:20,04-11-2024 07:29,Electrical Defect,Work head unit,9.246666908
Line-9,Machine-22,03-12-2024 11:50,03-12-2024 12:21,Electrical Defect,Relay Contactor,30.93261719
Line-9,Machine-22,04-12-2024 08:15,04-12-2024 08:21,Electrical Defect,Relay Contactor,5.383616447
Line-9,Machine-22,11-01-2025 13:57,11-01-2025 14:04,Electrical Defect,Relay Contactor,6.823349953
Line-9,Machine-22,10-02-2025 06:00,10-02-2025 06:50,Electrical Defect,Transfer conveyor system,50.74556732
Line-9,Machine-22,14-04-2025 09:57,14-04-2025 13:21,Electrical Defect,Work head unit,204.1852722
Line-9,Machine-22,14-11-2024 21:27,14-11-2024 22:02,Electrical Defect,Gauge head,34.99713516
Line-9,Machine-22,14-11-2024 22:04,14-11-2024 22:19,Electrical Defect,Gauge head,15.24626637
Line-9,Machine-22,17-11-2024 14:30,17-11-2024 14:45,Electrical Defect,Sensor Setting,14.94040012
Line-9,Machine-22,22-01-2025 14:53,22-01-2025 15:23,Electrical Defect,Panel A.C.,30.11730003
Line-9,Machine-22,05-02-2025 20:49,05-02-2025 21:02,Electrical Defect,Transfer conveyor system,12.34818363
Line-9,Machine-22,19-04-2025 19:29,19-04-2025 19:44,Electrical Defect,Sensor Setting,15.9168663
Line-9,Machine-22,04-11-2024 03:53,04-11-2024 04:06,Electrical Defect,Work head unit,13.67663288
Line-9,Machine-22,15-11-2024 00:04,15-11-2024 02:05,Electrical Defect,Relay Contactor,120.8436203
Line-9,Machine-22,15-11-2024 05:22,15-11-2024 06:00,Electrical Defect,Gauge head,38.07775116
Line-9,Machine-22,01-12-2024 23:00,02-12-2024 00:42,Electrical Defect,Relay Contactor,101.5076141
Line-9,Machine-22,06-12-2024 05:03,06-12-2024 05:10,Electrical Defect,Sensor Setting,7.64831686
Line-9,Machine-22,25-01-2025 02:50,25-01-2025 03:32,Electrical Defect,Rotary hopper,41.70423508
Line-9,Machine-22,17-04-2025 03:47,17-04-2025 03:52,Electrical Defect,Oscillation unit,5.502833366
Line-9,Machine-22,17-04-2025 03:55,17-04-2025 04:08,Electrical Defect,Oscillation unit,13.13328362
Line-1,Machine-23,04-11-2024 09:08,04-11-2024 09:18,Electrical Defect,PP Gauge UNIT,9.519433022
Line-1,Machine-23,23-11-2024 06:00,23-11-2024 11:07,Electrical Defect,Machine Control Panel,306.7783508
Line-1,Machine-23,06-01-2025 09:50,06-01-2025 10:06,Electrical Defect,PP Gauge UNIT,16.33370018
Line-1,Machine-23,03-03-2025 10:40,03-03-2025 10:52,Electrical Defect,PP Gauge UNIT,11.305933
Line-1,Machine-23,10-03-2025 09:33,10-03-2025 12:55,Electrical Defect,Chuck Magnet,201.7861786
Line-1,Machine-23,12-03-2025 07:57,12-03-2025 08:29,Electrical Defect,Relay Contactor,31.94499969
Line-1,Machine-23,26-03-2025 09:02,26-03-2025 10:51,Electrical Defect,Gauge head,108.4366837
Line-1,Machine-23,26-03-2025 11:20,26-03-2025 11:26,Electrical Defect,Gauge head,6.281449795
Line-1,Machine-23,26-03-2025 11:32,26-03-2025 11:43,Electrical Defect,Gauge head,10.81491661
Line-1,Machine-23,04-04-2025 13:10,04-04-2025 13:30,Electrical Defect,Relay Contactor,19.76921654
Line-1,Machine-23,13-11-2024 18:20,13-11-2024 19:11,Electrical Defect,Gauge Amplifier,51.44608307
Line-1,Machine-23,01-12-2024 15:44,01-12-2024 15:57,Electrical Defect,Gauge head,13.15646648
Line-1,Machine-23,11-12-2024 14:30,11-12-2024 14:42,Electrical Defect,Relay Contactor,12.32246685
Line-1,Machine-23,13-01-2025 18:16,13-01-2025 19:13,Electrical Defect,Chuck Magnet,56.4889183
Line-1,Machine-23,02-03-2025 15:03,02-03-2025 15:10,Electrical Defect,PP Gauge UNIT,7.531083107
Line-1,Machine-23,15-03-2025 14:30,15-03-2025 21:48,Electrical Defect,Chuck Magnet,437.9760132
Line-1,Machine-23,20-03-2025 16:34,20-03-2025 16:57,Electrical Defect,PP Gauge UNIT,23.4603672
Line-1,Machine-23,01-12-2024 04:58,01-12-2024 05:22,Electrical Defect,Relay Contactor,24.41356659
Line-1,Machine-23,29-01-2025 01:52,29-01-2025 02:05,Electrical Defect,Sensor Setting,12.86518288
Line-1,Machine-23,13-02-2025 01:49,13-02-2025 02:09,Electrical Defect,Chuck Magnet,19.40373421
Line-1,Machine-23,08-03-2025 00:59,08-03-2025 01:17,Electrical Defect,Demag unit,17.49466705
Line-1,Machine-23,23-04-2025 23:00,23-04-2025 23:55,Electrical Defect,Servo drive,55.50058365
Line-4,Machine-24,03-11-2024 12:39,03-11-2024 12:49,Electrical Defect,PP Gauge UNIT,10.09658337
Line-4,Machine-24,12-11-2024 14:02,12-11-2024 14:30,Electrical Defect,Demag unit,28.06055069
Line-4,Machine-24,01-12-2024 08:35,01-12-2024 08:47,Electrical Defect,Relay Contactor,12.09618378
Line-4,Machine-24,05-12-2024 08:56,05-12-2024 09:40,Electrical Defect,Gauge Amplifier,43.92903519
Line-4,Machine-24,05-12-2024 10:31,05-12-2024 11:07,Electrical Defect,Gauge Amplifier,36.60886765
Line-4,Machine-24,07-12-2024 12:26,07-12-2024 12:31,Electrical Defect,Gauge head,5.150599957
Line-4,Machine-24,17-12-2024 06:00,17-12-2024 08:12,Electrical Defect,Relay Contactor,132.0398407
Line-4,Machine-24,21-12-2024 06:00,21-12-2024 06:05,Electrical Defect,PP Gauge UNIT,5.724183559
Line-4,Machine-24,21-12-2024 10:49,21-12-2024 10:55,Electrical Defect,PP Gauge UNIT,6.175149918
Line-4,Machine-24,15-01-2025 09:51,15-01-2025 12:28,Electrical Defect,Dresser unit,157.2347107
Line-4,Machine-24,20-01-2025 06:06,20-01-2025 06:14,Electrical Defect,PP Gauge UNIT,8.521966934
Line-4,Machine-24,20-01-2025 06:37,20-01-2025 06:44,Electrical Defect,PP Gauge UNIT,6.742516518
Line-4,Machine-24,04-02-2025 06:38,04-02-2025 07:07,Electrical Defect,Machine Control Panel,28.81113243
Line-4,Machine-24,28-02-2025 12:42,28-02-2025 13:06,Electrical Defect,PP Gauge UNIT,23.3709507
Line-4,Machine-24,02-03-2025 07:04,02-03-2025 07:15,Electrical Defect,Sensor Setting,10.5114336
Line-4,Machine-24,06-03-2025 08:00,06-03-2025 08:31,Electrical Defect,PP Gauge UNIT,30.6630497
Line-4,Machine-24,06-03-2025 10:13,06-03-2025 10:57,Electrical Defect,PP Gauge UNIT,44.01006699
Line-4,Machine-24,16-03-2025 09:21,16-03-2025 09:26,Electrical Defect,PP Gauge UNIT,5.023866653
Line-4,Machine-24,02-04-2025 08:51,02-04-2025 09:07,Electrical Defect,Relay Contactor,15.92070007
Line-4,Machine-24,02-04-2025 10:15,02-04-2025 10:36,Electrical Defect,Relay Contactor,20.53053284
Line-4,Machine-24,02-04-2025 11:28,02-04-2025 11:48,Electrical Defect,Relay Contactor,20.08398247
Line-4,Machine-24,02-04-2025 14:21,02-04-2025 14:30,Electrical Defect,Relay Contactor,8.706083298
Line-4,Machine-24,03-04-2025 06:10,03-04-2025 06:18,Electrical Defect,Relay Contactor,7.665699959
Line-4,Machine-24,05-04-2025 09:18,05-04-2025 11:57,Electrical Defect,Overload Current,159.8282166
Line-4,Machine-24,06-04-2025 07:55,06-04-2025 08:06,Electrical Defect,Gauge head,10.91346645
Line-4,Machine-24,06-04-2025 08:43,06-04-2025 08:49,Electrical Defect,PP Gauge UNIT,6.292083263
Line-4,Machine-24,07-04-2025 07:39,07-04-2025 07:54,Electrical Defect,Gauge head,14.81686687
Line-4,Machine-24,07-04-2025 09:41,07-04-2025 10:13,Electrical Defect,Gauge head,32.83311844
Line-4,Machine-24,07-04-2025 12:01,07-04-2025 12:43,Electrical Defect,Gauge unit,42.75676727
Line-4,Machine-24,10-04-2025 09:47,10-04-2025 09:53,Electrical Defect,PP Gauge UNIT,5.186800003
Line-4,Machine-24,20-04-2025 11:05,20-04-2025 11:17,Electrical Defect,J-type hopper,11.44141674
Line-4,Machine-24,29-04-2025 07:22,29-04-2025 07:59,Electrical Defect,Motor Change,36.96491623
Line-4,Machine-24,10-11-2024 18:46,10-11-2024 19:26,Electrical Defect,Gauge head,40.36806488
Line-4,Machine-24,12-11-2024 14:30,12-11-2024 15:31,Electrical Defect,Demag unit,61.75305176
Line-4,Machine-24,12-11-2024 17:40,12-11-2024 18:31,Electrical Defect,Demag unit,51.24023438
Line-4,Machine-24,13-11-2024 18:25,13-11-2024 18:31,Electrical Defect,Chuck Magnet,6.01208353
Line-4,Machine-24,18-12-2024 19:20,18-12-2024 19:26,Electrical Defect,PP Gauge UNIT,5.804349899
Line-4,Machine-24,04-01-2025 14:30,04-01-2025 14:35,Electrical Defect,PP Gauge UNIT,5.251116753
Line-4,Machine-24,29-01-2025 16:36,29-01-2025 16:45,Electrical Defect,Sensor Setting,9.023550034
Line-4,Machine-24,29-01-2025 17:22,29-01-2025 17:33,Electrical Defect,Sensor Setting,10.11911678
Line-4,Machine-24,29-01-2025 17:38,29-01-2025 17:45,Electrical Defect,Sensor Setting,6.977350235
Line-4,Machine-24,29-01-2025 19:29,29-01-2025 19:35,Electrical Defect,Sensor Setting,5.842533112
Line-4,Machine-24,01-02-2025 18:14,01-02-2025 18:20,Electrical Defect,PP Gauge UNIT,5.808816433
Line-4,Machine-24,03-02-2025 22:29,03-02-2025 23:00,Electrical Defect,Dresser unit,31.05561638
Line-4,Machine-24,08-02-2025 15:50,08-02-2025 17:01,Electrical Defect,Gauge head,71.34380341
Line-4,Machine-24,13-02-2025 16:09,13-02-2025 16:18,Electrical Defect,Demag unit,9.266750336
Line-4,Machine-24,13-02-2025 16:27,13-02-2025 16:38,Electrical Defect,Demag unit,10.5230999
Line-4,Machine-24,06-03-2025 17:29,06-03-2025 17:50,Electrical Defect,PP Gauge UNIT,21.40636635
Line-4,Machine-24,09-03-2025 14:30,09-03-2025 15:07,Electrical Defect,PP Gauge UNIT,37.72985077
Line-4,Machine-24,02-04-2025 14:30,02-04-2025 14:42,Electrical Defect,Dresser unit,12.60236645
Line-4,Machine-24,02-04-2025 14:48,02-04-2025 15:07,Electrical Defect,Dresser unit,18.58880043
Line-4,Machine-24,02-04-2025 17:01,02-04-2025 17:32,Electrical Defect,Dresser unit,30.41576576
Line-4,Machine-24,05-04-2025 17:16,05-04-2025 17:43,Electrical Defect,Gauge head,26.48889923
Line-4,Machine-24,22-04-2025 17:52,22-04-2025 17:59,Electrical Defect,Work head unit,6.587649822
Line-4,Machine-24,24-04-2025 16:39,24-04-2025 17:05,Electrical Defect,PP Gauge UNIT,26.06484985
Line-4,Machine-24,26-04-2025 15:58,26-04-2025 16:03,Electrical Defect,PP Gauge UNIT,5.380783558
Line-4,Machine-24,08-11-2024 01:39,08-11-2024 01:46,Electrical Defect,Relay Contactor,6.964133263
Line-4,Machine-24,08-11-2024 01:11,08-11-2024 01:25,Electrical Defect,Chuck Magnet,13.55033302
Line-4,Machine-24,17-12-2024 05:25,17-12-2024 06:00,Electrical Defect,Work head slide,34.34941483
Line-4,Machine-24,27-12-2024 05:03,27-12-2024 05:09,Electrical Defect,Relay Contactor,6.274199963
Line-4,Machine-24,29-01-2025 01:44,29-01-2025 01:58,Electrical Defect,PLC,13.03368378
Line-4,Machine-24,03-02-2025 23:00,03-02-2025 23:21,Electrical Defect,Relay Contactor,21.3774662
Line-4,Machine-24,13-02-2025 03:48,13-02-2025 03:56,Electrical Defect,Demag unit,8.36744976
Line-4,Machine-24,23-02-2025 02:58,23-02-2025 03:07,Electrical Defect,PP Gauge UNIT,8.797249794
Line-4,Machine-24,06-03-2025 01:27,06-03-2025 01:36,Electrical Defect,Sensor Setting,8.206850052
Line-4,Machine-24,06-03-2025 02:41,06-03-2025 02:53,Electrical Defect,Sensor Setting,12.60093307
Line-4,Machine-24,23-03-2025 03:05,23-03-2025 03:22,Electrical Defect,Relay Contactor,16.29515076
Line-4,Machine-24,26-03-2025 02:56,26-03-2025 03:26,Electrical Defect,Dresser unit,30.55946732
Line-4,Machine-24,01-04-2025 03:38,01-04-2025 04:02,Electrical Defect,Dresser unit,24.36598396
Line-4,Machine-24,02-04-2025 03:17,02-04-2025 03:33,Electrical Defect,Relay Contactor,15.95601654
Line-1,Machine-25,15-11-2024 06:00,15-11-2024 13:12,Electrical Defect,Machine Control Panel,432.5860596
Line-1,Machine-25,06-01-2025 07:39,06-01-2025 07:45,Electrical Defect,PP Gauge UNIT,5.939700127
Line-1,Machine-25,08-01-2025 11:47,08-01-2025 11:57,Electrical Defect,PP Gauge UNIT,9.898850441
Line-1,Machine-25,17-01-2025 07:59,17-01-2025 08:11,Electrical Defect,PP Gauge UNIT,11.4715004
Line-1,Machine-25,29-01-2025 08:07,29-01-2025 08:24,Electrical Defect,Relay Contactor,17.56410027
Line-1,Machine-25,06-02-2025 06:20,06-02-2025 06:39,Electrical Defect,Relay Contactor,18.6791172
Line-1,Machine-25,06-02-2025 06:51,06-02-2025 06:58,Electrical Defect,PP Gauge UNIT,6.714366436
Line-1,Machine-25,16-02-2025 13:08,16-02-2025 13:14,Electrical Defect,Sensor Setting,5.337716579
Line-1,Machine-25,01-03-2025 12:54,01-03-2025 13:08,Electrical Defect,PP Gauge UNIT,14.41018295
Line-1,Machine-25,07-03-2025 08:02,07-03-2025 08:22,Electrical Defect,PP Gauge UNIT,19.95906639
Line-1,Machine-25,09-03-2025 08:14,09-03-2025 08:20,Electrical Defect,PP Gauge UNIT,6.43168354
Line-1,Machine-25,10-03-2025 06:00,10-03-2025 06:50,Electrical Defect,Chuck Magnet,50.39151764
Line-1,Machine-25,10-03-2025 07:02,10-03-2025 07:26,Electrical Defect,Chuck Magnet,24.00143242
Line-1,Machine-25,10-03-2025 08:20,10-03-2025 09:33,Electrical Defect,Gauge unit,72.64855194
Line-1,Machine-25,12-03-2025 06:00,12-03-2025 07:52,Electrical Defect,Relay Contactor,112.4521027
Line-1,Machine-25,15-03-2025 06:00,15-03-2025 06:51,Electrical Defect,Chuck Magnet,51.52534866
Line-1,Machine-25,26-03-2025 10:53,26-03-2025 11:20,Electrical Defect,Gauge head,26.30368423
Line-1,Machine-25,04-04-2025 13:31,04-04-2025 13:43,Electrical Defect,Relay Contactor,12.24170017
Line-1,Machine-25,17-04-2025 06:59,17-04-2025 07:16,Electrical Defect,Hydrostatic System,16.63923264
Line-1,Machine-25,22-04-2025 09:53,22-04-2025 10:06,Electrical Defect,PP Gauge UNIT,13.16880035
Line-1,Machine-25,30-11-2024 20:56,30-11-2024 21:43,Electrical Defect,Gauge head,47.46595001
Line-1,Machine-25,12-12-2024 18:54,12-12-2024 19:05,Electrical Defect,PP Gauge UNIT,11.38168335
Line-1,Machine-25,03-01-2025 18:03,03-01-2025 18:24,Electrical Defect,PP Gauge UNIT,21.19714928
Line-1,Machine-25,04-01-2025 15:43,04-01-2025 15:53,Electrical Defect,PP Gauge UNIT,9.903783798
Line-1,Machine-25,06-02-2025 16:42,06-02-2025 16:52,Electrical Defect,PP Gauge UNIT,10.19286633
Line-1,Machine-25,15-02-2025 21:22,15-02-2025 22:27,Electrical Defect,PP Gauge UNIT,64.48196411
Line-1,Machine-25,18-04-2025 15:08,18-04-2025 15:16,Electrical Defect,Sensor Setting,8.615750313
Line-1,Machine-25,18-04-2025 15:19,18-04-2025 15:24,Electrical Defect,Sensor Setting,5.148866653
Line-1,Machine-25,18-04-2025 16:24,18-04-2025 16:34,Electrical Defect,Sensor Setting,10.28788376
Line-1,Machine-25,13-11-2024 04:43,13-11-2024 05:17,Electrical Defect,CNC CPU,33.4454155
Line-1,Machine-25,03-01-2025 23:27,03-01-2025 23:42,Electrical Defect,Gauge Amplifier,15.65005016
Line-1,Machine-25,04-01-2025 05:37,04-01-2025 06:00,Electrical Defect,Gauge Amplifier,22.92676735
Line-1,Machine-25,13-02-2025 00:09,13-02-2025 01:44,Electrical Defect,Chuck Magnet,95.16674805
Line-1,Machine-25,27-02-2025 23:41,27-02-2025 23:53,Electrical Defect,PP Gauge UNIT,12.38193321
Line-1,Machine-25,14-03-2025 04:36,14-03-2025 05:00,Electrical Defect,PP Gauge UNIT,24.3177166
Line-1,Machine-25,14-03-2025 05:36,14-03-2025 06:00,Electrical Defect,PP Gauge UNIT,23.19145012
Line-1,Machine-25,14-04-2025 00:16,14-04-2025 00:25,Electrical Defect,Sensor Setting,8.638299942
Line-1,Machine-25,21-04-2025 23:33,21-04-2025 23:39,Electrical Defect,Chuck Magnet,6.301599979
Line-1,Machine-25,25-04-2025 23:00,25-04-2025 23:07,Electrical Defect,PP Gauge UNIT,7.351900101
Line-10,Machine-26,12-11-2024 10:37,12-11-2024 10:58,Electrical Defect,Relay Contactor,21.38318253
Line-10,Machine-26,07-12-2024 14:18,07-12-2024 14:30,Electrical Defect,PP Gauge UNIT,11.14473343
Line-10,Machine-26,09-12-2024 11:43,09-12-2024 11:52,Electrical Defect,Gauge head,8.370816231
Line-10,Machine-26,09-12-2024 10:23,09-12-2024 10:48,Electrical Defect,Gauge Amplifier,24.83983421
Line-10,Machine-26,09-12-2024 10:52,09-12-2024 11:18,Electrical Defect,Gauge Amplifier,26.07889938
Line-10,Machine-26,14-12-2024 07:05,14-12-2024 07:10,Electrical Defect,PP Gauge UNIT,5.378733158
Line-10,Machine-26,14-12-2024 07:19,14-12-2024 07:25,Electrical Defect,PP Gauge UNIT,5.823116779
Line-10,Machine-26,18-12-2024 10:01,18-12-2024 10:36,Electrical Defect,Overload Current,35.15138245
Line-10,Machine-26,31-12-2024 12:24,31-12-2024 12:52,Electrical Defect,PP Gauge UNIT,27.37333298
Line-10,Machine-26,31-12-2024 06:00,31-12-2024 08:19,Electrical Defect,Work head unit,139.4466553
Line-10,Machine-26,11-01-2025 06:42,11-01-2025 07:29,Electrical Defect,Relay Contactor,46.73994827
Line-10,Machine-26,22-01-2025 08:39,22-01-2025 08:50,Electrical Defect,Machine Control Panel,10.81668377
Line-10,Machine-26,25-01-2025 13:17,25-01-2025 13:34,Electrical Defect,Hydraulic system,17.61546707
Line-10,Machine-26,27-01-2025 11:46,27-01-2025 11:54,Electrical Defect,Gauge head,8.42203331
Line-10,Machine-26,30-01-2025 07:13,30-01-2025 07:20,Electrical Defect,Overload Current,7.332633495
Line-10,Machine-26,30-01-2025 12:16,30-01-2025 12:28,Electrical Defect,Overload Current,12.10028362
Line-10,Machine-26,30-01-2025 13:13,30-01-2025 13:27,Electrical Defect,Overload Current,14.11668301
Line-10,Machine-26,30-01-2025 13:28,30-01-2025 13:35,Electrical Defect,Overload Current,6.978516579
Line-10,Machine-26,31-01-2025 06:23,31-01-2025 06:36,Electrical Defect,Overload Current,13.73181629
Line-10,Machine-26,31-01-2025 06:50,31-01-2025 06:56,Electrical Defect,Overload Current,6.023866653
Line-10,Machine-26,31-01-2025 07:12,31-01-2025 07:28,Electrical Defect,Overload Current,16.53113365
Line-10,Machine-26,31-01-2025 08:36,31-01-2025 08:45,Electrical Defect,Overload Current,9.119950294
Line-10,Machine-26,31-01-2025 08:49,31-01-2025 08:54,Electrical Defect,Overload Current,5.400283337
Line-10,Machine-26,31-01-2025 09:04,31-01-2025 09:29,Electrical Defect,Overload Current,25.18343353
Line-10,Machine-26,21-02-2025 11:45,21-02-2025 11:50,Electrical Defect,Relay Contactor,4.996366501
Line-10,Machine-26,24-02-2025 07:09,24-02-2025 07:15,Electrical Defect,PP Gauge UNIT,6.823750019
Line-10,Machine-26,01-03-2025 14:19,01-03-2025 14:30,Electrical Defect,PP Gauge UNIT,10.11006641
Line-10,Machine-26,08-03-2025 08:52,08-03-2025 08:58,Electrical Defect,PP Gauge UNIT,6.178249836
Line-10,Machine-26,19-03-2025 10:08,19-03-2025 10:16,Electrical Defect,Leakage,7.338900089
Line-10,Machine-26,22-03-2025 09:53,22-03-2025 10:00,Electrical Defect,Relay Contactor,6.885383129
Line-10,Machine-26,30-03-2025 06:00,30-03-2025 07:07,Electrical Defect,Relay Contactor,67.21628571
Line-10,Machine-26,26-04-2025 11:59,26-04-2025 12:06,Electrical Defect,Gauge head,7.826583385
Line-10,Machine-26,14-11-2024 18:53,14-11-2024 19:14,Electrical Defect,PP Gauge UNIT,20.84781647
Line-10,Machine-26,20-11-2024 14:50,20-11-2024 15:23,Electrical Defect,Wheel spindle,32.18854904
Line-10,Machine-26,22-11-2024 16:59,22-11-2024 17:10,Electrical Defect,Chuck Magnet,11.02270031
Line-10,Machine-26,11-12-2024 20:28,11-12-2024 21:07,Electrical Defect,Relay Contactor,38.7180481
Line-10,Machine-26,12-12-2024 17:55,12-12-2024 18:23,Electrical Defect,Relay Contactor,27.88806725
Line-10,Machine-26,22-12-2024 17:15,22-12-2024 17:20,Electrical Defect,PP Gauge UNIT,5.693600178
Line-10,Machine-26,25-12-2024 20:23,25-12-2024 20:30,Electrical Defect,PP Gauge UNIT,7.232999802
Line-10,Machine-26,31-12-2024 22:39,31-12-2024 23:00,Electrical Defect,Relay Contactor,21.01358414
Line-10,Machine-26,09-01-2025 19:18,09-01-2025 19:33,Electrical Defect,Chuck Magnet,14.71131706
Line-10,Machine-26,25-01-2025 14:52,25-01-2025 15:11,Electrical Defect,Relay Contactor,18.82584953
Line-10,Machine-26,30-01-2025 21:06,30-01-2025 21:19,Electrical Defect,CNC power supply Module,13.41450024
Line-10,Machine-26,11-02-2025 15:10,11-02-2025 15:16,Electrical Defect,Overload Current,6.350616455
Line-10,Machine-26,02-04-2025 21:09,02-04-2025 21:22,Electrical Defect,PP Gauge UNIT,12.62483311
Line-10,Machine-26,02-04-2025 19:34,02-04-2025 19:43,Electrical Defect,Sensor Setting,8.998800278
Line-10,Machine-26,03-04-2025 19:29,03-04-2025 20:56,Electrical Defect,Gauge head,86.88681793
Line-10,Machine-26,04-04-2025 20:04,04-04-2025 20:11,Electrical Defect,PP Gauge UNIT,7.038249969
Line-10,Machine-26,04-04-2025 20:14,04-04-2025 20:26,Electrical Defect,PP Gauge UNIT,11.97366619
Line-10,Machine-26,15-11-2024 23:23,15-11-2024 23:30,Electrical Defect,Sensor Setting,6.475233555
Line-10,Machine-26,07-12-2024 05:37,07-12-2024 05:47,Electrical Defect,Overload Current,10.00763321
Line-10,Machine-26,13-12-2024 05:13,13-12-2024 05:18,Electrical Defect,PLC power supply Module,5.620349884
Line-10,Machine-26,13-12-2024 05:44,13-12-2024 05:53,Electrical Defect,PLC power supply Module,9.100799561
Line-10,Machine-26,15-12-2024 01:02,15-12-2024 01:26,Electrical Defect,PLC power supply Module,23.99715042
Line-10,Machine-26,21-12-2024 23:47,22-12-2024 00:08,Electrical Defect,Relay Contactor,20.20709991
Line-10,Machine-26,01-01-2025 23:20,01-01-2025 23:33,Electrical Defect,PP Gauge UNIT,13.44533348
Line-10,Machine-26,10-01-2025 05:22,10-01-2025 05:35,Electrical Defect,Overload Current,13.37030029
Line-10,Machine-26,11-01-2025 00:52,11-01-2025 01:00,Electrical Defect,PP Gauge UNIT,7.523433208
Line-10,Machine-26,26-01-2025 05:37,26-01-2025 05:47,Electrical Defect,Gauge Amplifier,10.01224995
Line-10,Machine-26,31-01-2025 04:57,31-01-2025 05:12,Electrical Defect,Machine Control Panel,15.37940025
Line-10,Machine-26,19-02-2025 02:47,19-02-2025 03:02,Electrical Defect,Chuck Magnet,15.35508347
Line-10,Machine-26,19-02-2025 03:34,19-02-2025 03:49,Electrical Defect,Chuck Magnet,15.01468372
Line-10,Machine-26,24-02-2025 01:49,24-02-2025 02:15,Electrical Defect,Chuck Magnet,25.3663826
Line-10,Machine-26,04-04-2025 02:46,04-04-2025 06:00,Electrical Defect,Gauge Amplifier,194.0635071
Line-10,Machine-27,09-12-2024 11:18,09-12-2024 11:31,Electrical Defect,Gauge head,12.38268375
Line-10,Machine-27,10-12-2024 11:14,10-12-2024 11:23,Electrical Defect,PP Gauge UNIT,8.333716393
Line-10,Machine-27,31-12-2024 08:24,31-12-2024 12:10,Electrical Defect,Work head unit,225.4622498
Line-10,Machine-27,04-01-2025 11:38,04-01-2025 11:43,Electrical Defect,PP Gauge UNIT,5.701333523
Line-10,Machine-27,15-01-2025 06:07,15-01-2025 06:19,Electrical Defect,PP Gauge UNIT,11.62191677
Line-10,Machine-27,18-03-2025 07:58,18-03-2025 12:41,Electrical Defect,Motor Change,282.7882385
Line-10,Machine-27,28-03-2025 07:32,28-03-2025 07:52,Electrical Defect,Sensor Setting,20.03413391
Line-10,Machine-27,08-04-2025 11:52,08-04-2025 12:03,Electrical Defect,Sensor Setting,10.77086639
Line-10,Machine-27,16-04-2025 10:37,16-04-2025 12:27,Electrical Defect,PP Gauge UNIT,109.9195023
Line-10,Machine-27,07-11-2024 20:58,07-11-2024 21:20,Electrical Defect,PP Gauge UNIT,22.64240074
Line-10,Machine-27,09-11-2024 17:33,09-11-2024 17:56,Electrical Defect,CNC power supply Module,22.73273277
Line-10,Machine-27,10-11-2024 16:08,10-11-2024 16:23,Electrical Defect,PLC power supply Module,14.68371677
Line-10,Machine-27,11-11-2024 17:03,11-11-2024 17:20,Electrical Defect,PP Gauge UNIT,17.45134926
Line-10,Machine-27,15-11-2024 17:17,15-11-2024 17:34,Electrical Defect,Sensor Setting,17.36709976
Line-10,Machine-27,20-11-2024 16:31,20-11-2024 17:11,Electrical Defect,Wheel spindle,40.94088364
Line-10,Machine-27,06-12-2024 22:07,06-12-2024 22:16,Electrical Defect,PP Gauge UNIT,9.267733574
Line-10,Machine-27,30-01-2025 16:53,30-01-2025 17:04,Electrical Defect,CNC power supply Module,10.70268345
Line-10,Machine-27,05-02-2025 21:43,05-02-2025 21:57,Electrical Defect,Indexing unit,14.61743355
Line-10,Machine-27,07-02-2025 19:21,07-02-2025 19:32,Electrical Defect,PP Gauge UNIT,11.23295021
Line-10,Machine-27,01-03-2025 14:46,01-03-2025 14:53,Electrical Defect,PP Gauge UNIT,6.501016617
Line-10,Machine-27,01-03-2025 15:01,01-03-2025 15:13,Electrical Defect,PP Gauge UNIT,12.31708336
Line-10,Machine-27,02-03-2025 16:37,02-03-2025 16:42,Electrical Defect,Relay Contactor,5.081799984
Line-10,Machine-27,02-03-2025 20:10,02-03-2025 20:15,Electrical Defect,Relay Contactor,5.365849972
Line-10,Machine-27,07-03-2025 15:03,07-03-2025 15:12,Electrical Defect,Relay Contactor,8.823900223
Line-10,Machine-27,10-03-2025 16:25,10-03-2025 17:07,Electrical Defect,PP Gauge UNIT,41.90940094
Line-10,Machine-27,02-04-2025 19:03,02-04-2025 19:25,Electrical Defect,Sensor Setting,22.03701591
Line-10,Machine-27,10-04-2025 14:45,10-04-2025 14:56,Electrical Defect,Relay Contactor,11.51656628
Line-10,Machine-27,28-04-2025 20:17,28-04-2025 20:30,Electrical Defect,Demag unit,13.68033314
Line-10,Machine-27,19-12-2024 05:29,19-12-2024 05:39,Electrical Defect,PP Gauge UNIT,9.249217033
Line-10,Machine-27,10-01-2025 00:54,10-01-2025 01:05,Electrical Defect,Gauge head,10.41300011
Line-10,Machine-27,11-01-2025 03:14,11-01-2025 03:58,Electrical Defect,Gauge unit,43.45096588
Line-10,Machine-27,26-01-2025 04:20,26-01-2025 05:20,Electrical Defect,Gauge Amplifier,59.6143837
Line-10,Machine-27,29-01-2025 01:45,29-01-2025 01:51,Electrical Defect,PP Gauge UNIT,6.108966827
Line-10,Machine-27,31-01-2025 02:07,31-01-2025 02:35,Electrical Defect,Machine Control Panel,27.1413002
Line-10,Machine-27,24-02-2025 02:15,24-02-2025 02:25,Electrical Defect,Chuck Magnet,9.652350426
Line-10,Machine-27,03-03-2025 00:53,03-03-2025 01:22,Electrical Defect,Servo Motor,29.46961594
Line-10,Machine-27,09-03-2025 04:06,09-03-2025 04:12,Electrical Defect,Machine Control Panel,5.279233456
Line-10,Machine-27,04-04-2025 23:28,04-04-2025 23:37,Electrical Defect,Relay Contactor,8.536816597
Line-10,Machine-28,22-11-2024 11:00,22-11-2024 11:08,Electrical Defect,PP Gauge UNIT,7.927833557
Line-10,Machine-28,23-11-2024 08:26,23-11-2024 08:39,Electrical Defect,PP Gauge UNIT,13.01430035
Line-10,Machine-28,03-12-2024 12:37,03-12-2024 12:47,Electrical Defect,PP Gauge UNIT,10.60463333
Line-10,Machine-28,06-12-2024 06:00,06-12-2024 06:09,Electrical Defect,PP Gauge UNIT,9.798716545
Line-10,Machine-28,06-12-2024 10:39,06-12-2024 11:25,Electrical Defect,PP Gauge UNIT,46.32104874
Line-10,Machine-28,06-12-2024 11:45,06-12-2024 11:54,Electrical Defect,PP Gauge UNIT,8.466166496
Line-10,Machine-28,06-12-2024 12:42,06-12-2024 12:49,Electrical Defect,PLC,7.012783527
Line-10,Machine-28,06-12-2024 12:54,06-12-2024 14:09,Electrical Defect,PLC,74.93423462
Line-10,Machine-28,09-12-2024 12:00,09-12-2024 12:08,Electrical Defect,Gauge Amplifier,8.660149574
Line-10,Machine-28,10-12-2024 08:36,10-12-2024 08:59,Electrical Defect,PP Gauge UNIT,22.60026741
Line-10,Machine-28,11-12-2024 11:37,11-12-2024 11:45,Electrical Defect,PP Gauge UNIT,8.615966797
Line-10,Machine-28,14-12-2024 09:15,14-12-2024 09:21,Electrical Defect,PP Gauge UNIT,6.035216808
Line-10,Machine-28,14-12-2024 09:57,14-12-2024 10:03,Electrical Defect,PP Gauge UNIT,6.06400013
Line-10,Machine-28,14-12-2024 13:28,14-12-2024 13:34,Electrical Defect,PP Gauge UNIT,6.033816814
Line-10,Machine-28,31-12-2024 12:10,31-12-2024 12:20,Electrical Defect,Relay Contactor,10.57359982
Line-10,Machine-28,31-12-2024 13:03,31-12-2024 13:10,Electrical Defect,Relay Contactor,7.368916512
Line-10,Machine-28,01-01-2025 11:12,01-01-2025 11:19,Electrical Defect,PP Gauge UNIT,7.114916801
Line-10,Machine-28,01-01-2025 11:19,01-01-2025 11:27,Electrical Defect,PP Gauge UNIT,7.376266479
Line-10,Machine-28,11-01-2025 11:40,11-01-2025 11:52,Electrical Defect,Chuck Magnet,11.58355045
Line-10,Machine-28,15-01-2025 06:00,15-01-2025 06:07,Electrical Defect,PP Gauge UNIT,7.259349823
Line-10,Machine-28,15-01-2025 06:38,15-01-2025 07:05,Electrical Defect,PP Gauge UNIT,27.04693413
Line-10,Machine-28,20-01-2025 10:31,20-01-2025 10:42,Electrical Defect,PP Gauge UNIT,10.98456669
Line-10,Machine-28,25-01-2025 07:59,25-01-2025 08:13,Electrical Defect,PP Gauge UNIT,13.44361687
Line-10,Machine-28,25-01-2025 11:15,25-01-2025 11:36,Electrical Defect,Flow switch,21.13663292
Line-10,Machine-28,27-01-2025 11:12,27-01-2025 11:18,Electrical Defect,Gauge head,5.92351675
Line-10,Machine-28,27-01-2025 11:59,27-01-2025 12:27,Electrical Defect,Gauge head,27.69901657
Line-10,Machine-28,27-01-2025 13:08,27-01-2025 13:13,Electrical Defect,PP Gauge UNIT,5.075833321
Line-10,Machine-28,03-02-2025 06:57,03-02-2025 07:21,Electrical Defect,PP Gauge UNIT,23.88533401
Line-10,Machine-28,11-02-2025 06:29,11-02-2025 06:36,Electrical Defect,PP Gauge UNIT,6.272600174
Line-10,Machine-28,11-02-2025 06:37,11-02-2025 06:44,Electrical Defect,PP Gauge UNIT,6.71570015
Line-10,Machine-28,14-02-2025 12:32,14-02-2025 12:42,Electrical Defect,Relay Contactor,10.40190029
Line-10,Machine-28,15-02-2025 08:55,15-02-2025 09:13,Electrical Defect,PP Gauge UNIT,18.4730835
Line-10,Machine-28,16-02-2025 07:15,16-02-2025 07:23,Electrical Defect,Relay Contactor,8.034166336
Line-10,Machine-28,16-02-2025 09:02,16-02-2025 09:28,Electrical Defect,Relay Contactor,25.76598358
Line-10,Machine-28,21-02-2025 06:00,21-02-2025 06:24,Electrical Defect,Relay Contactor,24.56184959
Line-10,Machine-28,02-03-2025 06:10,02-03-2025 06:28,Electrical Defect,PP Gauge UNIT,17.67216682
Line-10,Machine-28,04-03-2025 06:40,04-03-2025 07:05,Electrical Defect,Sensor Setting,25.88378334
Line-10,Machine-28,06-03-2025 06:35,06-03-2025 06:49,Electrical Defect,PP Gauge UNIT,14.29208374
Line-10,Machine-28,07-03-2025 11:15,07-03-2025 11:22,Electrical Defect,PP Gauge UNIT,7.633049965
Line-10,Machine-28,08-03-2025 13:21,08-03-2025 13:34,Electrical Defect,PP Gauge UNIT,13.64725018
Line-10,Machine-28,08-03-2025 14:12,08-03-2025 14:30,Electrical Defect,PP Gauge UNIT,18.01395035
Line-10,Machine-28,10-03-2025 09:13,10-03-2025 09:20,Electrical Defect,PP Gauge UNIT,7.454349995
Line-10,Machine-28,16-03-2025 12:52,16-03-2025 12:57,Electrical Defect,PP Gauge UNIT,5.531499863
Line-10,Machine-28,19-03-2025 09:27,19-03-2025 09:33,Electrical Defect,Relay Contactor,5.942816734
Line-10,Machine-28,22-03-2025 10:00,22-03-2025 10:07,Electrical Defect,Relay Contactor,6.910250187
Line-10,Machine-28,28-03-2025 11:03,28-03-2025 11:26,Electrical Defect,PP Gauge UNIT,23.12456703
Line-10,Machine-28,02-04-2025 12:09,02-04-2025 12:17,Electrical Defect,PP Gauge UNIT,7.692083359
Line-10,Machine-28,13-04-2025 06:32,13-04-2025 06:40,Electrical Defect,PP Gauge UNIT,8.494317055
Line-10,Machine-28,13-04-2025 08:59,13-04-2025 09:05,Electrical Defect,PP Gauge UNIT,5.943449974
Line-10,Machine-28,15-04-2025 11:41,15-04-2025 11:46,Electrical Defect,PP Gauge UNIT,5.330049992
Line-10,Machine-28,15-04-2025 12:07,15-04-2025 12:12,Electrical Defect,PP Gauge UNIT,5.006549835
Line-10,Machine-28,15-04-2025 12:18,15-04-2025 12:27,Electrical Defect,PP Gauge UNIT,9.17634964
Line-10,Machine-28,15-04-2025 12:35,15-04-2025 12:40,Electrical Defect,PP Gauge UNIT,5.111683369
Line-10,Machine-28,18-04-2025 06:39,18-04-2025 06:45,Electrical Defect,PP Gauge UNIT,5.766449928
Line-10,Machine-28,22-04-2025 09:50,22-04-2025 11:44,Electrical Defect,Relay Contactor,114.3589859
Line-10,Machine-28,22-04-2025 11:44,22-04-2025 14:30,Electrical Defect,Relay Contactor,165.6479645
Line-10,Machine-28,27-04-2025 12:20,27-04-2025 12:25,Electrical Defect,PP Gauge UNIT,5.240116596
Line-10,Machine-28,27-04-2025 14:05,27-04-2025 14:13,Electrical Defect,PP Gauge UNIT,7.732783318
Line-10,Machine-28,28-04-2025 09:14,28-04-2025 09:23,Electrical Defect,CNC power supply Module,9.501083374
Line-10,Machine-28,19-11-2024 14:30,19-11-2024 14:37,Electrical Defect,PP Gauge UNIT,7.130666733
Line-10,Machine-28,19-11-2024 14:37,19-11-2024 14:46,Electrical Defect,PP Gauge UNIT,8.543517113
Line-10,Machine-28,22-11-2024 19:29,22-11-2024 19:51,Electrical Defect,PP Gauge UNIT,21.78886604
Line-10,Machine-28,24-11-2024 16:18,24-11-2024 16:45,Electrical Defect,PP Gauge UNIT,26.51156616
Line-10,Machine-28,24-11-2024 16:53,24-11-2024 17:20,Electrical Defect,PP Gauge UNIT,26.25026703
Line-10,Machine-28,04-12-2024 14:58,04-12-2024 15:26,Electrical Defect,PP Gauge UNIT,27.82110023
Line-10,Machine-28,06-12-2024 15:24,06-12-2024 15:54,Electrical Defect,PP Gauge UNIT,29.89055061
Line-10,Machine-28,06-12-2024 17:22,06-12-2024 17:40,Electrical Defect,PP Gauge UNIT,17.13500023
Line-10,Machine-28,09-12-2024 19:41,09-12-2024 19:54,Electrical Defect,PP Gauge UNIT,13.34306622
Line-10,Machine-28,09-12-2024 20:16,09-12-2024 20:22,Electrical Defect,PP Gauge UNIT,5.816949844
Line-10,Machine-28,21-12-2024 16:20,21-12-2024 16:39,Electrical Defect,Sensor Setting,19.30128288
Line-10,Machine-28,25-12-2024 20:09,25-12-2024 20:23,Electrical Defect,PP Gauge UNIT,14.20218372
Line-10,Machine-28,20-01-2025 18:41,20-01-2025 19:12,Electrical Defect,PP Gauge UNIT,30.33381653
Line-10,Machine-28,21-01-2025 18:36,21-01-2025 19:45,Electrical Defect,Overload Current,68.13908386
Line-10,Machine-28,24-01-2025 15:30,24-01-2025 15:48,Electrical Defect,Gauge head,17.74268341
Line-10,Machine-28,28-01-2025 17:31,28-01-2025 17:40,Electrical Defect,PP Gauge UNIT,9.434033394
Line-10,Machine-28,06-02-2025 21:31,06-02-2025 21:38,Electrical Defect,PP Gauge UNIT,7.166316509
Line-10,Machine-28,07-02-2025 21:24,07-02-2025 21:52,Electrical Defect,PP Gauge UNIT,28.05389977
Line-10,Machine-28,13-02-2025 21:08,13-02-2025 21:16,Electrical Defect,Overload Current,7.446350098
Line-10,Machine-28,20-02-2025 21:14,20-02-2025 21:27,Electrical Defect,PLC power supply Module,13.45040035
Line-10,Machine-28,01-03-2025 14:35,01-03-2025 14:41,Electrical Defect,PP Gauge UNIT,5.909366608
Line-10,Machine-28,01-03-2025 15:19,01-03-2025 15:30,Electrical Defect,PP Gauge UNIT,11.6293335
Line-10,Machine-28,15-03-2025 18:31,15-03-2025 18:40,Electrical Defect,PLC power supply Module,8.845133781
Line-10,Machine-28,16-03-2025 16:30,16-03-2025 16:39,Electrical Defect,Sensor Setting,9.418950081
Line-10,Machine-28,16-03-2025 17:00,16-03-2025 17:23,Electrical Defect,Sensor Setting,22.93431664
Line-10,Machine-28,18-03-2025 20:47,18-03-2025 20:53,Electrical Defect,PP Gauge UNIT,6.346066475
Line-10,Machine-28,20-03-2025 20:58,20-03-2025 21:28,Electrical Defect,PP Gauge UNIT,29.58749962
Line-10,Machine-28,21-03-2025 16:44,21-03-2025 16:50,Electrical Defect,PP Gauge UNIT,5.663750172
Line-10,Machine-28,21-03-2025 16:52,21-03-2025 17:09,Electrical Defect,PP Gauge UNIT,16.19971657
Line-10,Machine-28,21-03-2025 17:22,21-03-2025 17:29,Electrical Defect,PP Gauge UNIT,7.285683155
Line-10,Machine-28,21-03-2025 18:18,21-03-2025 18:26,Electrical Defect,PP Gauge UNIT,7.423366547
Line-10,Machine-28,22-03-2025 21:17,22-03-2025 22:19,Electrical Defect,Gauge Amplifier,62.62528229
Line-10,Machine-28,25-03-2025 19:19,25-03-2025 19:26,Electrical Defect,Relay Contactor,7.766866684
Line-10,Machine-28,02-04-2025 21:57,02-04-2025 22:06,Electrical Defect,PP Gauge UNIT,8.489199638
Line-10,Machine-28,02-04-2025 18:45,02-04-2025 18:54,Electrical Defect,Sensor Setting,9.377149582
Line-10,Machine-28,06-04-2025 19:51,06-04-2025 20:38,Electrical Defect,PP Gauge UNIT,46.53491592
Line-10,Machine-28,22-04-2025 14:30,22-04-2025 17:40,Electrical Defect,Motor Change,190.7837067
Line-10,Machine-28,28-04-2025 16:29,28-04-2025 16:34,Electrical Defect,Relay Contactor,5.399333477
Line-10,Machine-28,23-11-2024 03:40,23-11-2024 03:49,Electrical Defect,PP Gauge UNIT,8.992033005
Line-10,Machine-28,04-12-2024 00:23,04-12-2024 00:29,Electrical Defect,PP Gauge UNIT,6.514349937
Line-10,Machine-28,04-12-2024 00:30,04-12-2024 00:37,Electrical Defect,PP Gauge UNIT,7.217416763
Line-10,Machine-28,06-12-2024 05:37,06-12-2024 06:00,Electrical Defect,PP Gauge UNIT,22.5447998
Line-10,Machine-28,09-12-2024 05:24,09-12-2024 05:49,Electrical Defect,PP Gauge UNIT,24.9791832
Line-10,Machine-28,19-12-2024 04:12,19-12-2024 04:19,Electrical Defect,PP Gauge UNIT,7.235300064
Line-10,Machine-28,19-12-2024 05:20,19-12-2024 05:28,Electrical Defect,PP Gauge UNIT,8.14783287
Line-10,Machine-28,23-12-2024 03:15,23-12-2024 03:41,Electrical Defect,Relay Contactor,25.49246597
Line-10,Machine-28,23-12-2024 02:27,23-12-2024 02:32,Electrical Defect,Overload Current,5.226116657
Line-10,Machine-28,26-01-2025 05:20,26-01-2025 05:37,Electrical Defect,Gauge Amplifier,17.67733383
Line-10,Machine-28,26-01-2025 05:47,26-01-2025 06:00,Electrical Defect,Gauge Amplifier,12.19853306
Line-10,Machine-28,29-01-2025 01:35,29-01-2025 01:44,Electrical Defect,PP Gauge UNIT,8.625749588
Line-10,Machine-28,30-01-2025 02:36,30-01-2025 02:54,Electrical Defect,PP Gauge UNIT,17.86544991
Line-10,Machine-28,30-01-2025 23:50,30-01-2025 23:55,Electrical Defect,PP Gauge UNIT,5.235099792
Line-10,Machine-28,01-02-2025 04:24,01-02-2025 04:29,Electrical Defect,PP Gauge UNIT,5.441233158
Line-10,Machine-28,22-02-2025 05:04,22-02-2025 05:32,Electrical Defect,PP Gauge UNIT,28.06233406
Line-10,Machine-28,24-02-2025 03:20,24-02-2025 04:10,Electrical Defect,Stone wear,50.14920044
Line-10,Machine-28,08-03-2025 23:00,08-03-2025 23:44,Electrical Defect,PP Gauge UNIT,43.87749863
Line-10,Machine-28,09-03-2025 03:28,09-03-2025 03:33,Electrical Defect,Machine Control Panel,5.312266827
Line-10,Machine-28,11-03-2025 00:26,11-03-2025 00:35,Electrical Defect,PP Gauge UNIT,8.662982941
Line-10,Machine-28,13-03-2025 00:14,13-03-2025 00:21,Electrical Defect,PP Gauge UNIT,7.506716728
Line-10,Machine-28,14-03-2025 03:40,14-03-2025 03:48,Electrical Defect,PP Gauge UNIT,7.926233292
Line-10,Machine-28,18-03-2025 00:04,18-03-2025 00:09,Electrical Defect,PP Gauge UNIT,5.091183186
Line-10,Machine-28,27-03-2025 23:29,27-03-2025 23:43,Electrical Defect,PP Gauge UNIT,13.79223347
Line-10,Machine-28,02-04-2025 02:00,02-04-2025 02:14,Electrical Defect,PP Gauge UNIT,14.00628376
Line-10,Machine-28,02-04-2025 04:49,02-04-2025 05:36,Electrical Defect,PP Gauge UNIT,47.28611755
Line-10,Machine-28,02-04-2025 02:49,02-04-2025 03:01,Electrical Defect,Work head unit,11.48016644
Line-10,Machine-28,02-04-2025 03:10,02-04-2025 03:23,Electrical Defect,Work head unit,12.99128342
Line-10,Machine-28,02-04-2025 03:18,02-04-2025 03:56,Electrical Defect,Work head unit,37.13325119
Line-10,Machine-28,05-04-2025 03:48,05-04-2025 03:56,Electrical Defect,PP Gauge UNIT,8.630533218
Line-10,Machine-28,29-04-2025 04:35,29-04-2025 04:41,Electrical Defect,PP Gauge UNIT,5.907916546
Line-10,Machine-29,08-12-2024 08:01,08-12-2024 08:10,Electrical Defect,Gauge Amplifier,8.993066788
Line-10,Machine-30,08-11-2024 07:30,08-11-2024 07:37,Electrical Defect,PP Gauge UNIT,6.922133446
Line-10,Machine-30,11-11-2024 11:16,11-11-2024 11:22,Electrical Defect,PP Gauge UNIT,5.740449905
Line-10,Machine-30,13-11-2024 06:40,13-11-2024 06:46,Electrical Defect,PP Gauge UNIT,6.068133354
Line-10,Machine-30,13-11-2024 08:18,13-11-2024 08:28,Electrical Defect,PP Gauge UNIT,9.949466705
Line-10,Machine-30,13-11-2024 10:01,13-11-2024 10:07,Electrical Defect,PP Gauge UNIT,5.383716583
Line-10,Machine-30,13-11-2024 10:47,13-11-2024 10:55,Electrical Defect,PP Gauge UNIT,7.906799793
Line-10,Machine-30,18-11-2024 13:37,18-11-2024 13:44,Electrical Defect,PP Gauge UNIT,6.479549885
Line-10,Machine-30,23-11-2024 08:18,23-11-2024 08:25,Electrical Defect,PP Gauge UNIT,6.856383324
Line-10,Machine-30,29-11-2024 09:39,29-11-2024 10:31,Electrical Defect,Work head slide,51.59308243
Line-10,Machine-30,04-12-2024 10:04,04-12-2024 10:09,Electrical Defect,PP Gauge UNIT,5.932833195
Line-10,Machine-30,06-12-2024 11:25,06-12-2024 11:35,Electrical Defect,PP Gauge UNIT,9.782283783
Line-10,Machine-30,07-12-2024 14:13,07-12-2024 14:18,Electrical Defect,PP Gauge UNIT,5.117300034
Line-10,Machine-30,10-12-2024 06:52,10-12-2024 07:03,Electrical Defect,PP Gauge UNIT,10.31521702
Line-10,Machine-30,10-12-2024 08:19,10-12-2024 08:36,Electrical Defect,PP Gauge UNIT,16.71705055
Line-10,Machine-30,10-12-2024 12:02,10-12-2024 12:09,Electrical Defect,PP Gauge UNIT,6.866716862
Line-10,Machine-30,14-12-2024 07:34,14-12-2024 07:44,Electrical Defect,Relay Contactor,10.12593365
Line-10,Machine-30,14-12-2024 13:21,14-12-2024 13:27,Electrical Defect,PP Gauge UNIT,6.583116531
Line-10,Machine-30,22-12-2024 08:07,22-12-2024 08:12,Electrical Defect,PP Gauge UNIT,5.713916779
Line-10,Machine-30,26-12-2024 06:00,26-12-2024 06:11,Electrical Defect,PP Gauge UNIT,10.91208363
Line-10,Machine-30,26-12-2024 08:45,26-12-2024 08:50,Electrical Defect,PP Gauge UNIT,5.194200039
Line-10,Machine-30,31-12-2024 14:23,31-12-2024 14:30,Electrical Defect,Relay Contactor,6.360449791
Line-10,Machine-30,07-01-2025 07:21,07-01-2025 08:11,Electrical Defect,Sensor Setting,49.55490112
Line-10,Machine-30,11-01-2025 09:42,11-01-2025 09:47,Electrical Defect,PP Gauge UNIT,5.600183487
Line-10,Machine-30,15-01-2025 06:24,15-01-2025 06:29,Electrical Defect,Pressure Booster unit,5.354816437
Line-10,Machine-30,16-01-2025 08:05,16-01-2025 08:20,Electrical Defect,PP Gauge UNIT,15.30948353
Line-10,Machine-30,20-01-2025 10:06,20-01-2025 10:29,Electrical Defect,PP Gauge UNIT,23.27763367
Line-10,Machine-30,21-01-2025 06:49,21-01-2025 06:54,Electrical Defect,PP Gauge UNIT,5.148566723
Line-10,Machine-30,21-01-2025 09:13,21-01-2025 09:18,Electrical Defect,PP Gauge UNIT,5.483833313
Line-10,Machine-30,21-01-2025 11:34,21-01-2025 11:41,Electrical Defect,PP Gauge UNIT,6.321883202
Line-10,Machine-30,25-01-2025 10:35,25-01-2025 11:15,Electrical Defect,Flow switch,39.19163513
Line-10,Machine-30,31-01-2025 08:59,31-01-2025 09:04,Electrical Defect,Overload Current,5.033933163
Line-10,Machine-30,31-01-2025 13:41,31-01-2025 13:47,Electrical Defect,PP Gauge UNIT,5.503416538
Line-10,Machine-30,03-02-2025 06:27,03-02-2025 06:57,Electrical Defect,Relay Contactor,29.6182003
Line-10,Machine-30,08-02-2025 06:24,08-02-2025 06:33,Electrical Defect,PP Gauge UNIT,9.617883682
Line-10,Machine-30,08-02-2025 06:59,08-02-2025 07:07,Electrical Defect,PP Gauge UNIT,7.645750046
Line-10,Machine-30,08-02-2025 10:17,08-02-2025 10:37,Electrical Defect,PP Gauge UNIT,19.79944992
Line-10,Machine-30,11-02-2025 13:21,11-02-2025 13:52,Electrical Defect,PP Gauge UNIT,30.77866745
Line-10,Machine-30,14-02-2025 07:43,14-02-2025 07:52,Electrical Defect,PP Gauge UNIT,8.319649696
Line-10,Machine-30,15-02-2025 06:21,15-02-2025 06:29,Electrical Defect,PP Gauge UNIT,8.207866669
Line-10,Machine-30,15-02-2025 08:46,15-02-2025 08:52,Electrical Defect,PP Gauge UNIT,6.47691679
Line-10,Machine-30,19-02-2025 07:31,19-02-2025 07:40,Electrical Defect,PP Gauge UNIT,8.204382896
Line-10,Machine-30,23-02-2025 11:12,23-02-2025 11:18,Electrical Defect,PP Gauge UNIT,5.42264986
Line-10,Machine-30,02-03-2025 06:00,02-03-2025 06:10,Electrical Defect,PP Gauge UNIT,10.03648376
Line-10,Machine-30,04-03-2025 06:14,04-03-2025 06:19,Electrical Defect,PP Gauge UNIT,5.168550014
Line-10,Machine-30,06-03-2025 09:16,06-03-2025 09:23,Electrical Defect,PP Gauge UNIT,6.473849773
Line-10,Machine-30,06-03-2025 11:28,06-03-2025 11:36,Electrical Defect,PP Gauge UNIT,7.548966885
Line-10,Machine-30,07-03-2025 09:35,07-03-2025 09:44,Electrical Defect,PP Gauge UNIT,9.417433739
Line-10,Machine-30,08-03-2025 08:19,08-03-2025 08:25,Electrical Defect,PP Gauge UNIT,5.700033188
Line-10,Machine-30,18-03-2025 07:15,18-03-2025 07:20,Electrical Defect,PP Gauge UNIT,5.784566879
Line-10,Machine-30,18-03-2025 12:41,18-03-2025 12:48,Electrical Defect,PP Gauge UNIT,7.447383404
Line-10,Machine-30,19-03-2025 06:45,19-03-2025 07:09,Electrical Defect,PP Gauge UNIT,24.56870079
Line-10,Machine-30,25-03-2025 13:20,25-03-2025 14:04,Electrical Defect,Relay Contactor,44.07825089
Line-10,Machine-30,25-03-2025 06:05,25-03-2025 06:17,Electrical Defect,PP Gauge UNIT,11.68891621
Line-10,Machine-30,27-03-2025 08:19,27-03-2025 08:26,Electrical Defect,PP Gauge UNIT,6.989133358
Line-10,Machine-30,28-03-2025 10:49,28-03-2025 11:03,Electrical Defect,PP Gauge UNIT,14.3906002
Line-10,Machine-30,29-03-2025 07:36,29-03-2025 07:44,Electrical Defect,PP Gauge UNIT,8.094050407
Line-10,Machine-30,01-04-2025 13:34,01-04-2025 13:47,Electrical Defect,PP Gauge UNIT,12.2929163
Line-10,Machine-30,02-04-2025 12:24,02-04-2025 12:32,Electrical Defect,PP Gauge UNIT,8.289533615
Line-10,Machine-30,04-04-2025 10:50,04-04-2025 10:55,Electrical Defect,PP Gauge UNIT,5.089283466
Line-10,Machine-30,07-04-2025 06:25,07-04-2025 06:35,Electrical Defect,PP Gauge UNIT,9.803649902
Line-10,Machine-30,07-04-2025 13:06,07-04-2025 13:14,Electrical Defect,PP Gauge UNIT,7.993933201
Line-10,Machine-30,08-04-2025 10:40,08-04-2025 11:47,Electrical Defect,Relay Contactor,67.47154999
Line-10,Machine-30,10-04-2025 09:04,10-04-2025 09:18,Electrical Defect,PP Gauge UNIT,13.30725002
Line-10,Machine-30,17-04-2025 10:13,17-04-2025 10:20,Electrical Defect,PP Gauge UNIT,7.288333416
Line-10,Machine-30,17-04-2025 13:45,17-04-2025 13:53,Electrical Defect,PP Gauge UNIT,7.500083447
Line-10,Machine-30,18-04-2025 06:32,18-04-2025 06:37,Electrical Defect,PP Gauge UNIT,5.615749836
Line-10,Machine-30,27-04-2025 13:42,27-04-2025 13:49,Electrical Defect,PP Gauge UNIT,6.750266552
Line-10,Machine-30,07-11-2024 18:15,07-11-2024 18:21,Electrical Defect,PP Gauge UNIT,5.828499794
Line-10,Machine-30,18-11-2024 16:32,18-11-2024 16:43,Electrical Defect,PP Gauge UNIT,10.38978291
Line-10,Machine-30,23-11-2024 20:46,23-11-2024 20:51,Electrical Defect,PP Gauge UNIT,5.43413353
Line-10,Machine-30,24-11-2024 15:45,24-11-2024 16:02,Electrical Defect,PP Gauge UNIT,17.02951622
Line-10,Machine-30,24-11-2024 21:54,24-11-2024 22:02,Electrical Defect,PP Gauge UNIT,7.835516453
Line-10,Machine-30,26-11-2024 21:54,26-11-2024 22:03,Electrical Defect,PP Gauge UNIT,9.335133553
Line-10,Machine-30,26-11-2024 22:16,26-11-2024 22:25,Electrical Defect,PP Gauge UNIT,9.072899818
Line-10,Machine-30,01-12-2024 21:39,01-12-2024 22:48,Electrical Defect,Chuck Magnet,69.60251617
Line-10,Machine-30,04-12-2024 14:30,04-12-2024 14:55,Electrical Defect,PP Gauge UNIT,24.89940071
Line-10,Machine-30,06-12-2024 17:17,06-12-2024 17:22,Electrical Defect,PP Gauge UNIT,5.635416508
Line-10,Machine-30,06-12-2024 20:38,06-12-2024 20:43,Electrical Defect,PP Gauge UNIT,5.389233112
Line-10,Machine-30,06-12-2024 20:50,06-12-2024 20:56,Electrical Defect,PP Gauge UNIT,5.39015007
Line-10,Machine-30,13-12-2024 16:10,13-12-2024 16:15,Electrical Defect,Pneumatic,5.283216476
Line-10,Machine-30,21-12-2024 16:40,21-12-2024 16:50,Electrical Defect,Relay Contactor,9.881850243
Line-10,Machine-30,06-01-2025 20:32,06-01-2025 20:39,Electrical Defect,Overload Current,7.260849953
Line-10,Machine-30,16-01-2025 16:12,16-01-2025 16:20,Electrical Defect,PP Gauge UNIT,8.070150375
Line-10,Machine-30,16-01-2025 21:06,16-01-2025 21:11,Electrical Defect,PP Gauge UNIT,5.339216709
Line-10,Machine-30,20-01-2025 17:50,20-01-2025 18:02,Electrical Defect,Sensor Setting,12.33581638
Line-10,Machine-30,27-01-2025 18:12,27-01-2025 18:25,Electrical Defect,Relay Contactor,13.06168365
Line-10,Machine-30,28-01-2025 18:49,28-01-2025 18:56,Electrical Defect,PP Gauge UNIT,7.687799931
Line-10,Machine-30,28-01-2025 21:31,28-01-2025 21:38,Electrical Defect,PP Gauge UNIT,7.800700188
Line-10,Machine-30,01-02-2025 21:54,01-02-2025 22:02,Electrical Defect,PP Gauge UNIT,7.749400139
Line-10,Machine-30,24-02-2025 15:19,24-02-2025 15:27,Electrical Defect,PP Gauge UNIT,8.184100151
Line-10,Machine-30,24-02-2025 16:01,24-02-2025 16:09,Electrical Defect,PP Gauge UNIT,8.139650345
Line-10,Machine-30,02-03-2025 20:27,02-03-2025 20:38,Electrical Defect,Relay Contactor,10.24458313
Line-10,Machine-30,04-03-2025 21:39,04-03-2025 21:46,Electrical Defect,PP Gauge UNIT,6.514416695
Line-10,Machine-30,19-03-2025 21:57,19-03-2025 22:02,Electrical Defect,PP Gauge UNIT,5.128200054
Line-10,Machine-30,21-03-2025 14:38,21-03-2025 14:43,Electrical Defect,Relay Contactor,5.254366875
Line-10,Machine-30,22-03-2025 20:54,22-03-2025 21:02,Electrical Defect,Gauge Amplifier,7.372350216
Line-10,Machine-30,22-03-2025 15:18,22-03-2025 15:24,Electrical Defect,PP Gauge UNIT,6.215033531
Line-10,Machine-30,22-03-2025 15:33,22-03-2025 15:45,Electrical Defect,PP Gauge UNIT,11.71746635
Line-10,Machine-30,22-03-2025 18:42,22-03-2025 18:49,Electrical Defect,PP Gauge UNIT,6.581299782
Line-10,Machine-30,25-03-2025 16:47,25-03-2025 16:55,Electrical Defect,PP Gauge UNIT,8.095166206
Line-10,Machine-30,25-03-2025 17:13,25-03-2025 17:18,Electrical Defect,PP Gauge UNIT,5.414066792
Line-10,Machine-30,27-03-2025 14:40,27-03-2025 14:48,Electrical Defect,PP Gauge UNIT,8.216816902
Line-10,Machine-30,27-03-2025 15:32,27-03-2025 15:40,Electrical Defect,PP Gauge UNIT,8.025816917
Line-10,Machine-30,01-04-2025 19:45,01-04-2025 19:59,Electrical Defect,PP Gauge UNIT,14.48851681
Line-10,Machine-30,01-04-2025 21:41,01-04-2025 21:49,Electrical Defect,PP Gauge UNIT,8.007683754
Line-10,Machine-30,01-04-2025 21:53,01-04-2025 22:01,Electrical Defect,PP Gauge UNIT,8.433549881
Line-10,Machine-30,07-04-2025 21:26,07-04-2025 21:34,Electrical Defect,PP Gauge UNIT,7.962366581
Line-10,Machine-30,12-04-2025 17:36,12-04-2025 17:43,Electrical Defect,PP Gauge UNIT,6.611183167
Line-10,Machine-30,01-05-2025 19:22,01-05-2025 19:29,Electrical Defect,PP Gauge UNIT,6.840566635
Line-10,Machine-30,08-11-2024 00:00,08-11-2024 00:14,Electrical Defect,PP Gauge UNIT,13.75391674
Line-10,Machine-30,09-11-2024 04:46,09-11-2024 04:53,Electrical Defect,PP Gauge UNIT,6.828116894
Line-10,Machine-30,10-11-2024 00:05,10-11-2024 00:10,Electrical Defect,PP Gauge UNIT,5.013599873
Line-10,Machine-30,17-11-2024 00:11,17-11-2024 00:22,Electrical Defect,PP Gauge UNIT,11.72698307
Line-10,Machine-30,22-11-2024 00:35,22-11-2024 01:14,Electrical Defect,Relay Contactor,38.39004898
Line-10,Machine-30,22-11-2024 00:02,22-11-2024 00:07,Electrical Defect,PP Gauge UNIT,5.315599918
Line-10,Machine-30,22-11-2024 00:17,22-11-2024 00:22,Electrical Defect,PP Gauge UNIT,5.640699863
Line-10,Machine-30,03-12-2024 23:09,04-12-2024 00:17,Electrical Defect,PP Gauge UNIT,67.83000183
Line-10,Machine-30,09-12-2024 23:02,09-12-2024 23:10,Electrical Defect,PP Gauge UNIT,7.66716671
Line-10,Machine-30,11-12-2024 01:08,11-12-2024 01:18,Electrical Defect,PP Gauge UNIT,9.544099808
Line-10,Machine-30,14-12-2024 04:46,14-12-2024 04:52,Electrical Defect,PP Gauge UNIT,5.903049946
Line-10,Machine-30,16-12-2024 23:52,17-12-2024 00:02,Electrical Defect,PP Gauge UNIT,10.62431622
Line-10,Machine-30,17-12-2024 00:16,17-12-2024 00:23,Electrical Defect,PP Gauge UNIT,6.766933441
Line-10,Machine-30,17-12-2024 04:00,17-12-2024 04:05,Electrical Defect,PP Gauge UNIT,5.01271677
Line-10,Machine-30,05-01-2025 01:51,05-01-2025 02:03,Electrical Defect,PP Gauge UNIT,11.68305016
Line-10,Machine-30,10-01-2025 02:24,10-01-2025 02:30,Electrical Defect,PP Gauge UNIT,6.216816902
Line-10,Machine-30,10-01-2025 23:16,10-01-2025 23:21,Electrical Defect,PP Gauge UNIT,5.733699799
Line-10,Machine-30,21-01-2025 01:33,21-01-2025 01:41,Electrical Defect,PP Gauge UNIT,8.546616554
Line-10,Machine-30,24-01-2025 01:54,24-01-2025 02:04,Electrical Defect,PP Gauge UNIT,10.51605034
Line-10,Machine-30,24-01-2025 04:38,24-01-2025 04:45,Electrical Defect,PP Gauge UNIT,6.577316761
Line-10,Machine-30,28-01-2025 23:07,28-01-2025 23:13,Electrical Defect,PP Gauge UNIT,6.44416666
Line-10,Machine-30,29-01-2025 01:22,29-01-2025 01:27,Electrical Defect,PP Gauge UNIT,5.133516788
Line-10,Machine-30,29-01-2025 23:39,29-01-2025 23:45,Electrical Defect,PP Gauge UNIT,5.580616474
Line-10,Machine-30,05-02-2025 01:14,05-02-2025 02:07,Electrical Defect,Sensor Setting,53.45140076
Line-10,Machine-30,24-02-2025 02:30,24-02-2025 02:52,Electrical Defect,Chuck Magnet,22.06749916
Line-10,Machine-30,24-02-2025 02:52,24-02-2025 03:20,Electrical Defect,Stone(Honing) Pressure Unit,27.33684921
Line-10,Machine-30,02-03-2025 03:22,02-03-2025 03:29,Electrical Defect,PP Gauge UNIT,6.56704998
Line-10,Machine-30,02-03-2025 23:55,03-03-2025 00:40,Electrical Defect,Servo Motor,45.23880005
Line-10,Machine-30,07-03-2025 04:43,07-03-2025 04:53,Electrical Defect,PP Gauge UNIT,10.08066654
Line-10,Machine-30,08-03-2025 02:00,08-03-2025 02:15,Electrical Defect,PLC power supply Module,15.20756626
Line-10,Machine-30,11-03-2025 04:53,11-03-2025 05:02,Electrical Defect,PP Gauge UNIT,9.392849922
Line-10,Machine-30,14-03-2025 00:54,14-03-2025 01:01,Electrical Defect,Relay Contactor,7.195766449
Line-10,Machine-30,16-03-2025 02:28,16-03-2025 02:35,Electrical Defect,PP Gauge UNIT,6.957366467
Line-10,Machine-30,19-03-2025 03:31,19-03-2025 03:40,Electrical Defect,PP Gauge UNIT,8.113316536
Line-10,Machine-30,20-03-2025 01:24,20-03-2025 01:30,Electrical Defect,PP Gauge UNIT,6.043550014
Line-10,Machine-30,25-03-2025 04:17,25-03-2025 04:22,Electrical Defect,PP Gauge UNIT,5.243733406
Line-10,Machine-30,28-03-2025 00:25,28-03-2025 00:34,Electrical Defect,PP Gauge UNIT,8.955566406
Line-10,Machine-30,04-04-2025 23:22,04-04-2025 23:28,Electrical Defect,Relay Contactor,5.828133106
Line-10,Machine-30,13-04-2025 04:57,13-04-2025 05:03,Electrical Defect,PP Gauge UNIT,5.539616585
Line-10,Machine-30,17-04-2025 00:29,17-04-2025 00:35,Electrical Defect,PP Gauge UNIT,6.375583172
Line-10,Machine-30,21-04-2025 00:03,21-04-2025 00:19,Electrical Defect,PP Gauge UNIT,15.50908375
Line-10,Machine-30,21-04-2025 23:29,21-04-2025 23:36,Electrical Defect,PP Gauge UNIT,6.589033127
Line-10,Machine-30,29-04-2025 00:33,29-04-2025 01:00,Electrical Defect,Relay Contactor,26.6739502
Line-10,Machine-31,12-12-2024 08:55,12-12-2024 09:11,Electrical Defect,Gauge head,16.15494919
Line-10,Machine-31,25-12-2024 07:10,25-12-2024 07:27,Electrical Defect,Gauge head,16.9993
Line-10,Machine-31,25-12-2024 11:36,25-12-2024 12:43,Electrical Defect,Gauge head,67.04615021
Line-10,Machine-31,25-12-2024 08:20,25-12-2024 09:06,Electrical Defect,Gauge Amplifier,46.46670151
Line-10,Machine-31,29-12-2024 07:13,29-12-2024 07:24,Electrical Defect,Demag unit,11.3455162
Line-10,Machine-31,27-01-2025 06:07,27-01-2025 06:17,Electrical Defect,Relay Contactor,9.515600204
Line-10,Machine-31,29-01-2025 12:40,29-01-2025 13:02,Electrical Defect,Gauge head,22.01031685
Line-10,Machine-31,29-01-2025 08:46,29-01-2025 08:51,Electrical Defect,Gauge Amplifier,5.048950195
Line-10,Machine-31,14-02-2025 07:29,14-02-2025 07:40,Electrical Defect,Servo Motor,11.30958366
Line-10,Machine-31,17-02-2025 08:18,17-02-2025 08:28,Electrical Defect,Servo Motor,10.41118336
Line-10,Machine-31,19-02-2025 06:52,19-02-2025 07:17,Electrical Defect,Servo Motor,25.28956604
Line-10,Machine-31,25-02-2025 11:21,25-02-2025 11:31,Electrical Defect,Servo drive,10.53773308
Line-10,Machine-31,10-12-2024 19:12,10-12-2024 19:17,Electrical Defect,Sensor Setting,5.365699768
Line-10,Machine-31,11-12-2024 14:42,11-12-2024 14:48,Electrical Defect,Gauge head,6.692866802
Line-10,Machine-31,11-12-2024 18:24,11-12-2024 18:33,Electrical Defect,Gauge head,8.22266674
Line-10,Machine-31,19-12-2024 21:29,19-12-2024 21:45,Electrical Defect,Sensor Setting,16.51661682
Line-10,Machine-31,25-12-2024 14:59,25-12-2024 15:17,Electrical Defect,Gauge head,18.09494972
Line-10,Machine-31,08-01-2025 14:51,08-01-2025 17:00,Electrical Defect,Relay Contactor,128.790863
Line-10,Machine-31,19-02-2025 20:46,19-02-2025 22:19,Electrical Defect,Servo Motor,93.60279846
Line-10,Machine-31,25-02-2025 15:23,25-02-2025 15:37,Electrical Defect,Servo Motor,13.3246336
Line-10,Machine-31,24-03-2025 22:25,24-03-2025 22:38,Electrical Defect,Demag unit,12.91695023
Line-10,Machine-31,10-04-2025 14:44,10-04-2025 14:55,Electrical Defect,Relay Contactor,11.34298325
Line-10,Machine-31,24-04-2025 18:22,24-04-2025 18:57,Electrical Defect,Overload Current,35
Line-10,Machine-31,29-04-2025 21:36,29-04-2025 21:58,Electrical Defect,Demag unit,21.44281578
Line-10,Machine-31,21-12-2024 03:04,21-12-2024 03:27,Electrical Defect,Sensor Setting,22.55669975
Line-10,Machine-31,29-12-2024 01:11,29-12-2024 01:16,Electrical Defect,Chuck Magnet,5.161900043
Line-10,Machine-31,29-12-2024 01:40,29-12-2024 01:46,Electrical Defect,Chuck Magnet,5.950200081
Line-10,Machine-31,29-12-2024 01:58,29-12-2024 03:30,Electrical Defect,Chuck Magnet,92.34010315
Line-10,Machine-31,29-12-2024 03:34,29-12-2024 04:09,Electrical Defect,Chuck Magnet,34.97216797
Line-10,Machine-31,29-12-2024 05:42,29-12-2024 06:00,Electrical Defect,Chuck Magnet,18.0140667
Line-10,Machine-31,11-02-2025 03:08,11-02-2025 04:37,Electrical Defect,Demag unit,89.51313019
Line-10,Machine-31,19-03-2025 03:51,19-03-2025 03:57,Electrical Defect,Relay Contactor,5.950550079
Line-10,Machine-32,13-02-2025 07:00,13-02-2025 07:22,Electrical Defect,Servo Motor,21.34329987
Line-10,Machine-32,14-02-2025 08:24,14-02-2025 08:29,Electrical Defect,Servo Motor,5.560816765
Line-10,Machine-32,14-02-2025 08:46,14-02-2025 09:10,Electrical Defect,Servo Motor,24.55224991
Line-10,Machine-32,17-02-2025 07:50,17-02-2025 08:13,Electrical Defect,Servo Motor,23.24691582
Line-10,Machine-32,19-02-2025 06:00,19-02-2025 06:47,Electrical Defect,Servo Motor,47.28273392
Line-10,Machine-32,25-02-2025 10:49,25-02-2025 11:21,Electrical Defect,Servo drive,31.58886719
Line-10,Machine-32,09-03-2025 13:58,09-03-2025 14:26,Electrical Defect,Oscillation unit,28.22094917
Line-10,Machine-32,10-03-2025 09:33,10-03-2025 09:41,Electrical Defect,Oscillation unit,7.850349903
Line-10,Machine-32,09-12-2024 22:15,09-12-2024 22:30,Electrical Defect,Chuck Magnet,15.7334671
Line-10,Machine-32,11-12-2024 14:30,11-12-2024 14:42,Electrical Defect,Gauge head,12.10564995
Line-10,Machine-32,11-12-2024 14:52,11-12-2024 15:37,Electrical Defect,Gauge head,44.09538269
Line-10,Machine-32,19-12-2024 21:05,19-12-2024 21:29,Electrical Defect,Sensor Setting,24.1753006
Line-10,Machine-32,08-01-2025 17:05,08-01-2025 17:29,Electrical Defect,Motor Change,24.66676712
Line-10,Machine-32,15-02-2025 18:30,15-02-2025 19:43,Electrical Defect,Servo Motor,72.7144165
Line-10,Machine-32,19-02-2025 20:07,19-02-2025 20:41,Electrical Defect,Servo Motor,33.10966492
Line-10,Machine-32,25-02-2025 14:38,25-02-2025 15:23,Electrical Defect,Servo Motor,45.16023254
Line-10,Machine-32,09-03-2025 21:28,09-03-2025 22:07,Electrical Defect,Servo Motor,39.33449936
Line-10,Machine-32,10-03-2025 21:20,10-03-2025 21:30,Electrical Defect,Servo Motor,10.28086662
Line-10,Machine-32,24-04-2025 22:09,24-04-2025 23:00,Electrical Defect,Aerolide slide,50.56555176
Line-10,Machine-32,28-04-2025 21:25,28-04-2025 21:35,Electrical Defect,Demag unit,10.33619976
Line-10,Machine-32,21-12-2024 02:46,21-12-2024 03:04,Electrical Defect,Sensor Setting,18.04716682
Line-10,Machine-32,29-12-2024 04:35,29-12-2024 05:11,Electrical Defect,Chuck Magnet,36.65093231
Line-10,Machine-32,29-12-2024 05:30,29-12-2024 05:42,Electrical Defect,Chuck Magnet,11.51443291
Line-10,Machine-32,28-12-2024 23:43,29-12-2024 00:08,Electrical Defect,Transfer conveyor system,25.09006691
Line-10,Machine-32,23-01-2025 01:43,23-01-2025 02:16,Electrical Defect,Stone holder,33.01570129
Line-10,Machine-32,11-02-2025 02:14,11-02-2025 03:08,Electrical Defect,Demag unit,53.49588394
Line-10,Machine-32,19-02-2025 05:46,19-02-2025 06:00,Electrical Defect,Aerolide slide,14.08833313
Line-11,Machine-33,13-11-2024 10:02,13-11-2024 10:14,Electrical Defect,IBG UNIT,12.4814167
Line-11,Machine-33,21-11-2024 11:46,21-11-2024 12:05,Electrical Defect,Demag unit,18.38969994
Line-11,Machine-33,23-11-2024 09:12,23-11-2024 09:18,Electrical Defect,Demag unit,6.298083305
Line-11,Machine-33,25-11-2024 08:48,25-11-2024 09:46,Electrical Defect,Gauge Adjustment and Change,58.04281616
Line-11,Machine-33,27-11-2024 08:58,27-11-2024 09:04,Electrical Defect,Chuck Magnet,6.481550217
Line-11,Machine-33,07-12-2024 09:43,07-12-2024 10:16,Electrical Defect,Work head unit,33.69003296
Line-11,Machine-33,21-12-2024 08:22,21-12-2024 08:35,Electrical Defect,Chuck Magnet,12.46251678
Line-11,Machine-33,10-01-2025 10:52,10-01-2025 10:59,Electrical Defect,Chuck Magnet,7.009033203
Line-11,Machine-33,24-02-2025 11:12,24-02-2025 12:03,Electrical Defect,Relay Contactor,50.5557518
Line-11,Machine-33,17-04-2025 06:49,17-04-2025 06:57,Electrical Defect,Demag unit,7.933183193
Line-11,Machine-33,11-11-2024 21:43,11-11-2024 23:00,Electrical Defect,Work head slide,76.44093323
Line-11,Machine-33,23-11-2024 19:28,23-11-2024 19:33,Electrical Defect,Chuck Magnet,5.046649933
Line-11,Machine-33,23-11-2024 20:03,23-11-2024 20:08,Electrical Defect,Chuck Magnet,5.046783447
Line-11,Machine-33,06-12-2024 14:34,06-12-2024 14:52,Electrical Defect,Work head unit,17.82279968
Line-11,Machine-33,16-12-2024 17:24,16-12-2024 17:29,Electrical Defect,Relay Contactor,5.416900158
Line-11,Machine-33,24-12-2024 15:26,24-12-2024 15:32,Electrical Defect,Work head unit,5.834566593
Line-11,Machine-33,24-12-2024 15:34,24-12-2024 16:02,Electrical Defect,Work head unit,27.61440086
Line-11,Machine-33,02-01-2025 18:19,02-01-2025 18:26,Electrical Defect,Chuck Magnet,6.838766575
Line-11,Machine-33,16-01-2025 21:23,16-01-2025 21:48,Electrical Defect,Hydraulic system,25.95683289
Line-11,Machine-33,21-01-2025 17:17,21-01-2025 17:25,Electrical Defect,Stone holder,7.500800133
Line-11,Machine-33,06-02-2025 16:05,06-02-2025 16:34,Electrical Defect,Sensor Setting,28.43826675
Line-11,Machine-33,10-02-2025 14:41,10-02-2025 14:49,Electrical Defect,Chuck Magnet,7.570383549
Line-11,Machine-33,20-02-2025 15:55,20-02-2025 16:02,Electrical Defect,Chuck Magnet,7.672766685
Line-11,Machine-33,27-03-2025 17:40,27-03-2025 17:56,Electrical Defect,Gauge head,16.58945084
Line-11,Machine-33,11-11-2024 23:00,12-11-2024 00:06,Electrical Defect,Work head unit,65.68201447
Line-11,Machine-33,13-11-2024 01:36,13-11-2024 02:33,Electrical Defect,Machine Control Panel,57.19615173
Line-11,Machine-33,07-12-2024 23:28,08-12-2024 00:00,Electrical Defect,Wheel spindle,31.97788239
Line-11,Machine-33,28-12-2024 01:00,28-12-2024 01:14,Electrical Defect,Transfer conveyor system,14.4314003
Line-11,Machine-33,28-12-2024 01:22,28-12-2024 01:37,Electrical Defect,Transfer conveyor system,14.89533329
Line-11,Machine-33,11-01-2025 23:59,12-01-2025 01:23,Electrical Defect,Servo Motor,84.68081665
Line-11,Machine-33,16-01-2025 00:36,16-01-2025 01:17,Electrical Defect,Overload Current,41.15850067
Line-11,Machine-33,12-02-2025 23:00,13-02-2025 04:48,Electrical Defect,Servo drive,348.3879395
Line-11,Machine-33,12-03-2025 04:10,12-03-2025 04:32,Electrical Defect,Sensor Setting,22.23168373
Line-11,Machine-33,01-05-2025 23:00,01-05-2025 23:10,Electrical Defect,Chuck Magnet,10.24571705
Line-11,Machine-34,22-11-2024 10:47,22-11-2024 10:58,Electrical Defect,Oscillation unit,11.20604992
Line-11,Machine-34,03-12-2024 06:01,03-12-2024 06:08,Electrical Defect,Gauge head,7.716983318
Line-11,Machine-34,03-12-2024 06:45,03-12-2024 06:52,Electrical Defect,Gauge head,7.491099834
Line-11,Machine-34,12-12-2024 07:07,12-12-2024 07:12,Electrical Defect,Servo Motor,5.273550034
Line-11,Machine-34,18-12-2024 09:54,18-12-2024 10:13,Electrical Defect,Oscillation unit,18.51913261
Line-11,Machine-34,08-01-2025 13:14,08-01-2025 13:21,Electrical Defect,Oscillation unit,7.678800106
Line-11,Machine-34,20-01-2025 10:39,20-01-2025 11:18,Electrical Defect,Sensor Setting,39.56553268
Line-11,Machine-34,21-01-2025 12:52,21-01-2025 13:58,Electrical Defect,Overload Current,66.53366852
Line-11,Machine-34,01-02-2025 11:30,01-02-2025 11:37,Electrical Defect,Chuck Magnet,6.719733238
Line-11,Machine-34,28-02-2025 08:27,28-02-2025 08:40,Electrical Defect,Dresser unit,12.46133327
Line-11,Machine-34,06-03-2025 11:09,06-03-2025 11:32,Electrical Defect,Sensor Setting,23.67813301
Line-11,Machine-34,06-03-2025 12:39,06-03-2025 13:23,Electrical Defect,Sensor Setting,44.10528183
Line-11,Machine-34,13-03-2025 07:55,13-03-2025 08:10,Electrical Defect,Sensor Setting,14.15351677
Line-11,Machine-34,27-04-2025 08:58,27-04-2025 09:06,Electrical Defect,Chuck Magnet,7.924883366
Line-11,Machine-34,16-11-2024 18:33,16-11-2024 18:40,Electrical Defect,Relay Contactor,6.677899837
Line-11,Machine-34,16-11-2024 18:04,16-11-2024 18:10,Electrical Defect,Servo Motor,5.867966652
Line-11,Machine-34,24-11-2024 20:02,24-11-2024 20:17,Electrical Defect,Oscillation unit,15.45215034
Line-11,Machine-34,16-01-2025 21:17,16-01-2025 21:23,Electrical Defect,Hydraulic system,5.117566586
Line-11,Machine-34,16-01-2025 21:48,16-01-2025 21:56,Electrical Defect,Hydraulic system,7.327283382
Line-11,Machine-34,21-01-2025 16:41,21-01-2025 17:17,Electrical Defect,Stone holder,36.41633224
Line-11,Machine-34,21-01-2025 20:17,21-01-2025 20:22,Electrical Defect,Stone holder,5.402583122
Line-11,Machine-34,21-02-2025 15:52,21-02-2025 16:12,Electrical Defect,Sensor Setting,20.42338371
Line-11,Machine-34,21-02-2025 16:13,21-02-2025 16:18,Electrical Defect,Sensor Setting,5.47510004
Line-11,Machine-34,21-02-2025 16:24,21-02-2025 16:33,Electrical Defect,Sensor Setting,9.264367104
Line-11,Machine-34,21-02-2025 16:40,21-02-2025 16:48,Electrical Defect,Sensor Setting,8.009449959
Line-11,Machine-34,21-02-2025 16:51,21-02-2025 16:59,Electrical Defect,Sensor Setting,7.760566711
Line-11,Machine-34,26-02-2025 20:29,26-02-2025 20:42,Electrical Defect,Demag unit,12.51658344
Line-11,Machine-34,16-03-2025 20:09,16-03-2025 20:30,Electrical Defect,Stone holder,20.68031693
Line-11,Machine-34,25-03-2025 18:59,25-03-2025 19:28,Electrical Defect,Sensor Setting,28.77260017
Line-11,Machine-34,04-04-2025 15:34,04-04-2025 16:48,Electrical Defect,Sensor Setting,73.52176666
Line-11,Machine-34,02-12-2024 23:00,02-12-2024 23:12,Electrical Defect,Sensor Setting,11.99765015
Line-11,Machine-34,02-12-2024 23:45,03-12-2024 00:03,Electrical Defect,Sensor Setting,18.17061615
Line-11,Machine-34,27-12-2024 05:24,27-12-2024 05:34,Electrical Defect,Gauge Amplifier,9.750583649
Line-11,Machine-34,11-01-2025 23:41,11-01-2025 23:59,Electrical Defect,Servo Motor,18.05613327
Line-11,Machine-34,26-02-2025 02:00,26-02-2025 02:25,Electrical Defect,Gauge head,25.15328407
Line-11,Machine-34,12-03-2025 03:47,12-03-2025 04:10,Electrical Defect,Sensor Setting,22.96294975
Line-11,Machine-34,22-03-2025 03:39,22-03-2025 03:45,Electrical Defect,Chuck Magnet,5.902933121
Line-11,Machine-34,13-04-2025 05:33,13-04-2025 05:42,Electrical Defect,Chuck Magnet,8.467100143
Line-11,Machine-35,13-11-2024 12:04,13-11-2024 12:51,Electrical Defect,Stone wear,47.35851669
Line-11,Machine-35,13-11-2024 11:49,13-11-2024 11:55,Electrical Defect,Sensor Setting,5.84736681
Line-11,Machine-35,01-12-2024 06:02,01-12-2024 06:20,Electrical Defect,Demag unit,17.71665001
Line-11,Machine-35,17-12-2024 12:38,17-12-2024 12:45,Electrical Defect,Chuck Magnet,7.607366562
Line-11,Machine-35,02-01-2025 11:14,02-01-2025 11:43,Electrical Defect,Sensor Setting,29.03408241
Line-11,Machine-35,07-01-2025 12:24,07-01-2025 12:29,Electrical Defect,Sensor Setting,5.007949829
Line-11,Machine-35,22-01-2025 11:19,22-01-2025 11:57,Electrical Defect,Demag unit,38.78848267
Line-11,Machine-35,10-02-2025 07:54,10-02-2025 07:59,Electrical Defect,Relay Contactor,5.456733227
Line-11,Machine-35,21-02-2025 06:44,21-02-2025 06:56,Electrical Defect,Gauge Amplifier,12.0053997
Line-11,Machine-35,07-03-2025 06:00,07-03-2025 06:53,Electrical Defect,Work head unit,53.07943344
Line-11,Machine-35,07-03-2025 06:53,07-03-2025 07:08,Electrical Defect,Work head unit,14.81838322
Line-11,Machine-35,07-03-2025 07:49,07-03-2025 07:55,Electrical Defect,Work head unit,5.521616459
Line-11,Machine-35,07-03-2025 08:35,07-03-2025 08:52,Electrical Defect,Work head unit,17.04651642
Line-11,Machine-35,05-04-2025 06:00,05-04-2025 06:11,Electrical Defect,Chuck Magnet,11.46958351
Line-11,Machine-35,20-04-2025 12:23,20-04-2025 12:30,Electrical Defect,Demag unit,6.897516727
Line-11,Machine-35,05-12-2024 20:38,05-12-2024 20:51,Electrical Defect,Relay Contactor,13.55806637
Line-11,Machine-35,05-12-2024 18:58,05-12-2024 19:22,Electrical Defect,Gauge head,23.90621758
Line-11,Machine-35,06-12-2024 14:33,06-12-2024 14:38,Electrical Defect,Relay Contactor,5.028966904
Line-11,Machine-35,09-12-2024 14:30,09-12-2024 14:51,Electrical Defect,Relay Contactor,21.72646713
Line-11,Machine-35,11-12-2024 16:33,11-12-2024 16:43,Electrical Defect,Demag unit,10.12286663
Line-11,Machine-35,16-01-2025 16:47,16-01-2025 16:57,Electrical Defect,Sensor Setting,9.413550377
Line-11,Machine-35,23-01-2025 22:06,23-01-2025 22:33,Electrical Defect,Sensor Setting,27.37478256
Line-11,Machine-35,10-02-2025 19:26,10-02-2025 20:03,Electrical Defect,Work head unit,37.16816711
Line-11,Machine-35,04-03-2025 16:36,04-03-2025 16:44,Electrical Defect,Gauge Amplifier,8.157466888
Line-11,Machine-35,07-03-2025 19:58,07-03-2025 20:37,Electrical Defect,Work head unit,39.30070114
Line-11,Machine-35,14-04-2025 15:52,14-04-2025 16:00,Electrical Defect,Sensor Setting,7.50635004
Line-11,Machine-35,15-11-2024 00:58,15-11-2024 01:08,Electrical Defect,Gauge unit,9.656216621
Line-11,Machine-35,17-11-2024 23:00,18-11-2024 00:05,Electrical Defect,Sensor Setting,65.22888184
Line-11,Machine-35,03-12-2024 23:12,03-12-2024 23:23,Electrical Defect,Demag unit,11.03034973
Line-11,Machine-35,26-12-2024 04:31,26-12-2024 04:42,Electrical Defect,Demag unit,10.47011662
Line-11,Machine-35,13-01-2025 23:22,13-01-2025 23:34,Electrical Defect,Demag unit,12.86633301
Line-11,Machine-35,21-02-2025 00:02,21-02-2025 00:10,Electrical Defect,Sensor Setting,7.864250183
Line-11,Machine-35,04-03-2025 02:42,04-03-2025 04:33,Electrical Defect,Work head unit,110.7652969
Line-11,Machine-35,07-03-2025 05:10,07-03-2025 05:25,Electrical Defect,Work head unit,15.52095032
Line-11,Machine-35,07-03-2025 05:42,07-03-2025 06:00,Electrical Defect,Work head unit,17.33626747
Line-11,Machine-35,19-03-2025 23:27,19-03-2025 23:37,Electrical Defect,Chuck Magnet,9.992516518
Line-12,Machine-36,08-11-2024 12:00,08-11-2024 12:10,Electrical Defect,Relay Contactor,10.00006676
Line-12,Machine-36,28-11-2024 10:00,28-11-2024 10:10,Electrical Defect,Relay Contactor,9.997900009
Line-12,Machine-36,28-11-2024 10:35,28-11-2024 11:00,Electrical Defect,Relay Contactor,24.99139977
Line-12,Machine-36,04-12-2024 06:00,04-12-2024 14:30,Electrical Defect,Robot,510
Line-12,Machine-36,10-12-2024 10:30,10-12-2024 10:45,Electrical Defect,CNC power supply Module,14.14669991
Line-12,Machine-36,22-12-2024 13:00,22-12-2024 13:16,Electrical Defect,Relay Contactor,15.98618317
Line-12,Machine-36,01-01-2025 07:30,01-01-2025 08:00,Electrical Defect,Sensor Setting,30.08866692
Line-12,Machine-36,11-01-2025 07:00,11-01-2025 07:32,Electrical Defect,Relay Contactor,32.00673294
Line-12,Machine-36,15-01-2025 12:50,15-01-2025 13:08,Electrical Defect,Relay Contactor,18.90786743
Line-12,Machine-36,22-01-2025 11:40,22-01-2025 11:55,Electrical Defect,Relay Contactor,15.00706673
Line-12,Machine-36,24-01-2025 10:00,24-01-2025 11:00,Electrical Defect,Relay Contactor,60.00636673
Line-12,Machine-36,25-01-2025 08:00,25-01-2025 08:52,Electrical Defect,Robot,51.98371506
Line-12,Machine-36,06-02-2025 09:00,06-02-2025 11:00,Electrical Defect,Relay Contactor,119.9955826
Line-12,Machine-36,23-02-2025 12:00,23-02-2025 12:06,Electrical Defect,Relay Contactor,5.99851656
Line-12,Machine-36,26-02-2025 11:00,26-02-2025 11:15,Electrical Defect,CNC power supply Module,15.01293373
Line-12,Machine-36,16-03-2025 06:00,16-03-2025 06:15,Electrical Defect,Relay Contactor,15.00384998
Line-12,Machine-36,18-03-2025 09:50,18-03-2025 10:13,Electrical Defect,CNC power supply Module,22.99424934
Line-12,Machine-36,01-04-2025 12:00,01-04-2025 12:40,Electrical Defect,Relay Contactor,40.00733185
Line-12,Machine-36,10-04-2025 06:20,10-04-2025 06:50,Electrical Defect,CNC power supply Module,29.99990082
Line-12,Machine-36,23-04-2025 09:50,23-04-2025 10:01,Electrical Defect,Relay Contactor,10.99798298
Line-12,Machine-36,27-04-2025 14:00,27-04-2025 14:20,Electrical Defect,Relay Contactor,20.005867
Line-12,Machine-36,01-05-2025 14:05,01-05-2025 14:14,Electrical Defect,Relay Contactor,9.582400322
Line-12,Machine-36,12-11-2024 16:10,12-11-2024 16:30,Electrical Defect,Machine Control Panel,20.15016747
Line-12,Machine-36,13-11-2024 16:15,13-11-2024 16:45,Electrical Defect,CNC power supply Module,29.22791672
Line-12,Machine-36,14-11-2024 16:45,14-11-2024 17:07,Electrical Defect,CNC power supply Module,21.99754906
Line-12,Machine-36,17-11-2024 17:00,17-11-2024 17:22,Electrical Defect,CNC power supply Module,22.0047493
Line-12,Machine-36,18-11-2024 17:30,18-11-2024 17:45,Electrical Defect,CNC power supply Module,14.99488354
Line-12,Machine-36,20-11-2024 18:00,20-11-2024 18:11,Electrical Defect,Relay Contactor,10.99985027
Line-12,Machine-36,02-12-2024 17:40,02-12-2024 18:20,Electrical Defect,CNC CPU,40.01333237
Line-12,Machine-36,02-12-2024 18:30,02-12-2024 22:22,Electrical Defect,CNC power supply Module,232.7084045
Line-12,Machine-36,09-12-2024 19:30,09-12-2024 19:51,Electrical Defect,CNC power supply Module,21.00186729
Line-12,Machine-36,12-12-2024 22:35,12-12-2024 22:55,Electrical Defect,Relay Contactor,20.00514984
Line-12,Machine-36,16-12-2024 22:20,16-12-2024 22:30,Electrical Defect,Relay Contactor,9.98445034
Line-12,Machine-36,02-01-2025 20:00,02-01-2025 20:32,Electrical Defect,Relay Contactor,32.00303268
Line-12,Machine-36,09-01-2025 17:00,09-01-2025 17:30,Electrical Defect,Relay Contactor,30.21895027
Line-12,Machine-36,18-01-2025 19:20,18-01-2025 19:57,Electrical Defect,Hydraulic system,37.15773392
Line-12,Machine-36,18-01-2025 14:30,18-01-2025 14:40,Electrical Defect,Wheel Balancer,9.995333672
Line-12,Machine-36,28-01-2025 15:00,28-01-2025 15:30,Electrical Defect,Relay Contactor,29.99360085
Line-12,Machine-36,18-02-2025 14:30,18-02-2025 15:16,Electrical Defect,Relay Contactor,46
Line-12,Machine-36,08-03-2025 15:14,08-03-2025 15:35,Electrical Defect,PLC Input,21.01286697
Line-12,Machine-36,10-03-2025 21:00,10-03-2025 21:30,Electrical Defect,Relay Contactor,30.00213242
Line-12,Machine-36,30-03-2025 18:00,30-03-2025 18:30,Electrical Defect,Relay Contactor,30.00893402
Line-12,Machine-36,31-03-2025 19:00,31-03-2025 19:15,Electrical Defect,Relay Contactor,15.0007
Line-12,Machine-36,11-04-2025 14:50,11-04-2025 15:00,Electrical Defect,Overload Current,9.992666245
Line-12,Machine-36,15-04-2025 21:00,15-04-2025 21:40,Electrical Defect,Relay Contactor,40.27275085
Line-12,Machine-36,17-04-2025 18:15,17-04-2025 18:30,Electrical Defect,Relay Contactor,14.99861622
Line-12,Machine-36,17-04-2025 19:00,17-04-2025 19:24,Electrical Defect,Relay Contactor,24
Line-12,Machine-36,20-04-2025 19:40,20-04-2025 20:00,Electrical Defect,CNC power supply Module,20.76161575
Line-12,Machine-36,08-11-2024 05:30,08-11-2024 05:46,Electrical Defect,CNC power supply Module,15.99530029
Line-12,Machine-36,28-11-2024 23:08,28-11-2024 23:30,Electrical Defect,CNC power supply Module,21.99811745
Line-12,Machine-36,03-12-2024 23:00,04-12-2024 06:00,Electrical Defect,Robot,420
Line-12,Machine-36,06-12-2024 05:25,06-12-2024 05:35,Electrical Defect,CNC power supply Module,10.00806713
Line-12,Machine-36,06-01-2025 23:53,07-01-2025 00:30,Electrical Defect,CNC CPU,37.0009346
Line-12,Machine-36,10-01-2025 00:00,10-01-2025 00:50,Electrical Defect,CNC CPU,49.99826813
Line-12,Machine-36,18-01-2025 23:15,19-01-2025 00:05,Electrical Defect,Relay Contactor,50.08929825
Line-12,Machine-36,31-01-2025 05:30,31-01-2025 05:49,Electrical Defect,CNC CPU,19.20759964
Line-12,Machine-36,06-02-2025 03:28,06-02-2025 03:37,Electrical Defect,Relay Contactor,9.000900269
Line-12,Machine-36,08-02-2025 01:45,08-02-2025 02:00,Electrical Defect,Relay Contactor,14.99786663
Line-12,Machine-36,16-02-2025 02:00,16-02-2025 02:25,Electrical Defect,CNC power supply Module,24.99164963
Line-12,Machine-36,17-02-2025 03:00,17-02-2025 03:15,Electrical Defect,Wheel Balancer,14.9961338
Line-12,Machine-36,17-02-2025 02:30,17-02-2025 03:00,Electrical Defect,CNC power supply Module,29.99986649
Line-12,Machine-36,20-03-2025 01:00,20-03-2025 01:30,Electrical Defect,Relay Contactor,29.99383354
Line-12,Machine-36,25-03-2025 00:00,25-03-2025 00:16,Electrical Defect,CNC power supply Module,16.00878334
Line-12,Machine-36,31-03-2025 00:36,31-03-2025 00:48,Electrical Defect,Loose connection,11.95775032
Line-12,Machine-36,12-04-2025 05:00,12-04-2025 05:20,Electrical Defect,Relay Contactor,20.00925064
Line-12,Machine-37,09-12-2024 12:10,09-12-2024 12:35,Electrical Defect,Sensor Setting,25.00094986
Line-12,Machine-37,17-12-2024 14:00,17-12-2024 14:25,Electrical Defect,Wheel Balancer,24.99646759
Line-12,Machine-37,25-12-2024 06:00,25-12-2024 11:00,Electrical Defect,Relay Contactor,300.1810913
Line-12,Machine-37,03-01-2025 06:00,03-01-2025 06:23,Electrical Defect,Wheel Balancer,22.99090004
Line-12,Machine-37,07-01-2025 06:54,07-01-2025 07:02,Electrical Defect,Relay Contactor,8.005599976
Line-12,Machine-37,10-01-2025 13:00,10-01-2025 13:22,Electrical Defect,Relay Contactor,22.00063324
Line-12,Machine-37,10-01-2025 07:00,10-01-2025 07:20,Electrical Defect,CNC CPU,20.00731659
Line-12,Machine-37,11-01-2025 13:23,11-01-2025 13:33,Electrical Defect,Relay Contactor,9.996600151
Line-12,Machine-37,22-01-2025 12:00,22-01-2025 12:30,Electrical Defect,Relay Contactor,29.98728371
Line-12,Machine-37,10-02-2025 06:05,10-02-2025 06:40,Electrical Defect,Sensor Setting,35.00893402
Line-12,Machine-37,19-02-2025 06:00,19-02-2025 06:23,Electrical Defect,Relay Contactor,22.99661636
Line-12,Machine-37,23-02-2025 13:35,23-02-2025 13:42,Electrical Defect,Relay Contactor,6.995666504
Line-12,Machine-37,24-02-2025 13:00,24-02-2025 13:15,Electrical Defect,Relay Contactor,14.98750019
Line-12,Machine-37,24-02-2025 13:45,24-02-2025 14:22,Electrical Defect,Relay Contactor,37.75511551
Line-12,Machine-37,09-03-2025 06:00,09-03-2025 06:10,Electrical Defect,Relay Contactor,9.990750313
Line-12,Machine-37,13-03-2025 07:00,13-03-2025 07:10,Electrical Defect,Relay Contactor,10.00566673
Line-12,Machine-37,20-03-2025 12:30,20-03-2025 13:10,Electrical Defect,Loose connection,40.00066757
Line-12,Machine-37,03-04-2025 12:30,03-04-2025 12:40,Electrical Defect,Relay Contactor,9.999533653
Line-12,Machine-37,07-04-2025 12:00,07-04-2025 12:10,Electrical Defect,Relay Contactor,9.994549751
Line-12,Machine-37,09-04-2025 08:10,09-04-2025 09:45,Electrical Defect,Loose connection,95.75753021
Line-12,Machine-37,25-04-2025 08:00,25-04-2025 08:15,Electrical Defect,Relay Contactor,15.0041666
Line-12,Machine-37,26-04-2025 12:00,26-04-2025 12:10,Electrical Defect,Relay Contactor,10.00940037
Line-12,Machine-37,28-04-2025 06:00,28-04-2025 13:55,Electrical Defect,Relay Contactor,475.2358704
Line-12,Machine-37,01-05-2025 06:00,01-05-2025 09:30,Electrical Defect,Wheel Balancer,210.7941132
Line-12,Machine-37,12-11-2024 14:30,12-11-2024 15:30,Electrical Defect,Sensor Setting,59.79931641
Line-12,Machine-37,19-11-2024 20:20,19-11-2024 21:00,Electrical Defect,Relay Contactor,39.99786758
Line-12,Machine-37,19-11-2024 18:30,19-11-2024 18:45,Electrical Defect,Lubrication,14.99453354
Line-12,Machine-37,20-11-2024 21:53,20-11-2024 22:08,Electrical Defect,Relay Contactor,14.99938297
Line-12,Machine-37,25-11-2024 16:27,25-11-2024 16:35,Electrical Defect,Relay Contactor,7.991549969
Line-12,Machine-37,26-11-2024 15:20,26-11-2024 15:40,Electrical Defect,Sensor Setting,20.18438339
Line-12,Machine-37,09-12-2024 14:45,09-12-2024 15:09,Electrical Defect,Relay Contactor,24.00359917
Line-12,Machine-37,12-12-2024 15:00,12-12-2024 15:10,Electrical Defect,Relay Contactor,10.01245022
Line-12,Machine-37,13-12-2024 19:57,13-12-2024 20:08,Electrical Defect,Relay Contactor,11.00926685
Line-12,Machine-37,14-12-2024 20:00,14-12-2024 20:10,Electrical Defect,Relay Contactor,9.992233276
Line-12,Machine-37,16-12-2024 19:58,16-12-2024 20:04,Electrical Defect,Relay Contactor,5.993383408
Line-12,Machine-37,17-12-2024 17:40,17-12-2024 18:00,Electrical Defect,Relay Contactor,20.5543499
Line-12,Machine-37,17-12-2024 19:20,17-12-2024 21:04,Electrical Defect,Relay Contactor,104.5439301
Line-12,Machine-37,17-12-2024 22:10,17-12-2024 22:17,Electrical Defect,Relay Contactor,7.614799976
Line-12,Machine-37,17-12-2024 21:27,17-12-2024 21:38,Electrical Defect,Sensor Setting,11.31334972
Line-12,Machine-37,02-01-2025 14:30,02-01-2025 14:52,Electrical Defect,Relay Contactor,22.01029968
Line-12,Machine-37,04-01-2025 15:30,04-01-2025 15:53,Electrical Defect,Relay Contactor,22.99306679
Line-12,Machine-37,10-01-2025 18:10,10-01-2025 19:02,Electrical Defect,Relay Contactor,51.98558426
Line-12,Machine-37,10-01-2025 21:18,10-01-2025 22:37,Electrical Defect,Relay Contactor,79.2518692
Line-12,Machine-37,11-01-2025 14:30,11-01-2025 15:14,Electrical Defect,Wheel Head,43.99679947
Line-12,Machine-37,18-01-2025 16:00,18-01-2025 16:10,Electrical Defect,Wheel Balancer,10.01106644
Line-12,Machine-37,06-02-2025 19:16,06-02-2025 19:40,Electrical Defect,Lubrication,24.14356613
Line-12,Machine-37,06-02-2025 14:41,06-02-2025 15:02,Electrical Defect,CNC power supply Module,21.01181602
Line-12,Machine-37,14-02-2025 21:00,14-02-2025 21:30,Electrical Defect,Relay Contactor,30.00543404
Line-12,Machine-37,15-02-2025 18:00,15-02-2025 18:06,Electrical Defect,Relay Contactor,6.007216454
Line-12,Machine-37,16-02-2025 15:00,16-02-2025 15:10,Electrical Defect,Relay Contactor,10.00049973
Line-12,Machine-37,21-02-2025 21:00,21-02-2025 21:35,Electrical Defect,GE Unit,35.30721664
Line-12,Machine-37,24-02-2025 14:50,24-02-2025 16:00,Electrical Defect,Robot,70.00331879
Line-12,Machine-37,25-02-2025 16:10,25-02-2025 16:34,Electrical Defect,Sensor Setting,23.19496727
Line-12,Machine-37,29-03-2025 18:00,29-03-2025 18:10,Electrical Defect,Relay Contactor,10.00790024
Line-12,Machine-37,10-04-2025 14:12,10-04-2025 14:30,Electrical Defect,Cylinder malfunction,17.99690056
Line-12,Machine-37,12-11-2024 23:15,13-11-2024 00:50,Electrical Defect,Robot,94.98773193
Line-12,Machine-37,14-11-2024 00:00,14-11-2024 00:30,Electrical Defect,Robot,29.99975014
Line-12,Machine-37,14-11-2024 01:00,14-11-2024 01:22,Electrical Defect,Robot,21.99583244
Line-12,Machine-37,17-11-2024 00:00,17-11-2024 00:06,Electrical Defect,Relay Contactor,5.995649815
Line-12,Machine-37,01-12-2024 23:00,01-12-2024 23:28,Electrical Defect,Relay Contactor,27.99264908
Line-12,Machine-37,13-12-2024 04:22,13-12-2024 04:40,Electrical Defect,Proximity switch,17.99186707
Line-12,Machine-37,15-12-2024 01:25,15-12-2024 01:45,Electrical Defect,Loose connection,20.61068344
Line-12,Machine-37,25-12-2024 02:00,25-12-2024 06:00,Electrical Defect,Wheel spindle,240.0056
Line-12,Machine-37,30-12-2024 23:00,30-12-2024 23:15,Electrical Defect,Wheel Balancer,15.00698376
Line-12,Machine-37,03-01-2025 23:00,03-01-2025 23:40,Electrical Defect,Relay Contactor,40.00051498
Line-12,Machine-37,04-01-2025 02:40,04-01-2025 03:30,Electrical Defect,Loose connection,50.00053406
Line-12,Machine-37,17-01-2025 01:56,17-01-2025 02:08,Electrical Defect,Lubrication,11.99750042
Line-12,Machine-37,02-02-2025 05:30,02-02-2025 05:45,Electrical Defect,Wheel Balancer,15.00520039
Line-12,Machine-37,07-02-2025 00:10,07-02-2025 00:25,Electrical Defect,Relay Contactor,14.99978352
Line-12,Machine-37,15-02-2025 00:10,15-02-2025 00:19,Electrical Defect,Wheel Balancer,9.004533768
Line-12,Machine-37,15-02-2025 02:30,15-02-2025 02:40,Electrical Defect,Wheel Balancer,10.00453377
Line-12,Machine-37,16-02-2025 05:00,16-02-2025 05:20,Electrical Defect,Relay Contactor,20.00051689
Line-12,Machine-37,23-02-2025 02:00,23-02-2025 02:30,Electrical Defect,Sensor Setting,30.00373268
Line-12,Machine-37,21-03-2025 00:00,21-03-2025 00:15,Electrical Defect,Relay Contactor,14.99063301
Line-12,Machine-37,17-04-2025 00:30,17-04-2025 01:08,Electrical Defect,Relay Contactor,38.5695343
Line-12,Machine-37,27-04-2025 23:05,28-04-2025 06:00,Electrical Defect,Wheel Balancer,415.8048096
Line-12,Machine-37,29-04-2025 00:17,29-04-2025 01:14,Electrical Defect,Wheel Balancer,57.4638176
Line-12,Machine-38,10-11-2024 11:30,10-11-2024 11:50,Electrical Defect,Gauge head,20.47514915
Line-12,Machine-38,16-11-2024 14:10,16-11-2024 14:30,Electrical Defect,Gauge unit,20.00693321
Line-12,Machine-38,02-12-2024 09:30,02-12-2024 09:50,Electrical Defect,Relay Contactor,20.00058365
Line-12,Machine-38,02-12-2024 10:22,02-12-2024 11:22,Electrical Defect,Relay Contactor,60.00310135
Line-12,Machine-38,02-12-2024 11:30,02-12-2024 12:10,Electrical Defect,Relay Contactor,40.00120163
Line-12,Machine-38,12-12-2024 06:14,12-12-2024 06:30,Electrical Defect,Gauge Amplifier,16.00239944
Line-12,Machine-38,12-12-2024 07:30,12-12-2024 07:49,Electrical Defect,Gauge Amplifier,18.99774933
Line-12,Machine-38,16-12-2024 14:08,16-12-2024 14:30,Electrical Defect,Gauge Amplifier,22.00821686
Line-12,Machine-38,22-12-2024 08:00,22-12-2024 08:10,Electrical Defect,Relay Contactor,10.00001621
Line-12,Machine-38,13-01-2025 08:20,13-01-2025 08:30,Electrical Defect,Relay Contactor,9.995266914
Line-12,Machine-38,13-01-2025 08:38,13-01-2025 09:20,Electrical Defect,Demag unit,42.00434875
Line-12,Machine-38,15-01-2025 14:00,15-01-2025 14:03,Electrical Defect,Robot,3.202533245
Line-12,Machine-38,03-02-2025 07:00,03-02-2025 09:10,Electrical Defect,Relay Contactor,130.1887665
Line-12,Machine-38,08-02-2025 07:30,08-02-2025 08:00,Electrical Defect,Robot,30.00091743
Line-12,Machine-38,21-02-2025 06:00,21-02-2025 06:10,Electrical Defect,Relay Contactor,9.990133286
Line-12,Machine-38,21-02-2025 13:03,21-02-2025 13:52,Electrical Defect,Relay Contactor,48.99383163
Line-12,Machine-38,23-02-2025 13:00,23-02-2025 13:10,Electrical Defect,Relay Contactor,10.00006676
Line-12,Machine-38,06-03-2025 06:20,06-03-2025 06:35,Electrical Defect,Robot,14.99586678
Line-12,Machine-38,07-03-2025 10:30,07-03-2025 11:13,Electrical Defect,Relay Contactor,42.99905014
Line-12,Machine-38,09-03-2025 10:30,09-03-2025 11:00,Electrical Defect,Relay Contactor,30.00349998
Line-12,Machine-38,09-03-2025 11:45,09-03-2025 11:56,Electrical Defect,Relay Contactor,11.00011635
Line-12,Machine-38,04-04-2025 11:34,04-04-2025 12:30,Electrical Defect,Relay Contactor,55.99449921
Line-12,Machine-38,21-04-2025 11:00,21-04-2025 12:00,Electrical Defect,Interlocking Alarm,59.99931717
Line-12,Machine-38,26-04-2025 09:06,26-04-2025 09:33,Electrical Defect,Relay Contactor,27.05565071
Line-12,Machine-38,13-11-2024 19:19,13-11-2024 19:29,Electrical Defect,Robot,10.10796642
Line-12,Machine-38,13-11-2024 20:25,13-11-2024 20:35,Electrical Defect,Robot,10.11674976
Line-12,Machine-38,13-11-2024 21:03,13-11-2024 22:13,Electrical Defect,Robot,70.16883087
Line-12,Machine-38,13-11-2024 22:35,13-11-2024 23:00,Electrical Defect,Robot,25.15485001
Line-12,Machine-38,15-11-2024 16:15,15-11-2024 16:50,Electrical Defect,Relay Contactor,35.00546646
Line-12,Machine-38,15-11-2024 14:40,15-11-2024 15:50,Electrical Defect,Workrest Fixture,70.00536346
Line-12,Machine-38,16-11-2024 14:30,16-11-2024 15:00,Electrical Defect,Gauge unit,30.01093292
Line-12,Machine-38,17-11-2024 20:30,17-11-2024 20:55,Electrical Defect,Wheel spindle,25.01239967
Line-12,Machine-38,20-11-2024 20:20,20-11-2024 20:35,Electrical Defect,Relay Contactor,15.00108337
Line-12,Machine-38,27-11-2024 17:30,27-11-2024 17:50,Electrical Defect,Relay Contactor,20.00156593
Line-12,Machine-38,02-12-2024 15:40,02-12-2024 16:15,Electrical Defect,Robot,34.99520111
Line-12,Machine-38,11-12-2024 22:45,11-12-2024 23:00,Electrical Defect,Relay Contactor,14.9980669
Line-12,Machine-38,16-12-2024 14:30,16-12-2024 14:40,Electrical Defect,Relay Contactor,9.995949745
Line-12,Machine-38,15-01-2025 15:00,15-01-2025 16:00,Electrical Defect,Sensor Setting,60.00680161
Line-12,Machine-38,11-02-2025 16:55,11-02-2025 17:30,Electrical Defect,Relay Contactor,35.64770126
Line-12,Machine-38,12-02-2025 16:00,12-02-2025 16:20,Electrical Defect,Relay Contactor,19.99263382
Line-12,Machine-38,12-02-2025 17:00,12-02-2025 17:15,Electrical Defect,Relay Contactor,14.99483299
Line-12,Machine-38,14-02-2025 17:19,14-02-2025 18:08,Electrical Defect,Sensor Setting,49.08100128
Line-12,Machine-38,16-02-2025 17:40,16-02-2025 18:05,Electrical Defect,Relay Contactor,25.01086617
Line-12,Machine-38,08-03-2025 17:40,08-03-2025 18:15,Electrical Defect,Wheel spindle,34.99793243
Line-12,Machine-38,19-03-2025 17:25,19-03-2025 18:00,Electrical Defect,Robot,35.07320023
Line-12,Machine-38,20-03-2025 22:30,20-03-2025 23:00,Electrical Defect,Robot,29.99640083
Line-12,Machine-38,26-03-2025 19:30,26-03-2025 19:50,Electrical Defect,Relay Contactor,20.00650024
Line-12,Machine-38,19-04-2025 19:30,19-04-2025 20:47,Electrical Defect,Dresser unit,77.14160156
Line-12,Machine-38,23-04-2025 20:00,23-04-2025 21:03,Electrical Defect,Cylinder malfunction,63.00213242
Line-12,Machine-38,27-04-2025 17:33,27-04-2025 19:55,Electrical Defect,Aerolide slide,142.3194427
Line-12,Machine-38,27-04-2025 20:00,27-04-2025 20:32,Electrical Defect,Sensor Setting,32.00393295
Line-12,Machine-38,13-11-2024 23:00,13-11-2024 23:37,Electrical Defect,Robot,36.99734879
Line-12,Machine-38,14-11-2024 02:30,14-11-2024 03:30,Electrical Defect,Robot,59.99653244
Line-12,Machine-38,24-11-2024 23:00,24-11-2024 23:30,Electrical Defect,Gauge head,29.69731712
Line-12,Machine-38,30-11-2024 04:00,30-11-2024 05:00,Electrical Defect,Robot,60.00733185
Line-12,Machine-38,14-12-2024 03:50,14-12-2024 04:20,Electrical Defect,Gauge Amplifier,30.00906754
Line-12,Machine-38,15-12-2024 02:35,15-12-2024 02:50,Electrical Defect,Gauge Amplifier,14.99880028
Line-12,Machine-38,10-01-2025 03:35,10-01-2025 03:55,Electrical Defect,Relay Contactor,19.99786758
Line-12,Machine-38,17-01-2025 04:00,17-01-2025 04:10,Electrical Defect,Relay Contactor,9.993816376
Line-12,Machine-38,22-01-2025 03:30,22-01-2025 03:45,Electrical Defect,Relay Contactor,15.00346661
Line-12,Machine-38,08-02-2025 00:00,08-02-2025 00:15,Electrical Defect,Relay Contactor,15.00078297
Line-12,Machine-38,08-02-2025 00:40,08-02-2025 01:40,Electrical Defect,Relay Contactor,60.55599976
Line-12,Machine-38,08-02-2025 04:45,08-02-2025 05:36,Electrical Defect,Relay Contactor,51.69604874
Line-12,Machine-38,09-02-2025 02:10,09-02-2025 02:20,Electrical Defect,Relay Contactor,10.00475025
Line-12,Machine-38,21-02-2025 02:10,21-02-2025 02:30,Electrical Defect,Wheel spindle,20.00711632
Line-12,Machine-38,26-02-2025 03:31,26-02-2025 04:40,Electrical Defect,Relay Contactor,69.00306702
Line-12,Machine-38,20-03-2025 23:00,20-03-2025 23:42,Electrical Defect,Relay Contactor,42.00244904
Line-12,Machine-38,25-03-2025 00:20,25-03-2025 00:38,Electrical Defect,CNC power supply Module,18.2844162
Line-12,Machine-38,04-04-2025 01:00,04-04-2025 01:36,Electrical Defect,Relay Contactor,35.99543381
Line-12,Machine-38,04-04-2025 03:00,04-04-2025 03:25,Electrical Defect,Relay Contactor,24.99360085
Line-12,Machine-38,16-04-2025 05:20,16-04-2025 05:49,Electrical Defect,Wheel spindle,29.00799942
Line-12,Machine-39,15-11-2024 06:40,15-11-2024 06:55,Electrical Defect,Relay Contactor,14.99586678
Line-12,Machine-39,15-11-2024 09:20,15-11-2024 10:30,Electrical Defect,Intlet conveyor,70.67041779
Line-12,Machine-39,15-11-2024 11:30,15-11-2024 13:00,Electrical Defect,Intlet conveyor,89.98828125
Line-12,Machine-39,21-11-2024 12:00,21-11-2024 12:30,Electrical Defect,Relay Contactor,30.00676727
Line-12,Machine-39,05-12-2024 06:00,05-12-2024 07:00,Electrical Defect,Relay Contactor,59.99148178
Line-12,Machine-39,06-12-2024 06:00,06-12-2024 06:40,Electrical Defect,Relay Contactor,40.35813522
Line-12,Machine-39,06-12-2024 07:10,06-12-2024 08:04,Electrical Defect,Relay Contactor,54.13413239
Line-12,Machine-39,01-01-2025 08:00,01-01-2025 08:31,Electrical Defect,Sensor Setting,31.10293388
Line-12,Machine-39,11-01-2025 08:00,11-01-2025 08:10,Electrical Defect,Relay Contactor,10.00006676
Line-12,Machine-39,05-02-2025 12:30,05-02-2025 12:53,Electrical Defect,Relay Contactor,23.48119926
Line-12,Machine-39,28-01-2025 15:53,28-01-2025 16:35,Electrical Defect,Relay Contactor,42.79293442
Line-12,Machine-39,25-02-2025 18:10,25-02-2025 18:30,Electrical Defect,Sensor Setting,20.14238358
Line-12,Machine-39,20-11-2024 23:59,21-11-2024 01:10,Electrical Defect,Relay Contactor,71
Line-12,Machine-39,20-11-2024 23:59,21-11-2024 06:00,Electrical Defect,Relay Contactor,361
Line-12,Machine-39,14-12-2024 04:30,14-12-2024 04:50,Electrical Defect,Relay Contactor,19.99653244
Line-12,Machine-39,15-12-2024 05:00,15-12-2024 05:12,Electrical Defect,Relay Contactor,12.73908329
Line-12,Machine-39,20-12-2024 00:30,20-12-2024 01:45,Electrical Defect,Relay Contactor,74.98906708
Line-12,Machine-39,11-01-2025 04:00,11-01-2025 04:30,Electrical Defect,Loose Mountings,30.39788246
Line-12,Machine-39,09-02-2025 04:00,09-02-2025 04:20,Electrical Defect,Relay Contactor,19.99728394
Line-12,Machine-39,12-02-2025 23:45,13-02-2025 00:25,Electrical Defect,Relay Contactor,40.00279999
Line-12,Machine-39,13-02-2025 01:10,13-02-2025 01:30,Electrical Defect,Relay Contactor,19.99773407
Line-12,Machine-39,27-04-2025 00:30,27-04-2025 00:50,Electrical Defect,Sensor Setting,19.99858284
Line-12,Machine-39,27-04-2025 02:30,27-04-2025 02:54,Electrical Defect,Sensor Setting,23.99546623
Line-12,Machine-40,06-11-2024 13:30,06-11-2024 13:40,Electrical Defect,Relay Contactor,10.00269985
Line-12,Machine-40,20-11-2024 13:25,20-11-2024 13:50,Electrical Defect,Chuck Magnet,25.00661659
Line-12,Machine-40,13-12-2024 10:12,13-12-2024 10:28,Electrical Defect,Relay Contactor,15.9991169
Line-12,Machine-40,13-12-2024 10:40,13-12-2024 11:00,Electrical Defect,Relay Contactor,20.00286674
Line-12,Machine-40,02-01-2025 12:20,02-01-2025 13:30,Electrical Defect,Sensor Setting,69.99533081
Line-12,Machine-40,04-01-2025 13:00,04-01-2025 14:00,Electrical Defect,Gauge head,60.01638412
Line-12,Machine-40,10-01-2025 11:15,10-01-2025 11:28,Electrical Defect,Lubrication,13.01598358
Line-12,Machine-40,18-01-2025 12:55,18-01-2025 13:15,Electrical Defect,Demag unit,19.99348259
Line-12,Machine-40,22-01-2025 06:00,22-01-2025 06:31,Electrical Defect,Demag unit,31.00723267
Line-12,Machine-40,27-01-2025 09:00,27-01-2025 09:13,Electrical Defect,Relay Contactor,12.99828339
Line-12,Machine-40,01-02-2025 06:51,01-02-2025 07:01,Electrical Defect,Relay Contactor,10.00273323
Line-12,Machine-40,10-02-2025 11:00,10-02-2025 11:26,Electrical Defect,Relay Contactor,26.71593285
Line-12,Machine-40,11-02-2025 06:00,11-02-2025 06:50,Electrical Defect,Sensor Setting,49.99493408
Line-12,Machine-40,14-02-2025 10:30,14-02-2025 11:30,Electrical Defect,Motor,60.26449966
Line-12,Machine-40,18-02-2025 11:30,18-02-2025 11:40,Electrical Defect,Sensor Setting,10.00988293
Line-12,Machine-40,19-02-2025 08:45,19-02-2025 09:15,Electrical Defect,Wheel spindle,29.99631691
Line-12,Machine-40,20-02-2025 07:50,20-02-2025 08:25,Electrical Defect,Relay Contactor,35.01193237
Line-12,Machine-40,20-02-2025 08:39,20-02-2025 09:05,Electrical Defect,Relay Contactor,25.99550056
Line-12,Machine-40,21-02-2025 08:00,21-02-2025 08:15,Electrical Defect,Relay Contactor,15.00489998
Line-12,Machine-40,24-02-2025 14:00,24-02-2025 14:10,Electrical Defect,Relay Contactor,10.00596714
Line-12,Machine-40,28-02-2025 08:00,28-02-2025 08:30,Electrical Defect,Machine Control Panel,30.18219948
Line-12,Machine-40,01-03-2025 13:00,01-03-2025 14:30,Electrical Defect,Relay Contactor,90
Line-12,Machine-40,02-03-2025 08:20,02-03-2025 09:00,Electrical Defect,Wheel spindle,40.23761749
Line-12,Machine-40,02-03-2025 08:21,02-03-2025 08:56,Electrical Defect,Wheel spindle,34.99953461
Line-12,Machine-40,10-03-2025 08:00,10-03-2025 08:10,Electrical Defect,Relay Contactor,9.985666275
Line-12,Machine-40,11-03-2025 06:00,11-03-2025 07:00,Electrical Defect,Sensor Setting,60.00573349
Line-12,Machine-40,08-04-2025 08:30,08-04-2025 09:00,Electrical Defect,Relay Contactor,29.9951992
Line-12,Machine-40,09-04-2025 06:20,09-04-2025 06:51,Electrical Defect,Relay Contactor,31.17041588
Line-12,Machine-40,09-04-2025 11:40,09-04-2025 12:46,Electrical Defect,Relay Contactor,66.50773621
Line-12,Machine-40,12-04-2025 09:00,12-04-2025 10:20,Electrical Defect,Relay Contactor,80.01026917
Line-12,Machine-40,16-04-2025 06:51,16-04-2025 07:07,Electrical Defect,Wheel spindle,15.98344994
Line-12,Machine-40,30-04-2025 06:55,30-04-2025 07:33,Electrical Defect,Wheel spindle,37.99148178
Line-12,Machine-40,30-04-2025 09:00,30-04-2025 09:20,Electrical Defect,Wheel spindle,19.99493408
Line-12,Machine-40,09-11-2024 14:50,09-11-2024 15:00,Electrical Defect,Demag unit,9.992799759
Line-12,Machine-40,14-11-2024 15:30,14-11-2024 16:00,Electrical Defect,Relay Contactor,29.99959946
Line-12,Machine-40,16-11-2024 20:15,16-11-2024 20:36,Electrical Defect,Relay Contactor,20.99821663
Line-12,Machine-40,25-11-2024 22:00,25-11-2024 22:06,Electrical Defect,Relay Contactor,5.990849972
Line-12,Machine-40,27-11-2024 18:40,27-11-2024 19:10,Electrical Defect,Relay Contactor,29.99614906
Line-12,Machine-40,06-12-2024 20:40,06-12-2024 22:42,Electrical Defect,Robot,122.6428146
Line-12,Machine-40,07-12-2024 15:00,07-12-2024 15:09,Electrical Defect,Robot,8.999333382
Line-12,Machine-40,07-12-2024 16:00,07-12-2024 16:13,Electrical Defect,Robot,12.99633312
Line-12,Machine-40,07-12-2024 17:00,07-12-2024 17:08,Electrical Defect,Robot,8.009016991
Line-12,Machine-40,09-12-2024 21:20,09-12-2024 21:45,Electrical Defect,Relay Contactor,25.00119972
Line-12,Machine-40,09-12-2024 22:00,09-12-2024 22:30,Electrical Defect,Relay Contactor,29.99631691
Line-12,Machine-40,18-12-2024 15:17,18-12-2024 15:40,Electrical Defect,Relay Contactor,23.39760017
Line-12,Machine-40,18-12-2024 17:40,18-12-2024 18:00,Electrical Defect,Relay Contactor,20.00251579
Line-12,Machine-40,20-12-2024 18:20,20-12-2024 18:40,Electrical Defect,Gauge head,19.99626732
Line-12,Machine-40,23-12-2024 17:00,23-12-2024 18:00,Electrical Defect,Dresser unit,60
Line-12,Machine-40,25-12-2024 16:40,25-12-2024 17:19,Electrical Defect,Lubrication,38.25993347
Line-12,Machine-40,01-01-2025 15:30,01-01-2025 15:51,Electrical Defect,Relay Contactor,21.00566673
Line-12,Machine-40,03-01-2025 19:00,03-01-2025 19:45,Electrical Defect,Relay Contactor,44.9978981
Line-12,Machine-40,04-01-2025 19:00,04-01-2025 19:10,Electrical Defect,Relay Contactor,10.00106621
Line-12,Machine-40,09-01-2025 13:00,09-01-2025 13:13,Electrical Defect,Relay Contactor,12.99543381
Line-12,Machine-40,13-01-2025 17:00,13-01-2025 17:30,Electrical Defect,Sensor Setting,30.00906754
Line-12,Machine-40,17-01-2025 21:00,17-01-2025 21:45,Electrical Defect,Relay Contactor,45.00320053
Line-12,Machine-40,18-01-2025 19:00,18-01-2025 19:40,Electrical Defect,Relay Contactor,40.00213242
Line-12,Machine-40,10-02-2025 14:30,10-02-2025 15:10,Electrical Defect,Wheel spindle,40.15058517
Line-12,Machine-40,17-02-2025 16:00,17-02-2025 16:10,Electrical Defect,Relay Contactor,9.995083809
Line-12,Machine-40,22-02-2025 20:30,22-02-2025 20:59,Electrical Defect,Relay Contactor,29.33653259
Line-12,Machine-40,27-02-2025 14:30,27-02-2025 15:41,Electrical Defect,PLC power supply Module,71.02306366
Line-12,Machine-40,01-03-2025 15:32,01-03-2025 16:02,Electrical Defect,Wheel spindle,30.00458336
Line-12,Machine-40,09-03-2025 17:40,09-03-2025 19:00,Electrical Defect,Sensor Setting,80.00813293
Line-12,Machine-40,12-03-2025 16:55,12-03-2025 18:12,Electrical Defect,Sensor Setting,77.01294708
Line-12,Machine-40,13-03-2025 21:37,13-03-2025 23:00,Electrical Defect,Robot,82.99005127
Line-12,Machine-40,26-03-2025 20:00,26-03-2025 20:35,Electrical Defect,Relay Contactor,35.00191498
Line-12,Machine-40,08-04-2025 18:00,08-04-2025 18:25,Electrical Defect,Relay Contactor,25.53881645
Line-12,Machine-40,18-04-2025 17:00,18-04-2025 17:15,Electrical Defect,Sensor Setting,15.00798321
Line-12,Machine-40,21-04-2025 18:35,21-04-2025 18:45,Electrical Defect,Relay Contactor,10.0097332
Line-12,Machine-40,24-04-2025 21:15,24-04-2025 21:30,Electrical Defect,Lubrication,15.56703377
Line-12,Machine-40,25-04-2025 21:30,25-04-2025 21:40,Electrical Defect,Wheel spindle,9.194383621
Line-12,Machine-40,29-04-2025 16:40,29-04-2025 17:20,Electrical Defect,Flow switch,39.99598312
Line-12,Machine-40,29-04-2025 19:45,29-04-2025 20:15,Electrical Defect,Flow switch,29.99921608
Line-12,Machine-40,30-04-2025 15:00,30-04-2025 15:30,Electrical Defect,Relay Contactor,30.01000023
Line-12,Machine-40,30-04-2025 18:50,30-04-2025 19:06,Electrical Defect,Relay Contactor,16.14866638
Line-12,Machine-40,01-05-2025 15:20,01-05-2025 15:25,Electrical Defect,Relay Contactor,4.99481678
Line-12,Machine-40,17-11-2024 01:00,17-11-2024 01:30,Electrical Defect,Relay Contactor,30.00131607
Line-12,Machine-40,17-11-2024 23:00,17-11-2024 23:10,Electrical Defect,Relay Contactor,10.00469971
Line-12,Machine-40,23-11-2024 23:50,24-11-2024 00:13,Electrical Defect,Robot,22.99681664
Line-12,Machine-40,04-12-2024 02:15,04-12-2024 02:30,Electrical Defect,Relay Contactor,15.00014973
Line-12,Machine-40,06-12-2024 23:00,07-12-2024 00:30,Electrical Defect,Relay Contactor,90.00879669
Line-12,Machine-40,07-12-2024 01:20,07-12-2024 04:20,Electrical Defect,Relay Contactor,180.0023956
Line-12,Machine-40,31-12-2024 00:00,31-12-2024 00:10,Electrical Defect,Relay Contactor,9.987633705
Line-12,Machine-40,18-01-2025 00:50,18-01-2025 01:30,Electrical Defect,Relay Contactor,40.00523376
Line-12,Machine-40,26-01-2025 03:40,26-01-2025 04:30,Electrical Defect,Relay Contactor,50.14479828
Line-12,Machine-40,11-03-2025 05:00,11-03-2025 05:56,Electrical Defect,Sensor Setting,55.91540146
Line-12,Machine-40,14-03-2025 01:00,14-03-2025 02:00,Electrical Defect,Relay Contactor,60
Line-12,Machine-40,13-03-2025 23:00,14-03-2025 00:35,Electrical Defect,Robot,94.98858643
Line-12,Machine-40,02-04-2025 04:17,02-04-2025 05:24,Electrical Defect,Sensor Setting,66.13490295
Line-12,Machine-40,08-04-2025 02:52,08-04-2025 04:00,Electrical Defect,Wheel spindle,67.16101837
Line-12,Machine-40,09-04-2025 05:37,09-04-2025 06:00,Electrical Defect,Wheel spindle,23.12168312
Line-12,Machine-40,01-05-2025 01:25,01-05-2025 02:00,Electrical Defect,Hand wheel Feed,35.01005173
Line-12,Machine-41,11-11-2024 06:15,11-11-2024 06:32,Electrical Defect,PLC,16.99765015
Line-12,Machine-41,17-12-2024 07:26,17-12-2024 08:15,Electrical Defect,Relay Contactor,48.99291611
Line-12,Machine-41,06-01-2025 06:00,06-01-2025 06:10,Electrical Defect,Relay Contactor,9.994166374
Line-12,Machine-41,06-01-2025 09:00,06-01-2025 09:10,Electrical Defect,Relay Contactor,9.998517036
Line-12,Machine-41,04-02-2025 06:00,04-02-2025 06:52,Electrical Defect,Relay Contactor,52.01210022
Line-12,Machine-41,04-02-2025 07:00,04-02-2025 07:38,Electrical Defect,Relay Contactor,37.99610138
Line-12,Machine-41,10-02-2025 11:30,10-02-2025 12:30,Electrical Defect,Relay Contactor,60.28519821
Line-12,Machine-41,13-02-2025 09:45,13-02-2025 10:45,Electrical Defect,Overload Current,59.99386597
Line-12,Machine-41,16-02-2025 12:00,16-02-2025 12:30,Electrical Defect,Sensor Setting,29.98624992
Line-12,Machine-41,19-02-2025 11:13,19-02-2025 11:42,Electrical Defect,Relay Contactor,28.99423409
Line-12,Machine-41,22-02-2025 11:20,22-02-2025 12:00,Electrical Defect,Relay Contactor,40.01214981
Line-12,Machine-41,23-02-2025 13:00,23-02-2025 13:20,Electrical Defect,Intlet conveyor,20.01186752
Line-12,Machine-41,24-02-2025 06:45,24-02-2025 07:15,Electrical Defect,Relay Contactor,29.99593353
Line-12,Machine-41,26-02-2025 10:30,26-02-2025 12:32,Electrical Defect,Relay Contactor,122.4632034
Line-12,Machine-41,10-03-2025 06:00,10-03-2025 07:50,Electrical Defect,Relay Contactor,109.9980164
Line-12,Machine-41,11-03-2025 12:30,11-03-2025 13:50,Electrical Defect,Sensor Setting,80.53215027
Line-12,Machine-41,12-03-2025 06:00,12-03-2025 08:00,Electrical Defect,Relay Contactor,120.7773361
Line-12,Machine-41,24-03-2025 07:30,24-03-2025 09:00,Electrical Defect,Relay Contactor,90.10534668
Line-12,Machine-41,24-03-2025 10:31,24-03-2025 11:09,Electrical Defect,Relay Contactor,38.13774872
Line-12,Machine-41,24-03-2025 11:30,24-03-2025 12:30,Electrical Defect,Relay Contactor,60.1727829
Line-12,Machine-41,04-04-2025 07:00,04-04-2025 07:23,Electrical Defect,Relay Contactor,22.99128342
Line-12,Machine-41,08-04-2025 07:00,08-04-2025 07:09,Electrical Defect,Sensor Setting,8.994533539
Line-12,Machine-41,06-11-2024 15:15,06-11-2024 15:33,Electrical Defect,Loose connection,18.2461338
Line-12,Machine-41,20-12-2024 16:28,20-12-2024 17:12,Electrical Defect,Relay Contactor,44.78961563
Line-12,Machine-41,16-01-2025 17:00,16-01-2025 19:00,Electrical Defect,Sensor Setting,119.9995804
Line-12,Machine-41,25-01-2025 21:30,25-01-2025 22:00,Electrical Defect,Sensor Setting,29.99813271
Line-12,Machine-41,16-02-2025 19:45,16-02-2025 21:20,Electrical Defect,Sensor Setting,94.98886871
Line-12,Machine-41,11-03-2025 14:30,11-03-2025 15:00,Electrical Defect,Relay Contactor,30.09963417
Line-12,Machine-41,12-03-2025 16:01,12-03-2025 17:05,Electrical Defect,Relay Contactor,63.59463501
Line-12,Machine-41,29-03-2025 20:00,29-03-2025 20:15,Electrical Defect,Relay Contactor,14.99471664
Line-12,Machine-41,24-04-2025 17:25,24-04-2025 17:40,Electrical Defect,Relay Contactor,15.20759964
Line-12,Machine-41,28-04-2025 20:30,28-04-2025 21:23,Electrical Defect,Sensor Setting,53.10921478
Line-12,Machine-41,19-01-2025 01:30,19-01-2025 02:08,Electrical Defect,Relay Contactor,38.15026855
Line-12,Machine-41,19-01-2025 02:13,19-01-2025 02:48,Electrical Defect,Relay Contactor,34.99895096
Line-12,Machine-41,02-03-2025 23:00,02-03-2025 23:20,Electrical Defect,Relay Contactor,19.99411583
Line-12,Machine-41,04-03-2025 03:30,04-03-2025 03:55,Electrical Defect,Relay Contactor,24.99066734
Line-12,Machine-41,05-03-2025 01:20,05-03-2025 01:40,Electrical Defect,Relay Contactor,20.35519981
Line-12,Machine-41,10-03-2025 04:50,10-03-2025 06:00,Electrical Defect,Relay Contactor,70.25
Line-12,Machine-41,01-04-2025 23:00,02-04-2025 00:01,Electrical Defect,Sensor Setting,60.86090088
Line-12,Machine-41,06-04-2025 23:30,06-04-2025 23:51,Electrical Defect,Sensor Setting,21.0041008
Line-12,Machine-41,07-04-2025 02:15,07-04-2025 02:35,Electrical Defect,Sensor Setting,20.00296593
Line-12,Machine-41,07-04-2025 03:10,07-04-2025 03:45,Electrical Defect,Sensor Setting,34.99048233
Line-12,Machine-41,15-04-2025 02:20,15-04-2025 02:50,Electrical Defect,Relay Contactor,30.00558281
Line-12,Machine-41,16-04-2025 23:00,16-04-2025 23:30,Electrical Defect,Relay Contactor,30.56279945
Line-11,Machine-42,13-11-2024 12:51,13-11-2024 13:49,Electrical Defect,Stone wear,57.53646851
Line-11,Machine-42,19-11-2024 08:49,19-11-2024 09:01,Electrical Defect,Sensor Setting,12.11536694
Line-11,Machine-42,13-12-2024 06:03,13-12-2024 06:15,Electrical Defect,Sensor Setting,11.16635036
Line-11,Machine-42,18-12-2024 07:54,18-12-2024 08:06,Electrical Defect,Gauge Amplifier,12.43428326
Line-11,Machine-42,07-01-2025 12:29,07-01-2025 12:38,Electrical Defect,Sensor Setting,8.741149902
Line-11,Machine-42,20-01-2025 06:00,20-01-2025 06:25,Electrical Defect,J-type hopper,25.86529922
Line-11,Machine-42,22-01-2025 12:07,22-01-2025 12:42,Electrical Defect,Demag unit,35.03873444
Line-11,Machine-42,07-02-2025 06:27,07-02-2025 07:09,Electrical Defect,Work head unit,41.57519913
Line-11,Machine-42,10-02-2025 11:21,10-02-2025 11:27,Electrical Defect,Relay Contactor,5.232933521
Line-11,Machine-42,04-03-2025 12:45,04-03-2025 13:06,Electrical Defect,Work head unit,20.44933319
Line-11,Machine-42,04-03-2025 13:11,04-03-2025 13:37,Electrical Defect,Work head unit,25.76418304
Line-11,Machine-42,05-03-2025 11:11,05-03-2025 11:57,Electrical Defect,Sensor Setting,45.54864883
Line-11,Machine-42,07-03-2025 08:52,07-03-2025 09:12,Electrical Defect,Work head unit,19.32956696
Line-11,Machine-42,07-03-2025 09:13,07-03-2025 09:20,Electrical Defect,Work head unit,7.464333534
Line-11,Machine-42,16-04-2025 11:46,16-04-2025 12:00,Electrical Defect,J-type hopper,13.81541634
Line-11,Machine-42,20-04-2025 13:50,20-04-2025 14:04,Electrical Defect,Chuck Magnet,13.69884968
Line-11,Machine-42,05-12-2024 20:58,05-12-2024 21:12,Electrical Defect,Gauge head,13.53766632
Line-11,Machine-42,05-12-2024 21:51,05-12-2024 22:35,Electrical Defect,Gauge head,43.55636597
Line-11,Machine-42,16-01-2025 17:45,16-01-2025 17:57,Electrical Defect,Sensor Setting,12.04608345
Line-11,Machine-42,28-02-2025 14:40,28-02-2025 14:46,Electrical Defect,Chuck Magnet,5.295750141
Line-11,Machine-42,07-03-2025 17:24,07-03-2025 17:30,Electrical Defect,Work head unit,6.87891674
Line-11,Machine-42,07-03-2025 17:31,07-03-2025 18:16,Electrical Defect,Work head unit,44.15111542
Line-11,Machine-42,07-03-2025 18:37,07-03-2025 18:51,Electrical Defect,Work head unit,14.21196651
Line-11,Machine-42,07-03-2025 19:16,07-03-2025 19:26,Electrical Defect,Work head unit,10.79469967
Line-11,Machine-42,07-03-2025 19:34,07-03-2025 19:58,Electrical Defect,Work head unit,23.85598373
Line-11,Machine-42,08-03-2025 17:20,08-03-2025 17:31,Electrical Defect,Relay Contactor,11.37928295
Line-11,Machine-42,08-03-2025 17:33,08-03-2025 17:53,Electrical Defect,Relay Contactor,19.43578339
Line-11,Machine-42,08-03-2025 18:41,08-03-2025 18:54,Electrical Defect,Gauge head,13.31116676
Line-11,Machine-42,14-04-2025 17:37,14-04-2025 17:46,Electrical Defect,Relay Contactor,8.163416862
Line-11,Machine-42,14-11-2024 23:11,14-11-2024 23:22,Electrical Defect,Gauge unit,10.18176651
Line-11,Machine-42,14-11-2024 23:33,14-11-2024 23:59,Electrical Defect,Gauge unit,25.82875061
Line-11,Machine-42,05-12-2024 00:22,05-12-2024 00:43,Electrical Defect,Stone holder,20.63208389
Line-11,Machine-42,06-12-2024 05:42,06-12-2024 05:50,Electrical Defect,Gauge head,7.725850105
Line-11,Machine-42,06-12-2024 05:15,06-12-2024 05:25,Electrical Defect,Gauge Amplifier,10.01025009
Line-11,Machine-42,07-02-2025 23:14,07-02-2025 23:22,Electrical Defect,Chuck Magnet,7.603000164
Line-11,Machine-42,08-02-2025 23:00,08-02-2025 23:09,Electrical Defect,Chuck Magnet,9.548549652
Line-11,Machine-42,27-02-2025 02:00,27-02-2025 02:12,Electrical Defect,Demag unit,11.75966644
Line-11,Machine-42,07-03-2025 04:01,07-03-2025 04:12,Electrical Defect,Work head unit,11.01904964
Line-11,Machine-42,07-03-2025 04:58,07-03-2025 05:10,Electrical Defect,Work head unit,11.45744991
Line-11,Machine-42,07-03-2025 05:25,07-03-2025 05:37,Electrical Defect,Work head unit,11.97958374
Line-11,Machine-42,10-03-2025 23:00,10-03-2025 23:26,Electrical Defect,Regulating Wheel Drive GearBox,26.60891724
Line-11,Machine-42,10-03-2025 23:29,10-03-2025 23:56,Electrical Defect,Regulating Wheel Drive GearBox,26.85098267
Line-11,Machine-42,10-03-2025 23:59,11-03-2025 00:21,Electrical Defect,Regulating Wheel Drive GearBox,22.12061691
Line-11,Machine-42,11-03-2025 23:18,11-03-2025 23:38,Electrical Defect,Relay Contactor,19.86193275
Line-11,Machine-42,14-04-2025 03:23,14-04-2025 03:44,Electrical Defect,Traverse Unit,20.80078316
Line-6,Machine-43,07-11-2024 11:51,07-11-2024 11:59,Electrical Defect,Relay Contactor,7.64141655
Line-6,Machine-43,08-12-2024 11:20,08-12-2024 11:32,Electrical Defect,Relay Contactor,11.98799992
Line-6,Machine-43,24-12-2024 12:57,24-12-2024 13:06,Electrical Defect,Transfer conveyor system,8.94841671
Line-6,Machine-43,24-12-2024 13:24,24-12-2024 13:38,Electrical Defect,Transfer conveyor system,13.20876694
Line-6,Machine-43,06-01-2025 06:00,06-01-2025 06:07,Electrical Defect,Sensor Setting,7.099183559
Line-6,Machine-43,09-01-2025 13:51,09-01-2025 14:00,Electrical Defect,Work head unit,8.917099953
Line-6,Machine-43,01-02-2025 08:10,01-02-2025 08:21,Electrical Defect,Relay Contactor,10.99510002
Line-6,Machine-43,01-02-2025 11:09,01-02-2025 11:24,Electrical Defect,Relay Contactor,14.11658287
Line-6,Machine-43,03-02-2025 06:59,03-02-2025 07:09,Electrical Defect,GE Unit,10.30525017
Line-6,Machine-43,13-02-2025 09:51,13-02-2025 09:56,Electrical Defect,Relay Contactor,5.546466827
Line-6,Machine-43,13-02-2025 10:11,13-02-2025 10:25,Electrical Defect,Relay Contactor,13.54826641
Line-6,Machine-43,11-03-2025 06:50,11-03-2025 07:00,Electrical Defect,Relay Contactor,10.00825024
Line-6,Machine-43,18-03-2025 08:07,18-03-2025 10:01,Electrical Defect,Machine Control Panel,113.369751
Line-6,Machine-43,14-04-2025 06:20,14-04-2025 06:33,Electrical Defect,Relay Contactor,13.15963364
Line-6,Machine-43,15-04-2025 07:30,15-04-2025 08:40,Electrical Defect,Wheel spindle,70
Line-6,Machine-43,21-04-2025 09:47,21-04-2025 11:11,Electrical Defect,Transfer conveyor system,83.94180298
Line-6,Machine-43,24-04-2025 08:23,24-04-2025 08:58,Electrical Defect,Relay Contactor,34.47011566
Line-6,Machine-43,11-11-2024 14:30,11-11-2024 15:11,Electrical Defect,Dresser unit,41.05715179
Line-6,Machine-43,11-11-2024 20:38,11-11-2024 21:04,Electrical Defect,Dresser unit,26.01866722
Line-6,Machine-43,11-11-2024 19:21,11-11-2024 19:27,Electrical Defect,Work head slide,6.524600029
Line-6,Machine-43,13-11-2024 16:17,13-11-2024 16:46,Electrical Defect,Relay Contactor,28.20931625
Line-6,Machine-43,06-01-2025 16:48,06-01-2025 17:03,Electrical Defect,Demag unit,15.05328369
Line-6,Machine-43,07-01-2025 21:42,07-01-2025 22:02,Electrical Defect,Machine Control Panel,20.36038399
Line-6,Machine-43,17-01-2025 20:59,17-01-2025 22:36,Electrical Defect,Short Index system,96.1714325
Line-6,Machine-43,06-02-2025 14:55,06-02-2025 15:17,Electrical Defect,Demag unit,22.26036644
Line-6,Machine-43,16-02-2025 20:10,16-02-2025 21:01,Electrical Defect,Gauge unit,51.6128006
Line-6,Machine-43,12-03-2025 20:54,12-03-2025 21:20,Electrical Defect,Relay Contactor,26.11115074
Line-6,Machine-43,14-04-2025 17:42,14-04-2025 18:09,Electrical Defect,Sensor Setting,27.68556595
Line-6,Machine-43,23-04-2025 21:52,23-04-2025 22:13,Electrical Defect,Relay Contactor,20.86624908
Line-6,Machine-43,23-04-2025 21:25,23-04-2025 21:41,Electrical Defect,Work head unit,15.91699982
Line-6,Machine-43,25-11-2024 01:18,25-11-2024 01:26,Electrical Defect,Wheel spindle,7.815383434
Line-6,Machine-43,26-11-2024 00:16,26-11-2024 00:23,Electrical Defect,Relay Contactor,6.382666588
Line-6,Machine-43,04-12-2024 03:36,04-12-2024 04:18,Electrical Defect,Chuck Magnet,42.11003494
Line-6,Machine-43,04-12-2024 04:41,04-12-2024 05:11,Electrical Defect,Chuck Magnet,30.66503334
Line-6,Machine-43,31-01-2025 00:54,31-01-2025 00:59,Electrical Defect,Relay Contactor,5.390366554
Line-6,Machine-43,31-01-2025 04:45,31-01-2025 04:51,Electrical Defect,Relay Contactor,5.966599941
Line-6,Machine-43,14-02-2025 02:31,14-02-2025 02:41,Electrical Defect,Sensor Setting,9.585049629
Line-6,Machine-43,21-02-2025 05:40,21-02-2025 06:00,Electrical Defect,Relay Contactor,19.44403267
Line-6,Machine-43,10-03-2025 00:44,10-03-2025 01:02,Electrical Defect,Relay Contactor,18.46529961
Line-6,Machine-43,10-03-2025 05:20,10-03-2025 05:39,Electrical Defect,Relay Contactor,18.7703495
Line-3,Machine-44,10-11-2024 08:36,10-11-2024 08:47,Electrical Defect,Chuck Magnet,10.9879837
Line-3,Machine-44,21-11-2024 06:56,21-11-2024 07:02,Electrical Defect,Gauge Amplifier,5.275533199
Line-3,Machine-44,21-11-2024 07:28,21-11-2024 07:40,Electrical Defect,Gauge Amplifier,11.95479965
Line-3,Machine-44,21-11-2024 07:50,21-11-2024 08:01,Electrical Defect,Gauge Amplifier,11.33493328
Line-3,Machine-44,21-11-2024 08:10,21-11-2024 08:26,Electrical Defect,Gauge Amplifier,15.9465332
Line-3,Machine-44,21-11-2024 08:49,21-11-2024 08:57,Electrical Defect,Gauge Amplifier,7.381649971
Line-3,Machine-44,21-11-2024 09:05,21-11-2024 09:11,Electrical Defect,Gauge Amplifier,6.230383396
Line-3,Machine-44,06-01-2025 12:17,06-01-2025 12:25,Electrical Defect,PP Gauge UNIT,7.84923315
Line-3,Machine-44,15-01-2025 06:00,15-01-2025 06:34,Electrical Defect,Wheel spindle,34.34411621
Line-3,Machine-44,20-01-2025 06:23,20-01-2025 06:36,Electrical Defect,Relay Contactor,12.67293358
Line-3,Machine-44,20-01-2025 07:25,20-01-2025 07:33,Electrical Defect,Relay Contactor,8.347933769
Line-3,Machine-44,20-01-2025 08:57,20-01-2025 09:16,Electrical Defect,Relay Contactor,19.29636574
Line-3,Machine-44,20-01-2025 09:38,20-01-2025 10:57,Electrical Defect,Relay Contactor,79.63221741
Line-3,Machine-44,20-01-2025 10:58,20-01-2025 11:32,Electrical Defect,Relay Contactor,34.47241592
Line-3,Machine-44,24-01-2025 09:09,24-01-2025 09:26,Electrical Defect,PP Gauge UNIT,16.59203339
Line-3,Machine-44,29-01-2025 06:25,29-01-2025 06:41,Electrical Defect,Overload Current,15.68918324
Line-3,Machine-44,10-02-2025 06:00,10-02-2025 09:35,Electrical Defect,Intlet conveyor,215.7427368
Line-3,Machine-44,18-02-2025 11:58,18-02-2025 12:08,Electrical Defect,Wheel spindle,9.839982986
Line-3,Machine-44,22-02-2025 07:07,22-02-2025 07:32,Electrical Defect,Gauge head,25.25658417
Line-3,Machine-44,08-03-2025 10:41,08-03-2025 10:53,Electrical Defect,Machine Control Panel,11.70853329
Line-3,Machine-44,08-03-2025 12:09,08-03-2025 12:14,Electrical Defect,Machine Control Panel,5.6371665
Line-3,Machine-44,09-03-2025 11:34,09-03-2025 11:42,Electrical Defect,Intlet conveyor,7.803500175
Line-3,Machine-44,02-04-2025 09:43,02-04-2025 09:53,Electrical Defect,Relay Contactor,9.890666962
Line-3,Machine-44,10-04-2025 13:06,10-04-2025 13:14,Electrical Defect,PP Gauge UNIT,8.183199883
Line-3,Machine-44,15-04-2025 12:50,15-04-2025 13:01,Electrical Defect,PP Gauge UNIT,10.72773361
Line-3,Machine-44,26-04-2025 13:35,26-04-2025 13:44,Electrical Defect,Relay Contactor,9.699250221
Line-3,Machine-44,26-04-2025 06:00,26-04-2025 10:52,Electrical Defect,Servo Motor,292.147522
Line-3,Machine-44,22-11-2024 15:53,22-11-2024 15:59,Electrical Defect,Gauge Amplifier,6.22816658
Line-3,Machine-44,22-11-2024 16:00,22-11-2024 16:30,Electrical Defect,Gauge Amplifier,30.00054932
Line-3,Machine-44,09-12-2024 17:23,09-12-2024 17:34,Electrical Defect,Overload Current,11.39886665
Line-3,Machine-44,15-12-2024 17:50,15-12-2024 18:06,Electrical Defect,Lubrication,16.03840065
Line-3,Machine-44,24-12-2024 14:54,24-12-2024 15:22,Electrical Defect,Wheel spindle,28.29700089
Line-3,Machine-44,25-12-2024 16:40,25-12-2024 16:46,Electrical Defect,PP Gauge UNIT,5.644249916
Line-3,Machine-44,25-12-2024 17:15,25-12-2024 17:22,Electrical Defect,PP Gauge UNIT,6.737066746
Line-3,Machine-44,25-12-2024 20:20,25-12-2024 20:27,Electrical Defect,PP Gauge UNIT,7.04766655
Line-3,Machine-44,16-01-2025 19:04,16-01-2025 19:11,Electrical Defect,PP Gauge UNIT,7.006149769
Line-3,Machine-44,16-01-2025 19:26,16-01-2025 19:34,Electrical Defect,PP Gauge UNIT,8.117933273
Line-3,Machine-44,16-01-2025 21:24,16-01-2025 21:34,Electrical Defect,PP Gauge UNIT,9.885066986
Line-3,Machine-44,17-01-2025 14:30,17-01-2025 14:41,Electrical Defect,Motor,11.57883358
Line-3,Machine-44,25-01-2025 14:49,25-01-2025 16:02,Electrical Defect,Wheel spindle,73.83041382
Line-3,Machine-44,21-02-2025 21:36,21-02-2025 22:00,Electrical Defect,Relay Contactor,24.14089966
Line-3,Machine-44,21-02-2025 22:31,21-02-2025 22:37,Electrical Defect,Relay Contactor,6.375549793
Line-3,Machine-44,15-03-2025 18:28,15-03-2025 18:34,Electrical Defect,PP Gauge UNIT,6.072350025
Line-3,Machine-44,28-03-2025 18:49,28-03-2025 20:46,Electrical Defect,Overload Current,116.9431992
Line-3,Machine-44,13-04-2025 20:21,13-04-2025 20:28,Electrical Defect,Relay Contactor,6.770316601
Line-3,Machine-44,16-04-2025 19:56,16-04-2025 21:26,Electrical Defect,Relay Contactor,90.81958008
Line-3,Machine-44,18-04-2025 16:36,18-04-2025 16:41,Electrical Defect,PP Gauge UNIT,5.145483494
Line-3,Machine-44,22-04-2025 22:51,22-04-2025 22:56,Electrical Defect,PP Gauge UNIT,5.493966579
Line-3,Machine-44,23-04-2025 17:19,23-04-2025 17:50,Electrical Defect,Chuck Magnet,30.8281002
Line-3,Machine-44,07-11-2024 03:43,07-11-2024 03:52,Electrical Defect,Gauge unit,9.522733688
Line-3,Machine-44,20-11-2024 01:47,20-11-2024 01:54,Electrical Defect,Chuck Magnet,7.802966595
Line-3,Machine-44,17-01-2025 23:43,18-01-2025 00:04,Electrical Defect,PP Gauge UNIT,21.27709961
Line-3,Machine-44,24-01-2025 05:14,24-01-2025 05:28,Electrical Defect,Sensor Setting,13.72064972
Line-3,Machine-44,24-01-2025 05:30,24-01-2025 05:39,Electrical Defect,Sensor Setting,8.761966705
Line-3,Machine-44,20-02-2025 02:54,20-02-2025 03:08,Electrical Defect,Lubrication,13.96151638
Line-3,Machine-44,20-02-2025 00:48,20-02-2025 00:54,Electrical Defect,Sensor Setting,5.904650211
Line-3,Machine-44,21-02-2025 23:00,21-02-2025 23:52,Electrical Defect,Machine Control Panel,52.40755081
Line-3,Machine-44,07-03-2025 23:26,07-03-2025 23:32,Electrical Defect,PP Gauge UNIT,5.48789978
Line-3,Machine-44,08-03-2025 04:21,08-03-2025 04:48,Electrical Defect,Sensor Setting,26.68384933
Line-3,Machine-44,12-03-2025 01:39,12-03-2025 01:49,Electrical Defect,PP Gauge UNIT,10.03543377
Line-3,Machine-44,12-03-2025 23:58,13-03-2025 00:03,Electrical Defect,PP Gauge UNIT,5.266183376
Line-3,Machine-44,13-03-2025 01:21,13-03-2025 01:27,Electrical Defect,PP Gauge UNIT,6.752783298
Line-3,Machine-44,17-03-2025 00:12,17-03-2025 00:26,Electrical Defect,Chuck Magnet,14.60289955
Line-3,Machine-44,17-03-2025 00:27,17-03-2025 00:42,Electrical Defect,Chuck Magnet,15.04940033
Line-3,Machine-44,02-04-2025 01:21,02-04-2025 01:34,Electrical Defect,Relay Contactor,13.18571663
Line-3,Machine-44,17-04-2025 05:27,17-04-2025 06:00,Electrical Defect,Chuck Magnet,32.54311752
Line-3,Machine-44,18-04-2025 00:27,18-04-2025 00:34,Electrical Defect,PP Gauge UNIT,6.114099979
Line-3,Machine-44,19-04-2025 23:28,19-04-2025 23:33,Electrical Defect,PP Gauge UNIT,5.154033184
Line-9,Machine-45,03-12-2024 09:52,03-12-2024 10:43,Electrical Defect,Relay Contactor,50.81443405
Line-9,Machine-45,03-12-2024 12:21,03-12-2024 12:38,Electrical Defect,Relay Contactor,16.67291641
Line-9,Machine-45,10-12-2024 09:58,10-12-2024 10:30,Electrical Defect,Chiller unit,31.86473274
Line-9,Machine-45,25-03-2025 07:26,25-03-2025 07:50,Electrical Defect,Transfer conveyor system,24.14956665
Line-9,Machine-45,14-11-2024 22:43,14-11-2024 23:00,Electrical Defect,Gauge head,16.73181725
Line-9,Machine-45,15-11-2024 20:55,15-11-2024 21:04,Electrical Defect,Loose connection,8.582683563
Line-9,Machine-45,15-11-2024 15:30,15-11-2024 15:40,Electrical Defect,Sensor Setting,9.331450462
Line-9,Machine-45,15-11-2024 17:24,15-11-2024 17:29,Electrical Defect,Sensor Setting,5.159383297
Line-9,Machine-45,15-11-2024 17:38,15-11-2024 17:51,Electrical Defect,Sensor Setting,13.09981632
Line-9,Machine-45,14-12-2024 22:05,14-12-2024 23:00,Electrical Defect,Relay Contactor,54.42795181
Line-9,Machine-45,25-12-2024 15:52,25-12-2024 16:17,Electrical Defect,Chuck Magnet,24.7164669
Line-9,Machine-45,25-12-2024 16:23,25-12-2024 16:35,Electrical Defect,Chuck Magnet,12.43308353
Line-9,Machine-45,06-01-2025 18:34,06-01-2025 19:30,Electrical Defect,Rotary hopper,56.04863358
Line-9,Machine-45,01-02-2025 16:48,01-02-2025 16:53,Electrical Defect,Overload Current,5.245933533
Line-9,Machine-45,01-02-2025 17:05,01-02-2025 17:18,Electrical Defect,Overload Current,13.73191643
Line-9,Machine-45,01-02-2025 17:35,01-02-2025 17:42,Electrical Defect,Overload Current,7.384066582
Line-9,Machine-45,01-02-2025 18:52,01-02-2025 19:42,Electrical Defect,Overload Current,50.8398819
Line-9,Machine-45,01-02-2025 20:56,01-02-2025 21:05,Electrical Defect,Overload Current,9.318817139
Line-9,Machine-45,05-02-2025 20:08,05-02-2025 20:37,Electrical Defect,Overload Current,29.63545036
Line-9,Machine-45,13-02-2025 17:05,13-02-2025 17:43,Electrical Defect,Chuck Magnet,38.14744949
Line-9,Machine-45,23-02-2025 22:35,23-02-2025 22:46,Electrical Defect,Gauge head,11.2393837
Line-9,Machine-45,24-02-2025 18:06,24-02-2025 18:26,Electrical Defect,Relay Contactor,20.09821701
Line-9,Machine-45,13-04-2025 16:37,13-04-2025 17:33,Electrical Defect,Transfer conveyor system,56.13386536
Line-9,Machine-45,04-11-2024 04:09,04-11-2024 04:14,Electrical Defect,Work head unit,5.11408329
Line-9,Machine-45,15-11-2024 03:47,15-11-2024 05:12,Electrical Defect,Gauge head,85.05931854
Line-9,Machine-45,15-11-2024 23:06,15-11-2024 23:32,Electrical Defect,Sensor Setting,26.03118324
Line-9,Machine-45,02-12-2024 23:00,03-12-2024 00:13,Electrical Defect,Gauge head,72.31338501
Line-9,Machine-45,03-12-2024 00:15,03-12-2024 00:25,Electrical Defect,Gauge head,10.19778347
Line-9,Machine-45,12-01-2025 04:53,12-01-2025 05:42,Electrical Defect,Overload Current,49.29633331
Line-9,Machine-45,17-04-2025 02:52,17-04-2025 03:47,Electrical Defect,Relay Contactor,54.48469925
Line-9,Machine-45,17-04-2025 04:08,17-04-2025 04:25,Electrical Defect,Relay Contactor,16.85103416
Line-9,Machine-45,17-04-2025 05:14,17-04-2025 05:26,Electrical Defect,Relay Contactor,11.70781708
Line-9,Machine-45,27-04-2025 04:02,27-04-2025 04:17,Electrical Defect,Relay Contactor,15.10336685
Line-6,Machine-46,11-11-2024 09:24,11-11-2024 09:29,Electrical Defect,PP Gauge UNIT,5.261483192
Line-6,Machine-46,11-11-2024 10:47,11-11-2024 10:53,Electrical Defect,PP Gauge UNIT,6.704249859
Line-6,Machine-46,16-11-2024 09:59,16-11-2024 10:07,Electrical Defect,PP Gauge UNIT,7.985533237
Line-6,Machine-46,20-11-2024 08:35,20-11-2024 08:41,Electrical Defect,PP Gauge UNIT,5.409733295
Line-6,Machine-46,21-11-2024 14:01,21-11-2024 14:07,Electrical Defect,PP Gauge UNIT,5.796899796
Line-6,Machine-46,22-11-2024 13:11,22-11-2024 13:17,Electrical Defect,PP Gauge UNIT,5.288816452
Line-6,Machine-46,26-11-2024 13:04,26-11-2024 13:10,Electrical Defect,PP Gauge UNIT,5.628149986
Line-6,Machine-46,02-12-2024 10:37,02-12-2024 11:03,Electrical Defect,Stone(Honing) Pressure Unit,25.84648323
Line-6,Machine-46,03-12-2024 11:08,03-12-2024 11:14,Electrical Defect,PP Gauge UNIT,5.815466881
Line-6,Machine-46,04-12-2024 13:26,04-12-2024 13:31,Electrical Defect,PP Gauge UNIT,5.080349922
Line-6,Machine-46,09-12-2024 13:22,09-12-2024 13:28,Electrical Defect,PP Gauge UNIT,5.880899906
Line-6,Machine-46,09-12-2024 13:30,09-12-2024 14:01,Electrical Defect,PP Gauge UNIT,31.41828346
Line-6,Machine-46,11-12-2024 13:55,11-12-2024 14:26,Electrical Defect,Relay Contactor,30.6657505
Line-6,Machine-46,13-12-2024 09:59,13-12-2024 10:10,Electrical Defect,Relay Contactor,11.03346634
Line-6,Machine-46,13-12-2024 06:27,13-12-2024 06:48,Electrical Defect,Chuck Magnet,21.58595085
Line-6,Machine-46,13-12-2024 07:21,13-12-2024 07:45,Electrical Defect,Chuck Magnet,24.53221703
Line-6,Machine-46,14-12-2024 06:00,14-12-2024 06:05,Electrical Defect,PP Gauge UNIT,5.153533459
Line-6,Machine-46,16-12-2024 13:20,16-12-2024 13:20,Electrical Defect,PP Gauge UNIT,0.000266667
Line-6,Machine-46,21-12-2024 11:25,21-12-2024 11:32,Electrical Defect,PP Gauge UNIT,7.356200218
Line-6,Machine-46,31-12-2024 17:17,31-12-2024 23:00,Electrical Defect,Relay Contactor,343.0327148
Line-6,Machine-46,06-01-2025 11:22,06-01-2025 11:32,Electrical Defect,Relay Contactor,9.112850189
Line-6,Machine-46,10-01-2025 12:50,10-01-2025 12:55,Electrical Defect,PP Gauge UNIT,5.290283203
Line-6,Machine-46,13-01-2025 08:42,13-01-2025 08:48,Electrical Defect,PP Gauge UNIT,5.506000042
Line-6,Machine-46,20-01-2025 06:25,20-01-2025 06:52,Electrical Defect,Relay Contactor,26.70631599
Line-6,Machine-46,20-01-2025 09:19,20-01-2025 09:27,Electrical Defect,Wheel spindle,7.756716728
Line-6,Machine-46,20-01-2025 09:30,20-01-2025 09:35,Electrical Defect,Wheel spindle,5.39620018
Line-6,Machine-46,20-01-2025 09:44,20-01-2025 10:52,Electrical Defect,Wheel spindle,67.38441467
Line-6,Machine-46,31-01-2025 06:14,31-01-2025 06:21,Electrical Defect,PP Gauge UNIT,7.13951683
Line-6,Machine-46,31-01-2025 11:40,31-01-2025 11:48,Electrical Defect,PP Gauge UNIT,7.986800194
Line-6,Machine-46,03-02-2025 07:00,03-02-2025 07:06,Electrical Defect,PP Gauge UNIT,6.261283398
Line-6,Machine-46,03-02-2025 08:02,03-02-2025 08:07,Electrical Defect,PP Gauge UNIT,5.58346653
Line-6,Machine-46,05-02-2025 08:18,05-02-2025 08:24,Electrical Defect,PP Gauge UNIT,6.484650135
Line-6,Machine-46,08-02-2025 12:06,08-02-2025 12:14,Electrical Defect,PP Gauge UNIT,8.299333572
Line-6,Machine-46,12-02-2025 12:21,12-02-2025 12:26,Electrical Defect,PP Gauge UNIT,5.277233124
Line-6,Machine-46,22-02-2025 13:39,22-02-2025 13:50,Electrical Defect,PP Gauge UNIT,11.19884968
Line-6,Machine-46,22-02-2025 13:50,22-02-2025 13:59,Electrical Defect,PP Gauge UNIT,8.134066582
Line-6,Machine-46,26-02-2025 07:06,26-02-2025 07:16,Electrical Defect,PP Gauge UNIT,10.67710018
Line-6,Machine-46,28-02-2025 11:06,28-02-2025 11:23,Electrical Defect,PP Gauge UNIT,17.63888359
Line-6,Machine-46,03-03-2025 10:29,03-03-2025 10:42,Electrical Defect,PP Gauge UNIT,12.93018341
Line-6,Machine-46,17-03-2025 08:30,17-03-2025 08:37,Electrical Defect,PP Gauge UNIT,7.16661644
Line-6,Machine-46,17-03-2025 12:07,17-03-2025 12:12,Electrical Defect,Rotary hopper,5.16386652
Line-6,Machine-46,22-03-2025 09:16,22-03-2025 09:21,Electrical Defect,Relay Contactor,5.832349777
Line-6,Machine-46,08-04-2025 12:01,08-04-2025 12:17,Electrical Defect,Sensor Setting,16.40945053
Line-6,Machine-46,10-04-2025 07:57,10-04-2025 08:04,Electrical Defect,PP Gauge UNIT,6.999149799
Line-6,Machine-46,14-04-2025 09:30,14-04-2025 09:36,Electrical Defect,PP Gauge UNIT,5.747000217
Line-6,Machine-46,15-04-2025 07:53,15-04-2025 08:05,Electrical Defect,Gauge unit,11.71456623
Line-6,Machine-46,15-04-2025 08:11,15-04-2025 08:18,Electrical Defect,Not Recorded,7.112850189
Line-6,Machine-46,23-04-2025 11:46,23-04-2025 11:54,Electrical Defect,Hydraulic system,7.898116589
Line-6,Machine-46,23-04-2025 11:54,23-04-2025 12:08,Electrical Defect,Hydraulic system,13.67158318
Line-6,Machine-46,07-11-2024 19:53,07-11-2024 20:00,Electrical Defect,PP Gauge UNIT,7.09193325
Line-6,Machine-46,07-11-2024 20:44,07-11-2024 20:52,Electrical Defect,PP Gauge UNIT,7.951333523
Line-6,Machine-46,07-11-2024 22:26,07-11-2024 22:36,Electrical Defect,PP Gauge UNIT,9.699966431
Line-6,Machine-46,08-11-2024 20:30,08-11-2024 20:36,Electrical Defect,PP Gauge UNIT,6.828233242
Line-6,Machine-46,08-11-2024 20:53,08-11-2024 20:59,Electrical Defect,PP Gauge UNIT,6.072050095
Line-6,Machine-46,08-11-2024 21:43,08-11-2024 21:50,Electrical Defect,PP Gauge UNIT,7.291033268
Line-6,Machine-46,08-11-2024 22:28,08-11-2024 22:37,Electrical Defect,PP Gauge UNIT,9.144933701
Line-6,Machine-46,19-11-2024 20:08,19-11-2024 20:14,Electrical Defect,PP Gauge UNIT,6.107583523
Line-6,Machine-46,19-11-2024 20:55,19-11-2024 21:00,Electrical Defect,PP Gauge UNIT,5.081116676
Line-6,Machine-46,30-11-2024 15:08,30-11-2024 15:33,Electrical Defect,PP Gauge UNIT,24.20003319
Line-6,Machine-46,02-12-2024 14:35,02-12-2024 14:41,Electrical Defect,PP Gauge UNIT,6.202383518
Line-6,Machine-46,04-12-2024 17:04,04-12-2024 17:16,Electrical Defect,PP Gauge UNIT,11.82658291
Line-6,Machine-46,04-12-2024 17:31,04-12-2024 17:38,Electrical Defect,PP Gauge UNIT,7.493033409
Line-6,Machine-46,06-12-2024 17:57,06-12-2024 18:02,Electrical Defect,PP Gauge UNIT,5.061816692
Line-6,Machine-46,06-12-2024 21:04,06-12-2024 21:10,Electrical Defect,PP Gauge UNIT,5.975949764
Line-6,Machine-46,10-12-2024 14:30,10-12-2024 14:40,Electrical Defect,Relay Contactor,10.29838371
Line-6,Machine-46,10-12-2024 14:52,10-12-2024 15:03,Electrical Defect,Relay Contactor,11.225317
Line-6,Machine-46,10-12-2024 21:33,10-12-2024 21:42,Electrical Defect,Relay Contactor,9.045350075
Line-6,Machine-46,10-12-2024 21:42,10-12-2024 21:51,Electrical Defect,Relay Contactor,9.486816406
Line-6,Machine-46,10-12-2024 20:15,10-12-2024 20:20,Electrical Defect,PP Gauge UNIT,5.166416645
Line-6,Machine-46,22-12-2024 15:49,22-12-2024 15:56,Electrical Defect,PP Gauge UNIT,6.030350208
Line-6,Machine-46,04-01-2025 20:48,04-01-2025 20:57,Electrical Defect,PP Gauge UNIT,9.226882935
Line-6,Machine-46,16-01-2025 15:46,16-01-2025 15:51,Electrical Defect,PP Gauge UNIT,5.652066708
Line-6,Machine-46,18-01-2025 17:56,18-01-2025 18:19,Electrical Defect,Relay Contactor,22.39403343
Line-6,Machine-46,18-01-2025 19:03,18-01-2025 19:16,Electrical Defect,Gauge head,13.00020027
Line-6,Machine-46,20-01-2025 17:26,20-01-2025 17:41,Electrical Defect,PP Gauge UNIT,15.59973335
Line-6,Machine-46,21-01-2025 15:59,21-01-2025 16:04,Electrical Defect,PP Gauge UNIT,5.241466522
Line-6,Machine-46,28-01-2025 17:20,28-01-2025 17:26,Electrical Defect,PP Gauge UNIT,5.822100163
Line-6,Machine-46,28-01-2025 17:58,28-01-2025 18:04,Electrical Defect,PP Gauge UNIT,5.897866726
Line-6,Machine-46,28-01-2025 19:14,28-01-2025 19:20,Electrical Defect,PP Gauge UNIT,5.324016571
Line-6,Machine-46,28-01-2025 20:07,28-01-2025 20:12,Electrical Defect,PP Gauge UNIT,5.49818325
Line-6,Machine-46,29-01-2025 16:34,29-01-2025 16:40,Electrical Defect,PP Gauge UNIT,6.016816616
Line-6,Machine-46,20-02-2025 14:37,20-02-2025 14:45,Electrical Defect,Gauge unit,7.645533562
Line-6,Machine-46,20-02-2025 20:13,20-02-2025 20:19,Electrical Defect,PP Gauge UNIT,5.839783192
Line-6,Machine-46,04-03-2025 19:56,04-03-2025 20:06,Electrical Defect,Relay Contactor,10.2451334
Line-6,Machine-46,07-03-2025 16:40,07-03-2025 16:48,Electrical Defect,PP Gauge UNIT,8.084416389
Line-6,Machine-46,10-03-2025 21:52,10-03-2025 21:58,Electrical Defect,PP Gauge UNIT,5.853350163
Line-6,Machine-46,11-03-2025 16:14,11-03-2025 16:19,Electrical Defect,PP Gauge UNIT,5.662033558
Line-6,Machine-46,13-03-2025 20:07,13-03-2025 20:13,Electrical Defect,PP Gauge UNIT,5.546899796
Line-6,Machine-46,20-03-2025 17:12,20-03-2025 17:17,Electrical Defect,Wheel spindle,5.155166626
Line-6,Machine-46,31-03-2025 21:11,31-03-2025 21:25,Electrical Defect,Gauge head,14.04279995
Line-6,Machine-46,31-03-2025 21:25,31-03-2025 21:34,Electrical Defect,Gauge head,8.83133316
Line-6,Machine-46,31-03-2025 22:44,31-03-2025 22:54,Electrical Defect,PP Gauge UNIT,9.516799927
Line-6,Machine-46,12-04-2025 20:08,12-04-2025 20:25,Electrical Defect,PP Gauge UNIT,16.96349907
Line-6,Machine-46,14-04-2025 18:51,14-04-2025 18:59,Electrical Defect,PP Gauge UNIT,7.96968317
Line-6,Machine-46,22-04-2025 14:51,22-04-2025 14:58,Electrical Defect,PP Gauge UNIT,6.761650085
Line-6,Machine-46,26-04-2025 16:13,26-04-2025 16:19,Electrical Defect,PP Gauge UNIT,5.553266525
Line-6,Machine-46,08-11-2024 01:18,08-11-2024 01:30,Electrical Defect,PP Gauge UNIT,11.92455006
Line-6,Machine-46,10-11-2024 05:17,10-11-2024 05:29,Electrical Defect,PP Gauge UNIT,12.6862669
Line-6,Machine-46,20-11-2024 04:42,20-11-2024 04:48,Electrical Defect,PP Gauge UNIT,6.416183472
Line-6,Machine-46,20-11-2024 23:43,20-11-2024 23:54,Electrical Defect,PP Gauge UNIT,10.15979958
Line-6,Machine-46,21-11-2024 00:27,21-11-2024 00:33,Electrical Defect,PP Gauge UNIT,5.762300014
Line-6,Machine-46,21-11-2024 00:47,21-11-2024 00:53,Electrical Defect,PP Gauge UNIT,6.262383461
Line-6,Machine-46,25-11-2024 00:18,25-11-2024 00:36,Electrical Defect,Sensor Setting,18.50103378
Line-6,Machine-46,26-11-2024 00:25,26-11-2024 00:33,Electrical Defect,Relay Contactor,8.294050217
Line-6,Machine-46,26-11-2024 03:11,26-11-2024 03:19,Electrical Defect,PP Gauge UNIT,7.804133415
Line-6,Machine-46,03-12-2024 23:20,03-12-2024 23:27,Electrical Defect,PP Gauge UNIT,7.352383137
Line-6,Machine-46,05-12-2024 03:31,05-12-2024 03:37,Electrical Defect,PP Gauge UNIT,5.680250168
Line-6,Machine-46,06-12-2024 03:51,06-12-2024 03:57,Electrical Defect,PP Gauge UNIT,5.92658329
Line-6,Machine-46,08-12-2024 00:05,08-12-2024 00:10,Electrical Defect,PP Gauge UNIT,5.061766624
Line-6,Machine-46,27-12-2024 23:05,27-12-2024 23:30,Electrical Defect,Wheel spindle,24.6227169
Line-6,Machine-46,28-12-2024 01:54,28-12-2024 02:01,Electrical Defect,Wheel spindle,7.003033161
Line-6,Machine-46,01-01-2025 04:42,01-01-2025 04:48,Electrical Defect,PP Gauge UNIT,6.606550217
Line-6,Machine-46,31-12-2024 23:00,01-01-2025 00:52,Electrical Defect,Slide Lock,111.9424133
Line-6,Machine-46,05-01-2025 01:23,05-01-2025 01:30,Electrical Defect,PP Gauge UNIT,6.834133148
Line-6,Machine-46,18-01-2025 05:13,18-01-2025 05:20,Electrical Defect,PP Gauge UNIT,7.250333309
Line-6,Machine-46,24-01-2025 01:41,24-01-2025 01:54,Electrical Defect,PP Gauge UNIT,13.60338306
Line-6,Machine-46,31-01-2025 01:56,31-01-2025 02:34,Electrical Defect,Relay Contactor,37.58333206
Line-6,Machine-46,31-01-2025 02:34,31-01-2025 02:44,Electrical Defect,Relay Contactor,10.29024982
Line-6,Machine-46,31-01-2025 02:45,31-01-2025 03:00,Electrical Defect,Relay Contactor,14.45433331
Line-6,Machine-46,06-02-2025 02:17,06-02-2025 02:23,Electrical Defect,Wheel spindle,5.837649822
Line-6,Machine-46,08-02-2025 00:26,08-02-2025 00:34,Electrical Defect,PP Gauge UNIT,7.65561676
Line-6,Machine-46,11-02-2025 02:33,11-02-2025 04:01,Electrical Defect,Sensor Setting,88.17153168
Line-6,Machine-46,17-02-2025 23:22,17-02-2025 23:29,Electrical Defect,Intlet conveyor,7.427166462
Line-6,Machine-46,18-02-2025 02:44,18-02-2025 02:51,Electrical Defect,Intlet conveyor,6.760233402
Line-6,Machine-46,18-02-2025 04:46,18-02-2025 04:51,Electrical Defect,Intlet conveyor,5.163750172
Line-6,Machine-46,22-02-2025 03:38,22-02-2025 03:43,Electrical Defect,PP Gauge UNIT,5.138833523
Line-6,Machine-46,22-02-2025 23:20,22-02-2025 23:32,Electrical Defect,Relay Contactor,12.0848999
Line-6,Machine-46,01-03-2025 00:33,01-03-2025 00:40,Electrical Defect,PP Gauge UNIT,6.848566532
Line-6,Machine-46,20-03-2025 03:22,20-03-2025 03:28,Electrical Defect,PP Gauge UNIT,5.787166595
Line-6,Machine-46,20-03-2025 03:36,20-03-2025 03:41,Electrical Defect,PP Gauge UNIT,5.208483219
Line-6,Machine-46,23-03-2025 02:22,23-03-2025 02:28,Electrical Defect,PP Gauge UNIT,5.333916664
Line-6,Machine-46,02-04-2025 02:28,02-04-2025 02:33,Electrical Defect,PP Gauge UNIT,5.41716671
Line-6,Machine-46,02-04-2025 05:16,02-04-2025 05:21,Electrical Defect,PP Gauge UNIT,5.418366432
Line-6,Machine-46,15-04-2025 03:58,15-04-2025 04:33,Electrical Defect,Gauge head,35.47114944
Line-6,Machine-46,15-04-2025 03:43,15-04-2025 03:52,Electrical Defect,Gauge unit,8.417467117
Line-6,Machine-46,16-04-2025 00:54,16-04-2025 00:59,Electrical Defect,PP Gauge UNIT,5.415783405
Line-6,Machine-46,19-04-2025 02:54,19-04-2025 02:59,Electrical Defect,PP Gauge UNIT,5.194016457
Line-7,Machine-47,11-11-2024 06:20,11-11-2024 06:35,Electrical Defect,Relay Contactor,14.88161659
Line-7,Machine-47,28-11-2024 11:20,28-11-2024 12:20,Electrical Defect,Servo Motor,59.73443222
Line-7,Machine-47,28-11-2024 13:00,28-11-2024 13:14,Electrical Defect,Servo Motor,14.22253323
Line-7,Machine-47,03-12-2024 07:35,03-12-2024 07:46,Electrical Defect,Traverse Unit,11.05068302
Line-7,Machine-47,12-02-2025 09:10,12-02-2025 09:34,Electrical Defect,Gauge head,23.73543358
Line-7,Machine-47,26-02-2025 06:15,26-02-2025 07:19,Electrical Defect,Relay Contactor,63.78653336
Line-7,Machine-47,07-03-2025 11:58,07-03-2025 12:08,Electrical Defect,Relay Contactor,10.01901627
Line-7,Machine-47,15-03-2025 14:04,15-03-2025 14:11,Electrical Defect,Chuck Magnet,7.46513319
Line-7,Machine-47,19-03-2025 09:21,19-03-2025 09:30,Electrical Defect,Chuck Magnet,8.300299644
Line-7,Machine-47,22-03-2025 13:04,22-03-2025 13:09,Electrical Defect,Chuck Magnet,5.600649834
Line-7,Machine-47,26-04-2025 12:13,26-04-2025 13:26,Electrical Defect,Servo Motor,72.06188202
Line-7,Machine-47,11-11-2024 20:58,11-11-2024 21:29,Electrical Defect,Stone(Honing) Pressure Unit,30.21750069
Line-7,Machine-47,12-12-2024 20:33,12-12-2024 21:09,Electrical Defect,Gauge head,35.49143219
Line-7,Machine-47,30-12-2024 16:22,30-12-2024 16:31,Electrical Defect,Hand wheel Feed,9.748200417
Line-7,Machine-47,15-01-2025 20:11,15-01-2025 20:20,Electrical Defect,Sensor Setting,9.414349556
Line-7,Machine-47,16-01-2025 21:08,16-01-2025 21:18,Electrical Defect,PP Gauge UNIT,9.950516701
Line-7,Machine-47,17-01-2025 17:55,17-01-2025 19:08,Electrical Defect,PP Gauge UNIT,72.25479889
Line-7,Machine-47,15-02-2025 15:31,15-02-2025 15:37,Electrical Defect,Machine Control Panel,6.083266735
Line-7,Machine-47,13-03-2025 16:10,13-03-2025 16:17,Electrical Defect,Relay Contactor,6.886933327
Line-7,Machine-47,13-03-2025 17:31,13-03-2025 17:40,Electrical Defect,Chuck Magnet,9.425816536
Line-7,Machine-47,16-03-2025 16:23,16-03-2025 17:01,Electrical Defect,Relay Contactor,37.95893478
Line-7,Machine-47,19-03-2025 20:28,19-03-2025 20:44,Electrical Defect,Chuck Magnet,15.49403286
Line-7,Machine-47,19-03-2025 20:50,19-03-2025 21:03,Electrical Defect,Chuck Magnet,12.99919987
Line-7,Machine-47,19-03-2025 21:13,19-03-2025 21:21,Electrical Defect,Chuck Magnet,7.980549812
Line-7,Machine-47,12-04-2025 15:00,12-04-2025 15:06,Electrical Defect,PP Gauge UNIT,5.85340023
Line-7,Machine-47,21-12-2024 01:33,21-12-2024 01:40,Electrical Defect,PP Gauge UNIT,6.940499783
Line-7,Machine-47,28-12-2024 05:26,28-12-2024 06:00,Electrical Defect,Work head unit,33.74061584
Line-7,Machine-47,25-02-2025 23:00,25-02-2025 23:59,Electrical Defect,Relay Contactor,59.00569916
Line-7,Machine-47,25-02-2025 23:09,25-02-2025 23:33,Electrical Defect,Chuck Magnet,23.68643379
Line-7,Machine-47,21-03-2025 00:44,21-03-2025 00:58,Electrical Defect,Chuck Magnet,13.69233322
Line-7,Machine-48,11-11-2024 06:20,11-11-2024 06:35,Electrical Defect,Relay Contactor,14.88134956
Line-7,Machine-48,04-12-2024 10:49,04-12-2024 11:04,Electrical Defect,PP Gauge UNIT,15.43220043
Line-7,Machine-48,13-12-2024 09:12,13-12-2024 09:18,Electrical Defect,PP Gauge UNIT,6.487216473
Line-7,Machine-48,19-03-2025 09:09,19-03-2025 09:19,Electrical Defect,PP Gauge UNIT,9.773882866
Line-7,Machine-48,08-02-2025 20:42,08-02-2025 21:38,Electrical Defect,Machine Control Panel,55.95600128
Line-7,Machine-48,25-02-2025 23:57,26-02-2025 00:10,Electrical Defect,Relay Contactor,12.75341702
Line-3,Machine-49,19-11-2024 11:28,19-11-2024 11:58,Electrical Defect,Sensor Setting,30.75978279
Line-3,Machine-49,07-12-2024 06:05,07-12-2024 06:23,Electrical Defect,Rotary hopper,17.88058281
Line-3,Machine-49,07-12-2024 06:32,07-12-2024 06:40,Electrical Defect,Rotary hopper,7.232550144
Line-3,Machine-49,11-12-2024 09:03,11-12-2024 09:13,Electrical Defect,Panel A.C.,10.30161667
Line-3,Machine-49,12-12-2024 06:01,12-12-2024 06:09,Electrical Defect,Sensor Setting,7.436033249
Line-3,Machine-49,12-12-2024 08:00,12-12-2024 08:11,Electrical Defect,Sensor Setting,11.52348328
Line-3,Machine-49,06-01-2025 06:23,06-01-2025 06:55,Electrical Defect,Transfer conveyor system,32.17734909
Line-3,Machine-49,15-01-2025 06:20,15-01-2025 07:14,Electrical Defect,Intlet conveyor,54.05243301
Line-3,Machine-49,10-02-2025 08:36,10-02-2025 09:00,Electrical Defect,Relay Contactor,23.74306679
Line-3,Machine-49,08-03-2025 06:17,08-03-2025 06:27,Electrical Defect,Relay Contactor,10.67125034
Line-3,Machine-49,08-03-2025 07:50,08-03-2025 08:41,Electrical Defect,Relay Contactor,51.65069962
Line-3,Machine-49,08-03-2025 08:44,08-03-2025 08:50,Electrical Defect,Relay Contactor,5.656133175
Line-3,Machine-49,08-03-2025 09:37,08-03-2025 09:42,Electrical Defect,Relay Contactor,5.342183113
Line-3,Machine-49,08-03-2025 10:20,08-03-2025 10:26,Electrical Defect,Relay Contactor,5.641883373
Line-3,Machine-49,08-03-2025 10:41,08-03-2025 10:49,Electrical Defect,Relay Contactor,8.474200249
Line-3,Machine-49,31-03-2025 06:00,31-03-2025 07:23,Electrical Defect,Relay Contactor,83.48853302
Line-3,Machine-49,02-04-2025 12:56,02-04-2025 13:07,Electrical Defect,Relay Contactor,10.76253319
Line-3,Machine-49,12-04-2025 12:34,12-04-2025 14:18,Electrical Defect,Work head unit,104.3666
Line-3,Machine-49,14-04-2025 12:53,14-04-2025 13:02,Electrical Defect,Sensor Setting,8.640516281
Line-3,Machine-49,18-04-2025 11:20,18-04-2025 11:28,Electrical Defect,Sensor Setting,7.835183144
Line-3,Machine-49,20-04-2025 11:04,20-04-2025 11:12,Electrical Defect,Chuck Magnet,8.008132935
Line-3,Machine-49,28-04-2025 06:00,28-04-2025 06:09,Electrical Defect,Gauge Amplifier,9.312049866
Line-3,Machine-49,14-12-2024 20:04,14-12-2024 20:16,Electrical Defect,Overload Current,12.20078373
Line-3,Machine-49,22-12-2024 20:41,22-12-2024 21:17,Electrical Defect,Gauge head,36.23450089
Line-3,Machine-49,25-12-2024 22:46,25-12-2024 23:00,Electrical Defect,Work head unit,13.179533
Line-3,Machine-49,06-02-2025 16:49,06-02-2025 16:57,Electrical Defect,Sensor Setting,8.784466743
Line-3,Machine-49,22-02-2025 16:18,22-02-2025 16:27,Electrical Defect,Overload Current,9.0986166
Line-3,Machine-49,22-02-2025 16:47,22-02-2025 16:53,Electrical Defect,Overload Current,5.641149998
Line-3,Machine-49,21-04-2025 20:41,21-04-2025 20:51,Electrical Defect,Gauge head,10.29858303
Line-3,Machine-49,21-04-2025 20:51,21-04-2025 21:01,Electrical Defect,Gauge head,9.738283157
Line-3,Machine-49,21-04-2025 21:10,21-04-2025 21:23,Electrical Defect,Gauge head,12.57960033
Line-3,Machine-49,24-04-2025 17:08,24-04-2025 17:32,Electrical Defect,Relay Contactor,23.16523361
Line-3,Machine-49,29-04-2025 19:38,29-04-2025 20:07,Electrical Defect,Chuck Magnet,29.2930336
Line-3,Machine-49,29-04-2025 20:15,29-04-2025 20:27,Electrical Defect,Chuck Magnet,11.60478306
Line-3,Machine-49,30-04-2025 18:37,30-04-2025 19:10,Electrical Defect,Sensor Setting,33.0905838
Line-3,Machine-49,30-04-2025 19:17,30-04-2025 19:23,Electrical Defect,Sensor Setting,6.745033264
Line-3,Machine-49,30-04-2025 20:32,30-04-2025 20:45,Electrical Defect,Sensor Setting,13.34313297
Line-3,Machine-49,12-01-2025 02:02,12-01-2025 02:43,Electrical Defect,Gauge unit,40.02683258
Line-3,Machine-49,01-02-2025 03:24,01-02-2025 03:30,Electrical Defect,Sensor Setting,6.581850052
Line-3,Machine-49,01-02-2025 03:36,01-02-2025 04:08,Electrical Defect,Sensor Setting,31.47833252
Line-3,Machine-49,06-02-2025 04:01,06-02-2025 04:08,Electrical Defect,Wheel spindle,7.231933117
Line-3,Machine-49,14-02-2025 23:00,14-02-2025 23:40,Electrical Defect,Gauge unit,40
Line-3,Machine-49,02-03-2025 00:18,02-03-2025 00:27,Electrical Defect,Chuck Magnet,9.105233192
Line-3,Machine-49,12-03-2025 05:00,12-03-2025 05:06,Electrical Defect,Relay Contactor,6.607116699
Line-3,Machine-49,12-03-2025 05:28,12-03-2025 05:35,Electrical Defect,Relay Contactor,6.283183098
Line-3,Machine-49,03-04-2025 05:23,03-04-2025 05:37,Electrical Defect,GE Unit,13.96463299
Line-3,Machine-49,03-04-2025 05:41,03-04-2025 05:49,Electrical Defect,GE Unit,8.008950233
Line-3,Machine-49,30-04-2025 01:36,30-04-2025 02:15,Electrical Defect,Chuck Magnet,38.6211319
Line-17,Machine-50,25-11-2024 06:00,25-11-2024 12:30,Electrical Defect,Servo Motor,390
Line-17,Machine-50,03-12-2024 10:00,03-12-2024 10:30,Electrical Defect,Relay Contactor,30.00781631
Line-17,Machine-50,10-12-2024 08:00,10-12-2024 08:30,Electrical Defect,Machine Control Panel,30.15231705
Line-17,Machine-50,10-12-2024 10:31,10-12-2024 11:00,Electrical Defect,Machine Control Panel,29.22773361
Line-17,Machine-50,06-01-2025 12:28,06-01-2025 13:13,Electrical Defect,Rotary hopper,44.99959946
Line-17,Machine-50,08-03-2025 08:00,08-03-2025 09:30,Electrical Defect,Relay Contactor,90
Line-17,Machine-50,08-03-2025 13:25,08-03-2025 14:30,Electrical Defect,Sensor Setting,65
Line-17,Machine-50,14-04-2025 06:30,14-04-2025 07:30,Electrical Defect,Sensor Setting,60.16699982
Line-17,Machine-50,16-04-2025 07:12,16-04-2025 08:20,Electrical Defect,Machine Control Panel,68.1778183
Line-17,Machine-50,22-04-2025 06:00,22-04-2025 06:21,Electrical Defect,Relay Contactor,21.01129913
Line-17,Machine-50,22-04-2025 12:00,22-04-2025 12:26,Electrical Defect,Sensor Setting,26.01326752
Line-17,Machine-50,22-04-2025 12:30,22-04-2025 12:40,Electrical Defect,Sensor Setting,10.00753307
Line-17,Machine-50,20-12-2024 19:00,20-12-2024 23:00,Electrical Defect,Chuck Magnet,240
Line-17,Machine-50,02-01-2025 14:58,02-01-2025 16:13,Electrical Defect,Panel A.C.,75.29438019
Line-17,Machine-50,02-01-2025 16:30,02-01-2025 17:10,Electrical Defect,Panel A.C.,39.99824905
Line-17,Machine-50,11-02-2025 22:20,11-02-2025 22:53,Electrical Defect,Panel A.C.,33.83933258
Line-17,Machine-50,04-04-2025 17:00,04-04-2025 17:11,Electrical Defect,J-type hopper,11.17230034
Line-17,Machine-50,24-04-2025 17:45,24-04-2025 18:30,Electrical Defect,Pressure Booster unit,45.00846481
Line-17,Machine-50,01-05-2025 22:15,01-05-2025 22:40,Electrical Defect,Gauge Amplifier,24.98934937
Line-17,Machine-50,17-11-2024 01:15,17-11-2024 02:45,Electrical Defect,Gauge head,90.01241302
Line-17,Machine-50,17-11-2024 03:40,17-11-2024 04:54,Electrical Defect,Gauge head,74.77590179
Line-17,Machine-50,21-12-2024 02:30,21-12-2024 04:12,Electrical Defect,Gauge Amplifier,102.8116684
Line-17,Machine-50,09-01-2025 05:27,09-01-2025 05:47,Electrical Defect,Rotary hopper,20.16526604
Line-17,Machine-50,04-04-2025 01:35,04-04-2025 06:00,Electrical Defect,Lubrication,265
Line-17,Machine-50,04-04-2025 23:00,04-04-2025 23:52,Electrical Defect,Relay Contactor,51.99995041
Line-17,Machine-50,05-04-2025 00:00,05-04-2025 01:35,Electrical Defect,Relay Contactor,95.00078583
Line-17,Machine-50,16-04-2025 05:34,16-04-2025 05:52,Electrical Defect,Pressure switch,18.72608376
Line-17,Machine-50,30-04-2025 23:45,30-04-2025 23:54,Electrical Defect,Sensor Setting,8.9882164
Line-14,Machine-51,14-12-2024 09:00,14-12-2024 10:00,Electrical Defect,Sensor Setting,59.994133
Line-14,Machine-51,03-12-2024 19:07,03-12-2024 20:07,Electrical Defect,Relay Contactor,60.22106552
Line-14,Machine-52,11-01-2025 12:00,11-01-2025 14:30,Electrical Defect,Relay Contactor,150
Line-14,Machine-52,05-03-2025 12:31,05-03-2025 13:02,Electrical Defect,Transfer conveyor system,31.37434959
Line-14,Machine-52,02-04-2025 06:00,02-04-2025 08:03,Electrical Defect,Relay Contactor,123
Line-14,Machine-52,15-04-2025 09:27,15-04-2025 10:00,Electrical Defect,Transfer conveyor system,32.99791718
Line-14,Machine-52,15-04-2025 10:00,15-04-2025 10:29,Electrical Defect,Transfer conveyor system,29.00625038
Line-14,Machine-52,15-04-2025 10:40,15-04-2025 11:17,Electrical Defect,Transfer conveyor system,37.00391769
Line-14,Machine-52,07-04-2025 14:35,07-04-2025 15:22,Electrical Defect,Relay Contactor,46.9997673
Line-14,Machine-52,08-04-2025 16:00,08-04-2025 16:07,Electrical Defect,Relay Contactor,7.00391674
Line-14,Machine-52,18-04-2025 14:30,18-04-2025 15:10,Electrical Defect,Relay Contactor,40
Line-14,Machine-52,24-04-2025 21:00,24-04-2025 21:47,Electrical Defect,Stone(Honing) Pressure Unit,46.99503326
Line-14,Machine-52,02-04-2025 04:00,02-04-2025 06:00,Electrical Defect,Wheel spindle,120
Line-14,Machine-52,01-04-2025 23:00,02-04-2025 03:30,Electrical Defect,Work head unit,270
Line-14,Machine-53,23-01-2025 12:21,23-01-2025 13:04,Electrical Defect,Work head unit,43.41666794
Line-14,Machine-53,31-01-2025 08:30,31-01-2025 09:26,Electrical Defect,Relay Contactor,55.99026489
Line-14,Machine-53,06-03-2025 10:09,06-03-2025 10:21,Electrical Defect,Hydraulic system,11.29950047
Line-14,Machine-53,11-03-2025 09:52,11-03-2025 10:22,Electrical Defect,Relay Contactor,30
Line-14,Machine-53,12-03-2025 08:31,12-03-2025 09:22,Electrical Defect,Relay Contactor,51
Line-14,Machine-53,19-03-2025 09:00,19-03-2025 10:30,Electrical Defect,Gauge unit,90.00800323
Line-14,Machine-53,18-11-2024 16:45,18-11-2024 17:08,Electrical Defect,Gauge head,23.01598358
Line-14,Machine-53,11-02-2025 22:05,11-02-2025 22:35,Electrical Defect,Relay Contactor,30
Line-14,Machine-53,02-04-2025 19:30,02-04-2025 22:39,Electrical Defect,Oscillation unit,189.3702698
Line-14,Machine-53,30-04-2025 19:34,30-04-2025 19:45,Electrical Defect,Relay Contactor,10.37823296
Line-14,Machine-53,09-11-2024 01:00,09-11-2024 01:23,Electrical Defect,Gauge head,23.15021706
Line-14,Machine-53,10-12-2024 02:10,10-12-2024 02:28,Electrical Defect,Machine Control Panel,18
Line-14,Machine-53,17-12-2024 23:30,17-12-2024 23:54,Electrical Defect,Intlet conveyor,24.00110054
Line-14,Machine-53,07-04-2025 03:30,07-04-2025 04:18,Electrical Defect,Relay Contactor,48
Line-14,Machine-53,02-05-2025 01:52,02-05-2025 02:04,Electrical Defect,Relay Contactor,12
Line-13,Machine-54,05-11-2024 11:37,05-11-2024 11:50,Electrical Defect,Pneumatic,12.99919987
Line-13,Machine-54,05-11-2024 12:52,05-11-2024 13:05,Electrical Defect,Pneumatic,12.32156658
Line-13,Machine-54,04-12-2024 13:58,04-12-2024 14:14,Electrical Defect,Dresser unit,16.41699982
Line-13,Machine-54,06-12-2024 13:51,06-12-2024 14:03,Electrical Defect,Wheel Balancer,12.38618374
Line-13,Machine-54,07-12-2024 13:15,07-12-2024 13:22,Electrical Defect,Dresser unit,6.951566696
Line-13,Machine-54,07-12-2024 12:17,07-12-2024 12:28,Electrical Defect,Wheel Balancer,10.19006634
Line-13,Machine-54,28-12-2024 06:00,28-12-2024 06:32,Electrical Defect,Rotary Table,32.69891739
Line-13,Machine-54,31-12-2024 09:12,31-12-2024 09:32,Electrical Defect,Rotary Table,19.29080009
Line-13,Machine-54,31-12-2024 09:37,31-12-2024 09:51,Electrical Defect,Rotary Table,13.91565037
Line-13,Machine-54,07-01-2025 10:35,07-01-2025 10:43,Electrical Defect,Wheel Balancer,7.582816601
Line-13,Machine-54,11-01-2025 11:43,11-01-2025 11:55,Electrical Defect,Dresser unit,12.31991673
Line-13,Machine-54,17-01-2025 08:29,17-01-2025 08:37,Electrical Defect,Wheel Balancer,7.948866844
Line-13,Machine-54,22-01-2025 06:00,22-01-2025 12:16,Electrical Defect,Overload Current,376.2162781
Line-13,Machine-54,25-01-2025 12:17,25-01-2025 12:48,Electrical Defect,Robot,30.70216751
Line-13,Machine-54,01-02-2025 07:54,01-02-2025 08:04,Electrical Defect,Relay Contactor,10.56375027
Line-13,Machine-54,01-02-2025 09:17,01-02-2025 09:28,Electrical Defect,Relay Contactor,11.45370007
Line-13,Machine-54,01-02-2025 12:33,01-02-2025 12:48,Electrical Defect,Relay Contactor,15.26319981
Line-13,Machine-54,07-02-2025 06:54,07-02-2025 07:01,Electrical Defect,Wheel Balancer,6.923250198
Line-13,Machine-54,10-02-2025 12:38,10-02-2025 13:11,Electrical Defect,Wheel Balancer,33.29571533
Line-13,Machine-54,11-02-2025 07:29,11-02-2025 07:36,Electrical Defect,Wheel Balancer,7.779500008
Line-13,Machine-54,16-02-2025 06:00,16-02-2025 07:10,Electrical Defect,Relay Contactor,70.19535065
Line-13,Machine-54,20-02-2025 06:19,20-02-2025 06:27,Electrical Defect,Wheel Balancer,7.883833408
Line-13,Machine-54,07-03-2025 10:16,07-03-2025 13:06,Electrical Defect,CNC CPU,170.0832825
Line-13,Machine-54,17-03-2025 08:36,17-03-2025 08:44,Electrical Defect,Pneumatic,8.153316498
Line-13,Machine-54,20-03-2025 11:50,20-03-2025 11:55,Electrical Defect,Wheel Balancer,5.048500061
Line-13,Machine-54,20-03-2025 13:18,20-03-2025 13:27,Electrical Defect,Wheel Balancer,8.293016434
Line-13,Machine-54,24-03-2025 12:27,24-03-2025 12:43,Electrical Defect,CNC CPU,16.16593361
Line-13,Machine-54,05-04-2025 10:08,05-04-2025 10:36,Electrical Defect,Dresser unit,27.98456573
Line-13,Machine-54,05-04-2025 12:09,05-04-2025 12:21,Electrical Defect,Dresser unit,11.71584988
Line-13,Machine-54,06-04-2025 08:36,06-04-2025 08:49,Electrical Defect,Dresser unit,13.03604984
Line-13,Machine-54,06-04-2025 07:48,06-04-2025 08:19,Electrical Defect,Robot,31.12918282
Line-13,Machine-54,06-04-2025 08:57,06-04-2025 09:28,Electrical Defect,Robot,31.16456604
Line-13,Machine-54,07-04-2025 12:00,07-04-2025 12:10,Electrical Defect,Wheel Balancer,10.6159668
Line-13,Machine-54,20-04-2025 06:00,20-04-2025 06:09,Electrical Defect,Relay Contactor,9.419733047
Line-13,Machine-54,20-04-2025 06:10,20-04-2025 06:27,Electrical Defect,Relay Contactor,16.99954987
Line-13,Machine-54,20-04-2025 06:14,20-04-2025 06:28,Electrical Defect,Relay Contactor,14.34029961
Line-13,Machine-54,20-04-2025 06:33,20-04-2025 06:53,Electrical Defect,Relay Contactor,20.16640091
Line-13,Machine-54,21-04-2025 10:06,21-04-2025 10:36,Electrical Defect,Relay Contactor,29.63368416
Line-13,Machine-54,21-04-2025 10:55,21-04-2025 11:05,Electrical Defect,Relay Contactor,9.77575016
Line-13,Machine-54,21-04-2025 11:07,21-04-2025 12:04,Electrical Defect,Relay Contactor,57.48751831
Line-13,Machine-54,21-04-2025 12:01,21-04-2025 12:11,Electrical Defect,Relay Contactor,10.50161648
Line-13,Machine-54,21-04-2025 12:13,21-04-2025 12:24,Electrical Defect,Relay Contactor,10.1388998
Line-13,Machine-54,04-12-2024 14:40,04-12-2024 14:55,Electrical Defect,Dresser unit,14.99666691
Line-13,Machine-54,09-12-2024 20:53,09-12-2024 22:49,Electrical Defect,Gauge head,116.6785965
Line-13,Machine-54,13-12-2024 17:32,13-12-2024 21:52,Electrical Defect,Sensor Setting,259.9944763
Line-13,Machine-54,01-01-2025 17:10,01-01-2025 17:29,Electrical Defect,Dresser unit,18.21915054
Line-13,Machine-54,07-01-2025 19:59,07-01-2025 20:11,Electrical Defect,Dresser unit,12.31960011
Line-13,Machine-54,07-01-2025 20:14,07-01-2025 20:20,Electrical Defect,Dresser unit,5.861100197
Line-13,Machine-54,09-01-2025 21:08,09-01-2025 21:39,Electrical Defect,Wheel Balancer,31.40761757
Line-13,Machine-54,24-01-2025 19:09,24-01-2025 19:16,Electrical Defect,Sensor Setting,6.505050182
Line-13,Machine-54,25-01-2025 15:00,25-01-2025 15:06,Electrical Defect,Robot,5.247350216
Line-13,Machine-54,25-01-2025 18:54,25-01-2025 19:06,Electrical Defect,Wheel Balancer,11.64891624
Line-13,Machine-54,25-01-2025 16:16,25-01-2025 16:21,Electrical Defect,Sensor Setting,5.057383537
Line-13,Machine-54,01-02-2025 14:42,01-02-2025 14:54,Electrical Defect,Dresser unit,12.10476685
Line-13,Machine-54,01-02-2025 15:40,01-02-2025 15:52,Electrical Defect,Dresser unit,11.71653366
Line-13,Machine-54,01-02-2025 16:07,01-02-2025 16:31,Electrical Defect,Dresser unit,23.45246696
Line-13,Machine-54,06-03-2025 16:21,06-03-2025 17:35,Electrical Defect,CNC CPU,74.38661957
Line-13,Machine-54,13-03-2025 22:29,13-03-2025 22:34,Electrical Defect,Wheel Balancer,5.045316696
Line-13,Machine-54,15-03-2025 20:28,15-03-2025 21:00,Electrical Defect,Relay Contactor,32.04389954
Line-13,Machine-54,19-03-2025 16:39,19-03-2025 17:08,Electrical Defect,Dresser unit,29.01683426
Line-13,Machine-54,25-03-2025 14:45,25-03-2025 15:03,Electrical Defect,Wheel Balancer,17.99266624
Line-13,Machine-54,27-03-2025 21:47,27-03-2025 22:23,Electrical Defect,Demag unit,36.67396545
Line-13,Machine-54,02-04-2025 15:15,02-04-2025 15:30,Electrical Defect,Relay Contactor,14.30508327
Line-13,Machine-54,02-04-2025 19:44,02-04-2025 19:50,Electrical Defect,Dresser unit,5.689016819
Line-13,Machine-54,02-04-2025 19:51,02-04-2025 20:01,Electrical Defect,Dresser unit,9.623332977
Line-13,Machine-54,02-04-2025 20:02,02-04-2025 20:09,Electrical Defect,Dresser unit,6.683533192
Line-13,Machine-54,14-12-2024 00:37,14-12-2024 00:54,Electrical Defect,Sensor Setting,17.20591736
Line-13,Machine-54,16-12-2024 01:21,16-12-2024 02:22,Electrical Defect,Sensor Setting,60.07368469
Line-13,Machine-54,25-12-2024 23:09,25-12-2024 23:15,Electrical Defect,Wheel Balancer,5.903216839
Line-13,Machine-54,28-12-2024 04:30,28-12-2024 04:45,Electrical Defect,Overload Current,14.81261635
Line-13,Machine-54,28-12-2024 05:35,28-12-2024 06:00,Electrical Defect,Overload Current,24.09844971
Line-13,Machine-54,30-12-2024 02:23,30-12-2024 02:35,Electrical Defect,Wheel Balancer,11.66943359
Line-13,Machine-54,05-01-2025 04:40,05-01-2025 05:16,Electrical Defect,Dresser unit,35.92051697
Line-13,Machine-54,03-02-2025 23:00,03-02-2025 23:24,Electrical Defect,Wheel Balancer,24.37096596
Line-13,Machine-54,04-02-2025 23:00,04-02-2025 23:09,Electrical Defect,Wheel Balancer,8.954566956
Line-13,Machine-54,16-02-2025 05:17,16-02-2025 06:00,Electrical Defect,Intlet conveyor,42.17156601
Line-13,Machine-54,08-03-2025 01:01,08-03-2025 01:09,Electrical Defect,Relay Contactor,8.360266685
Line-13,Machine-54,10-04-2025 02:15,10-04-2025 02:22,Electrical Defect,Dresser unit,6.927249908
Line-13,Machine-54,11-04-2025 00:46,11-04-2025 01:09,Electrical Defect,Sensor Setting,22.75351715
Line-13,Machine-54,11-04-2025 01:09,11-04-2025 01:15,Electrical Defect,Sensor Setting,5.897083282
Line-13,Machine-54,20-04-2025 05:32,20-04-2025 05:50,Electrical Defect,Relay Contactor,17.5484333
Line-13,Machine-54,20-04-2025 05:52,20-04-2025 06:00,Electrical Defect,Relay Contactor,7.463633537
Line-13,Machine-54,21-04-2025 05:39,21-04-2025 05:50,Electrical Defect,Relay Contactor,10.84753323
Line-13,Machine-54,21-04-2025 03:00,21-04-2025 03:12,Electrical Defect,Dresser unit,11.15198326
Line-13,Machine-54,21-04-2025 03:52,21-04-2025 03:57,Electrical Defect,Dresser unit,5.365766525
Line-13,Machine-54,21-04-2025 04:01,21-04-2025 04:11,Electrical Defect,Dresser unit,10.18513298
Line-13,Machine-54,21-04-2025 04:24,21-04-2025 04:44,Electrical Defect,Dresser unit,19.69251633
Line-13,Machine-54,21-04-2025 04:55,21-04-2025 05:14,Electrical Defect,Dresser unit,18.81698418
Line-13,Machine-54,21-04-2025 05:18,21-04-2025 05:35,Electrical Defect,Dresser unit,16.24435043
Line-13,Machine-54,24-04-2025 01:43,24-04-2025 02:33,Electrical Defect,Sensor Setting,49.47586823
Line-13,Machine-55,04-11-2024 13:21,04-11-2024 13:27,Electrical Defect,Wheel Balancer,5.335066795
Line-13,Machine-55,05-11-2024 12:30,05-11-2024 12:40,Electrical Defect,Pneumatic,10.34328365
Line-13,Machine-55,05-11-2024 12:41,05-11-2024 12:52,Electrical Defect,Pneumatic,11.09268379
Line-13,Machine-55,07-11-2024 07:11,07-11-2024 07:17,Electrical Defect,Wheel Balancer,6.652750015
Line-13,Machine-55,07-11-2024 09:28,07-11-2024 09:33,Electrical Defect,Wheel Balancer,5.474883556
Line-13,Machine-55,07-11-2024 11:33,07-11-2024 11:39,Electrical Defect,Wheel Balancer,5.909683228
Line-13,Machine-55,09-11-2024 08:20,09-11-2024 08:27,Electrical Defect,Wheel Balancer,7.202866554
Line-13,Machine-55,12-11-2024 06:00,12-11-2024 12:05,Electrical Defect,Servo drive,364.9338379
Line-13,Machine-55,15-11-2024 07:43,15-11-2024 08:13,Electrical Defect,Wheel Balancer,29.93083382
Line-13,Machine-55,19-11-2024 13:59,19-11-2024 14:30,Electrical Defect,Machine Control Panel,30.78960037
Line-13,Machine-55,19-11-2024 10:58,19-11-2024 11:14,Electrical Defect,Servo drive,16.3915329
Line-13,Machine-55,24-11-2024 08:14,24-11-2024 08:19,Electrical Defect,Wheel Balancer,5.215000153
Line-13,Machine-55,25-11-2024 13:59,25-11-2024 14:17,Electrical Defect,CNC CPU,17.75566673
Line-13,Machine-55,25-11-2024 14:17,25-11-2024 14:30,Electrical Defect,CNC CPU,12.59766674
Line-13,Machine-55,26-11-2024 12:47,26-11-2024 13:31,Electrical Defect,Overload Current,43.50393295
Line-13,Machine-55,30-11-2024 06:00,30-11-2024 07:11,Electrical Defect,Overload Current,71.42250061
Line-13,Machine-55,30-11-2024 12:41,30-11-2024 12:48,Electrical Defect,Wheel Balancer,6.69175005
Line-13,Machine-55,01-12-2024 12:12,01-12-2024 13:29,Electrical Defect,Relay Contactor,76.39019775
Line-13,Machine-55,03-12-2024 10:37,03-12-2024 10:44,Electrical Defect,Wheel Balancer,7.245699883
Line-13,Machine-55,05-12-2024 07:29,05-12-2024 12:21,Electrical Defect,Relay Contactor,292.0373535
Line-13,Machine-55,15-12-2024 11:51,15-12-2024 11:56,Electrical Defect,Wheel Balancer,5.735033512
Line-13,Machine-55,15-12-2024 12:27,15-12-2024 12:35,Electrical Defect,Wheel Balancer,8.918616295
Line-13,Machine-55,20-12-2024 07:53,20-12-2024 07:59,Electrical Defect,Wheel Balancer,5.435083389
Line-13,Machine-55,22-12-2024 12:40,22-12-2024 12:48,Electrical Defect,Wheel Balancer,8.197283745
Line-13,Machine-55,26-12-2024 08:12,26-12-2024 08:17,Electrical Defect,Wheel Balancer,5.259950161
Line-13,Machine-55,01-01-2025 11:57,01-01-2025 12:04,Electrical Defect,Wheel Balancer,6.495416641
Line-13,Machine-55,13-01-2025 14:06,13-01-2025 14:12,Electrical Defect,Wheel Balancer,5.195133209
Line-13,Machine-55,20-01-2025 06:05,20-01-2025 06:18,Electrical Defect,Wheel Balancer,12.6387167
Line-13,Machine-55,24-01-2025 06:26,24-01-2025 06:39,Electrical Defect,Wheel Balancer,12.73948288
Line-13,Machine-55,25-01-2025 11:28,25-01-2025 12:15,Electrical Defect,Robot,46.88081741
Line-13,Machine-55,25-01-2025 12:48,25-01-2025 14:30,Electrical Defect,Robot,101.737648
Line-13,Machine-55,30-01-2025 08:18,30-01-2025 08:24,Electrical Defect,Wheel Balancer,6.207383156
Line-13,Machine-55,30-01-2025 11:00,30-01-2025 11:26,Electrical Defect,Wheel Balancer,25.86818314
Line-13,Machine-55,31-01-2025 12:48,31-01-2025 12:55,Electrical Defect,Wheel Balancer,6.940199852
Line-13,Machine-55,03-02-2025 08:41,03-02-2025 08:54,Electrical Defect,Wheel Balancer,12.87765026
Line-13,Machine-55,06-02-2025 08:07,06-02-2025 08:13,Electrical Defect,Wheel Balancer,5.932516575
Line-13,Machine-55,08-02-2025 06:00,08-02-2025 06:08,Electrical Defect,Wheel Balancer,8.375816345
Line-13,Machine-55,08-02-2025 08:06,08-02-2025 08:11,Electrical Defect,Wheel Balancer,5.475033283
Line-13,Machine-55,08-02-2025 08:33,08-02-2025 08:45,Electrical Defect,Wheel Balancer,12.05158329
Line-13,Machine-55,08-02-2025 12:21,08-02-2025 12:33,Electrical Defect,Wheel Balancer,11.29424953
Line-13,Machine-55,10-02-2025 06:45,10-02-2025 06:57,Electrical Defect,Wheel Balancer,11.53078365
Line-13,Machine-55,10-02-2025 07:01,10-02-2025 07:23,Electrical Defect,Wheel Balancer,21.08379936
Line-13,Machine-55,10-02-2025 07:38,10-02-2025 07:49,Electrical Defect,Wheel Balancer,10.55926704
Line-13,Machine-55,10-02-2025 08:59,10-02-2025 09:15,Electrical Defect,Wheel Balancer,15.569067
Line-13,Machine-55,10-02-2025 09:48,10-02-2025 10:36,Electrical Defect,Wheel Balancer,48.66270065
Line-13,Machine-55,10-02-2025 10:39,10-02-2025 11:01,Electrical Defect,Wheel Balancer,22.37310028
Line-13,Machine-55,10-02-2025 11:43,10-02-2025 12:06,Electrical Defect,Wheel Balancer,23.60803413
Line-13,Machine-55,10-02-2025 12:09,10-02-2025 12:16,Electrical Defect,Wheel Balancer,6.89956665
Line-13,Machine-55,10-02-2025 12:32,10-02-2025 12:38,Electrical Defect,Wheel Balancer,6.035399914
Line-13,Machine-55,10-02-2025 14:00,10-02-2025 14:13,Electrical Defect,Wheel Balancer,12.43876648
Line-13,Machine-55,11-02-2025 06:00,11-02-2025 06:41,Electrical Defect,Wheel Balancer,41.83476639
Line-13,Machine-55,11-02-2025 09:46,11-02-2025 10:30,Electrical Defect,Wheel Balancer,43.33388519
Line-13,Machine-55,11-02-2025 10:31,11-02-2025 12:15,Electrical Defect,Wheel Balancer,104.6145477
Line-13,Machine-55,06-03-2025 09:14,06-03-2025 10:00,Electrical Defect,CNC CPU,46.13868332
Line-13,Machine-55,06-03-2025 10:57,06-03-2025 11:09,Electrical Defect,CNC CPU,12.0404501
Line-13,Machine-55,06-03-2025 11:54,06-03-2025 12:05,Electrical Defect,CNC CPU,10.86136627
Line-13,Machine-55,06-03-2025 12:07,06-03-2025 12:18,Electrical Defect,CNC CPU,11.16588306
Line-13,Machine-55,06-03-2025 12:23,06-03-2025 12:42,Electrical Defect,CNC CPU,19.00546646
Line-13,Machine-55,06-03-2025 12:48,06-03-2025 13:03,Electrical Defect,CNC CPU,15.65089989
Line-13,Machine-55,06-03-2025 13:04,06-03-2025 13:09,Electrical Defect,CNC CPU,5.278699875
Line-13,Machine-55,06-03-2025 13:11,06-03-2025 13:33,Electrical Defect,CNC CPU,21.57361603
Line-13,Machine-55,07-03-2025 06:00,07-03-2025 10:11,Electrical Defect,CNC CPU,251.6532593
Line-13,Machine-55,15-03-2025 07:57,15-03-2025 08:23,Electrical Defect,Robot,25.97161674
Line-13,Machine-55,17-03-2025 10:20,17-03-2025 10:30,Electrical Defect,Wheel Balancer,10.15480042
Line-13,Machine-55,21-03-2025 06:19,21-03-2025 06:31,Electrical Defect,Relay Contactor,11.14974976
Line-13,Machine-55,21-03-2025 06:57,21-03-2025 07:02,Electrical Defect,Relay Contactor,5.091916561
Line-13,Machine-55,24-03-2025 12:52,24-03-2025 13:02,Electrical Defect,CNC CPU,10.50734997
Line-13,Machine-55,29-03-2025 08:09,29-03-2025 11:14,Electrical Defect,Dresser unit,185.3881989
Line-13,Machine-55,11-04-2025 11:27,11-04-2025 11:44,Electrical Defect,Demag unit,17.25236702
Line-13,Machine-55,11-04-2025 11:51,11-04-2025 12:32,Electrical Defect,Demag unit,40.73883438
Line-13,Machine-55,27-04-2025 13:24,27-04-2025 13:37,Electrical Defect,Wheel Balancer,12.86660004
Line-13,Machine-55,28-04-2025 11:28,28-04-2025 11:34,Electrical Defect,Wheel Balancer,5.384366512
Line-13,Machine-55,04-11-2024 16:00,04-11-2024 16:12,Electrical Defect,Wheel Balancer,11.7152338
Line-13,Machine-55,06-11-2024 15:03,06-11-2024 15:10,Electrical Defect,Wheel Balancer,6.496183395
Line-13,Machine-55,11-11-2024 15:39,11-11-2024 16:00,Electrical Defect,Relay Contactor,21.71251678
Line-13,Machine-55,12-11-2024 22:03,12-11-2024 22:13,Electrical Defect,Wheel Balancer,9.390583038
Line-13,Machine-55,15-11-2024 21:36,15-11-2024 23:00,Electrical Defect,Intlet conveyor,83.36295319
Line-13,Machine-55,18-11-2024 17:18,18-11-2024 17:24,Electrical Defect,Wheel Balancer,5.989183426
Line-13,Machine-55,19-11-2024 14:35,19-11-2024 14:46,Electrical Defect,CNC CPU,11.17323303
Line-13,Machine-55,19-11-2024 14:52,19-11-2024 15:12,Electrical Defect,CNC CPU,20.30553246
Line-13,Machine-55,20-11-2024 19:52,20-11-2024 19:57,Electrical Defect,Wheel Balancer,5.187449932
Line-13,Machine-55,20-11-2024 20:49,20-11-2024 20:55,Electrical Defect,Wheel Balancer,6.293716431
Line-13,Machine-55,20-11-2024 20:57,20-11-2024 21:11,Electrical Defect,CNC CPU,14.0195837
Line-13,Machine-55,20-11-2024 21:11,20-11-2024 21:17,Electrical Defect,CNC CPU,5.508649826
Line-13,Machine-55,21-11-2024 15:05,21-11-2024 15:10,Electrical Defect,Relay Contactor,5.200449944
Line-13,Machine-55,21-11-2024 16:28,21-11-2024 16:34,Electrical Defect,Wheel Balancer,6.30041647
Line-13,Machine-55,22-11-2024 19:53,22-11-2024 20:08,Electrical Defect,Wheel Balancer,15.00479984
Line-13,Machine-55,23-11-2024 19:37,23-11-2024 19:45,Electrical Defect,Wheel Balancer,7.403800011
Line-13,Machine-55,24-11-2024 16:23,24-11-2024 16:49,Electrical Defect,Machine Control Panel,26.31798363
Line-13,Machine-55,24-11-2024 15:48,24-11-2024 16:21,Electrical Defect,CNC CPU,33.71694946
Line-13,Machine-55,25-11-2024 14:30,25-11-2024 14:37,Electrical Defect,Wheel Balancer,7.261183262
Line-13,Machine-55,25-11-2024 17:35,25-11-2024 17:44,Electrical Defect,Wheel Balancer,9.249899864
Line-13,Machine-55,25-11-2024 16:46,25-11-2024 16:52,Electrical Defect,CNC CPU,5.366066456
Line-13,Machine-55,26-11-2024 17:10,26-11-2024 17:21,Electrical Defect,Wheel Balancer,11.67700005
Line-13,Machine-55,28-11-2024 14:55,28-11-2024 16:22,Electrical Defect,Relay Contactor,87.16494751
Line-13,Machine-55,28-11-2024 16:37,28-11-2024 17:06,Electrical Defect,Relay Contactor,28.88651657
Line-13,Machine-55,30-11-2024 15:55,30-11-2024 16:01,Electrical Defect,Wheel Balancer,6.266900063
Line-13,Machine-55,01-12-2024 16:55,01-12-2024 20:30,Electrical Defect,CNC CPU,214.8553772
Line-13,Machine-55,01-12-2024 21:40,01-12-2024 23:00,Electrical Defect,CNC CPU,80.74993134
Line-13,Machine-55,14-12-2024 17:09,14-12-2024 17:22,Electrical Defect,Wheel Balancer,12.74201679
Line-13,Machine-55,16-12-2024 18:48,16-12-2024 19:17,Electrical Defect,Relay Contactor,29.33833313
Line-13,Machine-55,16-12-2024 19:18,16-12-2024 19:38,Electrical Defect,Wheel Balancer,19.4103508
Line-13,Machine-55,16-12-2024 19:42,16-12-2024 19:50,Electrical Defect,Wheel Balancer,8.219833374
Line-13,Machine-55,16-12-2024 20:34,16-12-2024 20:46,Electrical Defect,Wheel Balancer,12.40939999
Line-13,Machine-55,16-12-2024 20:50,16-12-2024 21:17,Electrical Defect,Wheel Balancer,27.47181702
Line-13,Machine-55,16-12-2024 21:20,16-12-2024 21:26,Electrical Defect,Wheel Balancer,5.4086833
Line-13,Machine-55,19-12-2024 16:15,19-12-2024 16:21,Electrical Defect,Wheel Balancer,5.425866604
Line-13,Machine-55,28-12-2024 17:49,28-12-2024 17:54,Electrical Defect,Wheel Balancer,5.765516758
Line-13,Machine-55,31-12-2024 17:43,31-12-2024 17:58,Electrical Defect,Wheel Balancer,15.26658344
Line-13,Machine-55,31-12-2024 20:49,31-12-2024 23:00,Electrical Defect,Wheel Balancer,130.9477844
Line-13,Machine-55,01-01-2025 18:38,01-01-2025 18:46,Electrical Defect,Wheel Balancer,7.951133251
Line-13,Machine-55,04-01-2025 15:57,04-01-2025 16:03,Electrical Defect,Wheel Balancer,5.58314991
Line-13,Machine-55,04-01-2025 20:06,04-01-2025 20:13,Electrical Defect,Wheel Balancer,6.327366829
Line-13,Machine-55,06-01-2025 19:02,06-01-2025 19:41,Electrical Defect,Wheel Balancer,38.34794998
Line-13,Machine-55,06-01-2025 20:32,06-01-2025 20:53,Electrical Defect,Wheel Balancer,20.99598312
Line-13,Machine-55,06-01-2025 22:45,06-01-2025 23:00,Electrical Defect,Wheel Balancer,14.16748333
Line-13,Machine-55,09-01-2025 16:38,09-01-2025 16:44,Electrical Defect,Robot,5.783949852
Line-13,Machine-55,10-01-2025 22:28,10-01-2025 22:33,Electrical Defect,Wheel Balancer,5.33338356
Line-13,Machine-55,13-01-2025 15:37,13-01-2025 15:45,Electrical Defect,Wheel Balancer,8.133350372
Line-13,Machine-55,17-01-2025 17:22,17-01-2025 17:36,Electrical Defect,Wheel Balancer,14.35131645
Line-13,Machine-55,20-01-2025 20:02,20-01-2025 20:23,Electrical Defect,Wheel Balancer,21.00038338
Line-13,Machine-55,24-01-2025 19:16,24-01-2025 19:34,Electrical Defect,Sensor Setting,18.17058372
Line-13,Machine-55,25-01-2025 21:05,25-01-2025 21:31,Electrical Defect,Wheel Balancer,25.50556755
Line-13,Machine-55,30-01-2025 17:39,30-01-2025 17:45,Electrical Defect,Wheel Balancer,5.411783218
Line-13,Machine-55,01-02-2025 16:36,01-02-2025 17:53,Electrical Defect,Dresser unit,76.94976807
Line-13,Machine-55,01-02-2025 18:20,01-02-2025 21:39,Electrical Defect,Dresser unit,199.0042267
Line-13,Machine-55,01-02-2025 15:13,01-02-2025 15:21,Electrical Defect,Wheel Balancer,7.94958353
Line-13,Machine-55,01-02-2025 15:53,01-02-2025 16:02,Electrical Defect,Wheel Balancer,8.699783325
Line-13,Machine-55,01-02-2025 18:06,01-02-2025 18:20,Electrical Defect,Wheel Balancer,14.03205013
Line-13,Machine-55,01-02-2025 21:42,01-02-2025 21:54,Electrical Defect,Wheel Balancer,12.30463314
Line-13,Machine-55,06-02-2025 16:11,06-02-2025 16:16,Electrical Defect,Wheel Balancer,5.224633217
Line-13,Machine-55,06-02-2025 16:43,06-02-2025 16:56,Electrical Defect,Wheel Balancer,12.80294991
Line-13,Machine-55,06-02-2025 18:52,06-02-2025 18:58,Electrical Defect,Wheel Balancer,6.215433121
Line-13,Machine-55,08-02-2025 14:53,08-02-2025 15:03,Electrical Defect,Wheel Balancer,9.573116302
Line-13,Machine-55,08-02-2025 15:24,08-02-2025 15:48,Electrical Defect,Wheel Balancer,24.21775055
Line-13,Machine-55,10-02-2025 19:37,10-02-2025 19:42,Electrical Defect,Wheel Balancer,5.097700119
Line-13,Machine-55,10-02-2025 19:56,10-02-2025 20:05,Electrical Defect,Wheel Balancer,8.264683723
Line-13,Machine-55,15-02-2025 15:20,15-02-2025 15:59,Electrical Defect,Relay Contactor,38.97013474
Line-13,Machine-55,21-02-2025 20:06,21-02-2025 20:12,Electrical Defect,Wheel Balancer,5.413650036
Line-13,Machine-55,21-02-2025 20:16,21-02-2025 20:33,Electrical Defect,Wheel Balancer,17.00038338
Line-13,Machine-55,06-03-2025 14:45,06-03-2025 14:55,Electrical Defect,CNC CPU,9.933133125
Line-13,Machine-55,06-03-2025 17:39,06-03-2025 17:56,Electrical Defect,CNC CPU,16.68016624
Line-13,Machine-55,06-03-2025 18:00,06-03-2025 23:00,Electrical Defect,CNC CPU,299.6175232
Line-13,Machine-55,11-03-2025 16:04,11-03-2025 17:09,Electrical Defect,Relay Contactor,64.76094818
Line-13,Machine-55,13-03-2025 20:46,13-03-2025 21:07,Electrical Defect,Dresser unit,20.58505058
Line-13,Machine-55,20-03-2025 14:49,20-03-2025 15:02,Electrical Defect,Chuck Magnet,12.74993324
Line-13,Machine-55,20-03-2025 15:09,20-03-2025 15:19,Electrical Defect,Chuck Magnet,9.881150246
Line-13,Machine-55,02-04-2025 18:39,02-04-2025 19:39,Electrical Defect,Relay Contactor,60.48758316
Line-13,Machine-55,27-04-2025 19:59,27-04-2025 20:20,Electrical Defect,Wheel Balancer,20.52186584
Line-13,Machine-55,01-05-2025 15:27,01-05-2025 15:37,Electrical Defect,Wheel Balancer,9.675216675
Line-13,Machine-55,06-11-2024 05:31,06-11-2024 05:59,Electrical Defect,Machine Control Panel,28.62628365
Line-13,Machine-55,07-11-2024 02:54,07-11-2024 02:59,Electrical Defect,Wheel Balancer,5.033199787
Line-13,Machine-55,10-11-2024 04:12,10-11-2024 04:21,Electrical Defect,Sensor Setting,9.46020031
Line-13,Machine-55,13-11-2024 03:07,13-11-2024 03:35,Electrical Defect,CNC CPU,28.6460495
Line-13,Machine-55,13-11-2024 23:00,13-11-2024 23:13,Electrical Defect,Wheel Balancer,13.07383347
Line-13,Machine-55,14-11-2024 04:42,14-11-2024 04:47,Electrical Defect,Wheel Balancer,5.044983387
Line-13,Machine-55,17-11-2024 00:41,17-11-2024 01:01,Electrical Defect,Wheel Balancer,20.17828369
Line-13,Machine-55,18-11-2024 02:14,18-11-2024 02:22,Electrical Defect,Relay Contactor,8.50636673
Line-13,Machine-55,22-11-2024 23:43,22-11-2024 23:56,Electrical Defect,Demag unit,12.78561687
Line-13,Machine-55,24-11-2024 02:03,24-11-2024 02:08,Electrical Defect,Wheel Balancer,5.828350067
Line-13,Machine-55,24-11-2024 03:02,24-11-2024 03:21,Electrical Defect,Wheel Balancer,19.07146645
Line-13,Machine-55,01-12-2024 23:00,02-12-2024 06:00,Electrical Defect,Relay Contactor,419.9719543
Line-13,Machine-55,02-12-2024 05:35,02-12-2024 06:00,Electrical Defect,Relay Contactor,24.99596596
Line-13,Machine-55,17-12-2024 02:14,17-12-2024 02:30,Electrical Defect,Wheel Balancer,15.59436703
Line-13,Machine-55,17-12-2024 03:02,17-12-2024 03:17,Electrical Defect,Wheel Balancer,14.95118332
Line-13,Machine-55,17-12-2024 03:54,17-12-2024 03:59,Electrical Defect,Wheel Balancer,5.406533241
Line-13,Machine-55,17-12-2024 04:20,17-12-2024 04:30,Electrical Defect,Wheel Balancer,10.5092001
Line-13,Machine-55,18-12-2024 23:45,18-12-2024 23:59,Electrical Defect,Wheel Balancer,14.49846649
Line-13,Machine-55,28-12-2024 05:03,28-12-2024 05:35,Electrical Defect,Sensor Setting,32.93743515
Line-13,Machine-55,29-12-2024 23:33,30-12-2024 00:17,Electrical Defect,Wheel Balancer,44.28789902
Line-13,Machine-55,30-12-2024 01:11,30-12-2024 01:32,Electrical Defect,Wheel Balancer,20.62306595
Line-13,Machine-55,30-12-2024 01:54,30-12-2024 02:23,Electrical Defect,Wheel Balancer,28.8181324
Line-13,Machine-55,30-12-2024 02:42,30-12-2024 04:02,Electrical Defect,Wheel Balancer,80.14311981
Line-13,Machine-55,30-12-2024 04:34,30-12-2024 04:46,Electrical Defect,Wheel Balancer,11.52388287
Line-13,Machine-55,30-12-2024 05:14,30-12-2024 05:25,Electrical Defect,Wheel Balancer,10.72803307
Line-13,Machine-55,30-12-2024 05:28,30-12-2024 05:34,Electrical Defect,Wheel Balancer,6.543183327
Line-13,Machine-55,31-12-2024 23:00,01-01-2025 00:02,Electrical Defect,Wheel Balancer,62.48583221
Line-13,Machine-55,02-01-2025 04:33,02-01-2025 05:04,Electrical Defect,Relay Contactor,31.81623268
Line-13,Machine-55,02-01-2025 03:25,02-01-2025 03:33,Electrical Defect,Wheel Balancer,7.594850063
Line-13,Machine-55,06-01-2025 23:00,06-01-2025 23:11,Electrical Defect,Wheel Balancer,10.93048286
Line-13,Machine-55,24-01-2025 03:32,24-01-2025 03:49,Electrical Defect,Wheel Balancer,16.87348366
Line-13,Machine-55,25-01-2025 03:22,25-01-2025 03:34,Electrical Defect,Wheel Balancer,12.45431709
Line-13,Machine-55,29-01-2025 23:00,29-01-2025 23:10,Electrical Defect,Wheel Balancer,10.01031685
Line-13,Machine-55,30-01-2025 00:44,30-01-2025 01:05,Electrical Defect,Wheel Balancer,21.04153252
Line-13,Machine-55,30-01-2025 01:09,30-01-2025 01:15,Electrical Defect,Wheel Balancer,5.470733166
Line-13,Machine-55,30-01-2025 01:39,30-01-2025 02:10,Electrical Defect,Wheel Balancer,30.24646759
Line-13,Machine-55,30-01-2025 03:32,30-01-2025 04:20,Electrical Defect,Wheel Balancer,48.14103317
Line-13,Machine-55,30-01-2025 04:34,30-01-2025 04:56,Electrical Defect,Wheel Balancer,21.57629967
Line-13,Machine-55,05-02-2025 01:55,05-02-2025 02:02,Electrical Defect,Wheel Balancer,6.995466709
Line-13,Machine-55,06-02-2025 04:53,06-02-2025 05:13,Electrical Defect,CNC CPU,20.83550072
Line-13,Machine-55,07-02-2025 04:39,07-02-2025 04:44,Electrical Defect,Wheel Balancer,5.162116528
Line-13,Machine-55,08-02-2025 05:49,08-02-2025 05:56,Electrical Defect,Wheel Balancer,6.799483299
Line-13,Machine-55,09-02-2025 03:25,09-02-2025 03:31,Electrical Defect,Wheel Balancer,5.749750137
Line-13,Machine-55,09-02-2025 04:50,09-02-2025 04:59,Electrical Defect,Wheel Balancer,8.225649834
Line-13,Machine-55,10-02-2025 23:37,11-02-2025 00:24,Electrical Defect,Wheel Balancer,47.67723465
Line-13,Machine-55,11-02-2025 00:26,11-02-2025 00:35,Electrical Defect,Wheel Balancer,8.281849861
Line-13,Machine-55,11-02-2025 00:38,11-02-2025 04:01,Electrical Defect,Wheel Balancer,203.1276093
Line-13,Machine-55,11-02-2025 04:24,11-02-2025 04:36,Electrical Defect,Wheel Balancer,12.01716709
Line-13,Machine-55,11-02-2025 04:45,11-02-2025 05:15,Electrical Defect,Wheel Balancer,29.52736664
Line-13,Machine-55,11-02-2025 05:25,11-02-2025 05:49,Electrical Defect,Wheel Balancer,24.11781693
Line-13,Machine-55,11-02-2025 05:54,11-02-2025 06:00,Electrical Defect,Wheel Balancer,6.060299873
Line-13,Machine-55,06-03-2025 23:00,07-03-2025 06:00,Electrical Defect,CNC CPU,419.9919434
Line-13,Machine-55,18-03-2025 01:44,18-03-2025 01:54,Electrical Defect,Dresser unit,10.09965038
Line-13,Machine-55,19-03-2025 03:40,19-03-2025 03:48,Electrical Defect,Wheel Balancer,8.614350319
Line-13,Machine-55,20-03-2025 02:48,20-03-2025 02:53,Electrical Defect,Wheel Balancer,5.104249954
Line-13,Machine-55,28-03-2025 23:52,28-03-2025 23:57,Electrical Defect,Relay Contactor,5.416999817
Line-13,Machine-55,29-03-2025 00:17,29-03-2025 00:30,Electrical Defect,Relay Contactor,12.43588352
Line-13,Machine-55,29-03-2025 00:36,29-03-2025 02:12,Electrical Defect,Relay Contactor,96.81210327
Line-13,Machine-55,19-04-2025 00:25,19-04-2025 00:38,Electrical Defect,Relay Contactor,12.73066711
Line-13,Machine-56,04-11-2024 06:13,04-11-2024 06:20,Electrical Defect,Wheel Balancer,7.663400173
Line-13,Machine-56,21-11-2024 11:33,21-11-2024 12:31,Electrical Defect,Relay Contactor,58.3645668
Line-13,Machine-56,30-11-2024 07:11,30-11-2024 08:55,Electrical Defect,Overload Current,103.4215164
Line-13,Machine-56,01-12-2024 06:00,01-12-2024 09:38,Electrical Defect,Relay Contactor,217.4171906
Line-13,Machine-56,18-12-2024 09:47,18-12-2024 11:11,Electrical Defect,Wheel Balancer,83.18769836
Line-13,Machine-56,20-12-2024 09:28,20-12-2024 09:44,Electrical Defect,Chuck Magnet,16.75626755
Line-13,Machine-56,31-12-2024 13:20,31-12-2024 13:35,Electrical Defect,Sensor Setting,15.20266628
Line-13,Machine-56,01-01-2025 06:00,01-01-2025 11:57,Electrical Defect,Wheel Balancer,357.782196
Line-13,Machine-56,08-01-2025 09:30,08-01-2025 09:36,Electrical Defect,Chuck Magnet,6.16204977
Line-13,Machine-56,18-01-2025 07:18,18-01-2025 07:38,Electrical Defect,Chuck Magnet,20.06183243
Line-13,Machine-56,18-01-2025 09:29,18-01-2025 09:41,Electrical Defect,Chuck Magnet,12.11593342
Line-13,Machine-56,20-01-2025 08:44,20-01-2025 08:51,Electrical Defect,Wheel Balancer,6.808433533
Line-13,Machine-56,30-01-2025 08:31,30-01-2025 08:58,Electrical Defect,Wheel Balancer,26.83863258
Line-13,Machine-56,07-02-2025 11:00,07-02-2025 11:14,Electrical Defect,Dresser unit,13.8810997
Line-13,Machine-56,10-02-2025 14:14,10-02-2025 14:30,Electrical Defect,Wheel Balancer,16.04713249
Line-13,Machine-56,11-02-2025 06:59,11-02-2025 07:28,Electrical Defect,Wheel Balancer,28.34581757
Line-13,Machine-56,11-02-2025 07:37,11-02-2025 07:46,Electrical Defect,Wheel Balancer,8.64556694
Line-13,Machine-56,17-02-2025 11:49,17-02-2025 11:54,Electrical Defect,Chuck Magnet,5.582333565
Line-13,Machine-56,06-03-2025 10:05,06-03-2025 10:46,Electrical Defect,CNC CPU,40.47741699
Line-13,Machine-56,06-03-2025 11:19,06-03-2025 11:39,Electrical Defect,CNC CPU,19.97526741
Line-13,Machine-56,06-03-2025 13:38,06-03-2025 14:30,Electrical Defect,CNC CPU,51.83843231
Line-13,Machine-56,15-03-2025 06:00,15-03-2025 07:39,Electrical Defect,Chuck Magnet,99.14543152
Line-13,Machine-56,16-03-2025 12:00,16-03-2025 12:20,Electrical Defect,Chuck Magnet,19.88455009
Line-13,Machine-56,17-03-2025 09:09,17-03-2025 09:30,Electrical Defect,Chuck Magnet,21.12211609
Line-13,Machine-56,18-03-2025 09:16,18-03-2025 09:31,Electrical Defect,Chuck Magnet,14.78338337
Line-13,Machine-56,18-03-2025 12:00,18-03-2025 12:15,Electrical Defect,Chuck Magnet,14.5522337
Line-13,Machine-56,19-03-2025 09:26,19-03-2025 09:55,Electrical Defect,Chuck Magnet,28.63328362
Line-13,Machine-56,20-03-2025 06:27,20-03-2025 06:41,Electrical Defect,Chuck Magnet,14.03590012
Line-13,Machine-56,20-03-2025 12:57,20-03-2025 13:18,Electrical Defect,Chuck Magnet,21.65805054
Line-13,Machine-56,21-03-2025 09:45,21-03-2025 10:03,Electrical Defect,Relay Contactor,17.85421753
Line-13,Machine-56,25-03-2025 11:38,25-03-2025 11:48,Electrical Defect,Chuck Magnet,9.495916367
Line-13,Machine-56,05-11-2024 21:54,05-11-2024 21:59,Electrical Defect,Wheel Balancer,5.554583549
Line-13,Machine-56,23-11-2024 14:41,23-11-2024 14:49,Electrical Defect,Sensor Setting,8.331299782
Line-13,Machine-56,25-11-2024 16:55,25-11-2024 17:35,Electrical Defect,Wheel Balancer,39.43626785
Line-13,Machine-56,29-11-2024 21:05,29-11-2024 21:11,Electrical Defect,Sensor Setting,5.978600025
Line-13,Machine-56,01-12-2024 20:30,01-12-2024 21:40,Electrical Defect,CNC CPU,69.88093567
Line-13,Machine-56,09-12-2024 17:24,09-12-2024 20:53,Electrical Defect,Gauge head,208.7093506
Line-13,Machine-56,10-01-2025 15:34,10-01-2025 15:42,Electrical Defect,Robot,8.166832924
Line-13,Machine-56,25-01-2025 14:34,25-01-2025 14:42,Electrical Defect,Robot,8.417833328
Line-13,Machine-56,25-01-2025 19:06,25-01-2025 19:17,Electrical Defect,Wheel Balancer,10.73855019
Line-13,Machine-56,01-02-2025 15:21,01-02-2025 15:39,Electrical Defect,Wheel Balancer,18.28978348
Line-13,Machine-56,10-02-2025 14:30,10-02-2025 14:40,Electrical Defect,Wheel Balancer,10.26466656
Line-13,Machine-56,10-02-2025 14:40,10-02-2025 16:19,Electrical Defect,Wheel Balancer,98.73583221
Line-13,Machine-56,06-03-2025 14:30,06-03-2025 14:37,Electrical Defect,CNC CPU,6.926533222
Line-13,Machine-56,08-03-2025 15:35,08-03-2025 15:44,Electrical Defect,Chuck Magnet,8.073883057
Line-13,Machine-56,12-03-2025 15:31,12-03-2025 15:37,Electrical Defect,Relay Contactor,5.375483513
Line-13,Machine-56,12-03-2025 16:39,12-03-2025 16:54,Electrical Defect,Relay Contactor,14.2922163
Line-13,Machine-56,18-03-2025 20:10,18-03-2025 20:19,Electrical Defect,Chuck Magnet,8.789233208
Line-13,Machine-56,22-03-2025 19:30,22-03-2025 19:56,Electrical Defect,Chuck Magnet,26.35000038
Line-13,Machine-56,27-03-2025 21:35,27-03-2025 21:45,Electrical Defect,Relay Contactor,9.544883728
Line-13,Machine-56,12-04-2025 19:30,12-04-2025 19:51,Electrical Defect,Overload Current,21.31718254
Line-13,Machine-56,16-04-2025 17:21,16-04-2025 17:47,Electrical Defect,Sensor Setting,26.77618408
Line-13,Machine-56,09-11-2024 00:21,09-11-2024 00:39,Electrical Defect,Relay Contactor,17.72718239
Line-13,Machine-56,12-11-2024 23:35,13-11-2024 00:33,Electrical Defect,Sensor Setting,58.63430023
Line-13,Machine-56,19-12-2024 01:25,19-12-2024 03:57,Electrical Defect,Overload Current,152.2644958
Line-13,Machine-56,19-12-2024 04:07,19-12-2024 04:15,Electrical Defect,Wheel Balancer,7.594466686
Line-13,Machine-56,01-01-2025 00:07,01-01-2025 06:00,Electrical Defect,Wheel Balancer,352.5054626
Line-13,Machine-56,02-02-2025 05:05,02-02-2025 05:14,Electrical Defect,Gauge head,9.511933327
Line-13,Machine-56,29-03-2025 00:30,29-03-2025 00:36,Electrical Defect,Relay Contactor,5.151433468
Line-1,Machine-57,09-11-2024 09:45,09-11-2024 09:58,Electrical Defect,PP Gauge UNIT,12.51900005
Line-1,Machine-57,19-11-2024 07:38,19-11-2024 07:50,Electrical Defect,PP Gauge UNIT,11.80376625
Line-1,Machine-57,20-11-2024 10:44,20-11-2024 10:53,Electrical Defect,PP Gauge UNIT,8.050749779
Line-1,Machine-57,21-11-2024 10:43,21-11-2024 10:51,Electrical Defect,PP Gauge UNIT,8.029683113
Line-1,Machine-57,30-11-2024 10:48,30-11-2024 10:58,Electrical Defect,PP Gauge UNIT,9.748517036
Line-1,Machine-57,05-12-2024 12:37,05-12-2024 12:43,Electrical Defect,PP Gauge UNIT,5.924799919
Line-1,Machine-57,05-12-2024 13:22,05-12-2024 13:41,Electrical Defect,PP Gauge UNIT,18.95955086
Line-1,Machine-57,08-12-2024 09:32,08-12-2024 09:41,Electrical Defect,PP Gauge UNIT,9.132749557
Line-1,Machine-57,08-12-2024 10:57,08-12-2024 11:03,Electrical Defect,PP Gauge UNIT,5.851116657
Line-1,Machine-57,06-01-2025 11:05,06-01-2025 11:18,Electrical Defect,PP Gauge UNIT,13.63990021
Line-1,Machine-57,17-01-2025 06:36,17-01-2025 06:44,Electrical Defect,PP Gauge UNIT,7.710683346
Line-1,Machine-57,17-01-2025 10:42,17-01-2025 10:49,Electrical Defect,PP Gauge UNIT,7.394533157
Line-1,Machine-57,17-01-2025 11:13,17-01-2025 11:20,Electrical Defect,PP Gauge UNIT,7.082349777
Line-1,Machine-57,20-01-2025 13:28,20-01-2025 14:30,Electrical Defect,Gauge head,61.62053299
Line-1,Machine-57,30-01-2025 06:31,30-01-2025 06:45,Electrical Defect,PP Gauge UNIT,14.24146652
Line-1,Machine-57,03-02-2025 13:16,03-02-2025 13:21,Electrical Defect,PP Gauge UNIT,5.334916592
Line-1,Machine-57,04-02-2025 06:29,04-02-2025 06:34,Electrical Defect,PP Gauge UNIT,5.560949802
Line-1,Machine-57,04-02-2025 13:07,04-02-2025 13:12,Electrical Defect,PP Gauge UNIT,5.598983288
Line-1,Machine-57,08-02-2025 06:31,08-02-2025 06:40,Electrical Defect,PP Gauge UNIT,9.155799866
Line-1,Machine-57,13-02-2025 09:40,13-02-2025 09:50,Electrical Defect,PP Gauge UNIT,10.50133324
Line-1,Machine-57,14-02-2025 10:39,14-02-2025 10:47,Electrical Defect,PP Gauge UNIT,8.640733719
Line-1,Machine-57,18-02-2025 13:14,18-02-2025 13:30,Electrical Defect,PP Gauge UNIT,15.81340027
Line-1,Machine-57,24-02-2025 06:21,24-02-2025 10:14,Electrical Defect,Gauge head,232.8727112
Line-1,Machine-57,03-03-2025 08:48,03-03-2025 08:59,Electrical Defect,PP Gauge UNIT,10.61033344
Line-1,Machine-57,08-03-2025 07:31,08-03-2025 07:47,Electrical Defect,Sensor Setting,15.6234169
Line-1,Machine-57,02-04-2025 06:53,02-04-2025 07:11,Electrical Defect,Relay Contactor,18.46479988
Line-1,Machine-57,03-04-2025 06:36,03-04-2025 06:42,Electrical Defect,PP Gauge UNIT,6.114649773
Line-1,Machine-57,04-04-2025 08:11,04-04-2025 08:28,Electrical Defect,Relay Contactor,16.70073318
Line-1,Machine-57,07-04-2025 09:15,07-04-2025 09:21,Electrical Defect,PP Gauge UNIT,5.878633499
Line-1,Machine-57,07-04-2025 10:24,07-04-2025 10:32,Electrical Defect,PP Gauge UNIT,7.935666561
Line-1,Machine-57,07-04-2025 12:40,07-04-2025 13:06,Electrical Defect,PP Gauge UNIT,26.06661606
Line-1,Machine-57,10-04-2025 08:28,10-04-2025 08:33,Electrical Defect,PP Gauge UNIT,5.188883305
Line-1,Machine-57,11-04-2025 14:16,11-04-2025 14:21,Electrical Defect,Relay Contactor,5.177149773
Line-1,Machine-57,12-04-2025 11:11,12-04-2025 11:21,Electrical Defect,PP Gauge UNIT,10.22630024
Line-1,Machine-57,14-04-2025 10:58,14-04-2025 11:06,Electrical Defect,PP Gauge UNIT,8.269533157
Line-1,Machine-57,14-04-2025 13:38,14-04-2025 13:51,Electrical Defect,PP Gauge UNIT,13.53138351
Line-1,Machine-57,16-04-2025 10:06,16-04-2025 12:43,Electrical Defect,Lubrication,157.6226044
Line-1,Machine-57,16-11-2024 17:29,16-11-2024 17:34,Electrical Defect,PP Gauge UNIT,5.134083271
Line-1,Machine-57,01-12-2024 16:54,01-12-2024 17:04,Electrical Defect,Oscillation unit,9.900933266
Line-1,Machine-57,01-12-2024 18:09,01-12-2024 18:24,Electrical Defect,Oscillation unit,15.6279335
Line-1,Machine-57,05-12-2024 21:58,05-12-2024 22:13,Electrical Defect,PP Gauge UNIT,14.96286678
Line-1,Machine-57,12-12-2024 20:50,12-12-2024 20:59,Electrical Defect,PP Gauge UNIT,9.749283791
Line-1,Machine-57,15-12-2024 17:23,15-12-2024 17:28,Electrical Defect,PP Gauge UNIT,5.222300053
Line-1,Machine-57,04-01-2025 14:45,04-01-2025 14:54,Electrical Defect,PP Gauge UNIT,9.190133095
Line-1,Machine-57,04-01-2025 15:31,04-01-2025 15:41,Electrical Defect,PP Gauge UNIT,10.63238335
Line-1,Machine-57,04-01-2025 22:24,04-01-2025 22:38,Electrical Defect,PP Gauge UNIT,13.46983337
Line-1,Machine-57,20-01-2025 14:30,20-01-2025 14:37,Electrical Defect,Gauge Amplifier,7.034816742
Line-1,Machine-57,21-01-2025 20:05,21-01-2025 20:11,Electrical Defect,PP Gauge UNIT,6.693999767
Line-1,Machine-57,03-02-2025 14:57,03-02-2025 15:07,Electrical Defect,PP Gauge UNIT,9.591883659
Line-1,Machine-57,11-02-2025 14:33,11-02-2025 14:45,Electrical Defect,PP Gauge UNIT,12.0175333
Line-1,Machine-57,12-02-2025 19:18,12-02-2025 19:31,Electrical Defect,PP Gauge UNIT,13.19690037
Line-1,Machine-57,15-02-2025 17:16,15-02-2025 17:22,Electrical Defect,PP Gauge UNIT,6.033100128
Line-1,Machine-57,15-02-2025 19:57,15-02-2025 20:06,Electrical Defect,PP Gauge UNIT,8.621883392
Line-1,Machine-57,03-03-2025 14:52,03-03-2025 15:00,Electrical Defect,PP Gauge UNIT,8.173316956
Line-1,Machine-57,07-03-2025 21:20,07-03-2025 21:26,Electrical Defect,PP Gauge UNIT,5.632766724
Line-1,Machine-57,08-03-2025 19:04,08-03-2025 19:14,Electrical Defect,PP Gauge UNIT,10.53606701
Line-1,Machine-57,17-03-2025 19:37,17-03-2025 19:43,Electrical Defect,PP Gauge UNIT,6.263383389
Line-1,Machine-57,01-04-2025 20:29,01-04-2025 20:35,Electrical Defect,PP Gauge UNIT,5.83133316
Line-1,Machine-57,04-04-2025 22:39,04-04-2025 22:44,Electrical Defect,PP Gauge UNIT,5.099766731
Line-1,Machine-57,06-04-2025 19:42,06-04-2025 19:48,Electrical Defect,PP Gauge UNIT,5.853300095
Line-1,Machine-57,16-04-2025 19:41,16-04-2025 20:16,Electrical Defect,Hydraulic system,34.73825073
Line-1,Machine-57,17-04-2025 17:53,17-04-2025 19:21,Electrical Defect,Relay Contactor,87.73000336
Line-1,Machine-57,17-04-2025 19:21,17-04-2025 20:16,Electrical Defect,Relay Contactor,54.33773422
Line-1,Machine-57,17-04-2025 20:20,17-04-2025 23:00,Electrical Defect,Relay Contactor,159.9829407
Line-1,Machine-57,17-04-2025 16:17,17-04-2025 16:31,Electrical Defect,PP Gauge UNIT,13.76965046
Line-1,Machine-57,13-11-2024 05:18,13-11-2024 05:26,Electrical Defect,PP Gauge UNIT,7.598666668
Line-1,Machine-57,14-11-2024 02:04,14-11-2024 02:09,Electrical Defect,PP Gauge UNIT,5.135216713
Line-1,Machine-57,17-12-2024 02:00,17-12-2024 02:05,Electrical Defect,PP Gauge UNIT,5.183666706
Line-1,Machine-57,07-01-2025 03:13,07-01-2025 03:19,Electrical Defect,PP Gauge UNIT,6.323766708
Line-1,Machine-57,09-01-2025 23:43,09-01-2025 23:51,Electrical Defect,PP Gauge UNIT,8.395500183
Line-1,Machine-57,10-01-2025 03:20,10-01-2025 03:26,Electrical Defect,PP Gauge UNIT,5.416333199
Line-1,Machine-57,17-01-2025 02:21,17-01-2025 02:28,Electrical Defect,Relay Contactor,6.682650089
Line-1,Machine-57,06-02-2025 01:31,06-02-2025 01:38,Electrical Defect,PP Gauge UNIT,6.90318346
Line-1,Machine-57,21-02-2025 02:24,21-02-2025 02:36,Electrical Defect,PP Gauge UNIT,11.89538288
Line-1,Machine-57,22-02-2025 02:29,22-02-2025 02:37,Electrical Defect,PP Gauge UNIT,7.29798317
Line-1,Machine-57,09-03-2025 23:35,09-03-2025 23:41,Electrical Defect,PP Gauge UNIT,5.588316441
Line-1,Machine-57,14-04-2025 00:25,14-04-2025 01:11,Electrical Defect,Sensor Setting,45.6882515
Line-1,Machine-57,14-04-2025 01:27,14-04-2025 01:41,Electrical Defect,Sensor Setting,13.99726677
Line-1,Machine-57,21-04-2025 02:25,21-04-2025 02:38,Electrical Defect,Chuck Magnet,13.03534985
Line-1,Machine-57,21-04-2025 05:39,21-04-2025 05:48,Electrical Defect,Chuck Magnet,8.772033691
Line-1,Machine-57,24-04-2025 00:02,24-04-2025 03:17,Electrical Defect,Servo drive,195.1919098
Line-1,Machine-57,27-04-2025 00:53,27-04-2025 01:44,Electrical Defect,Stone wear,50.66256714
Line-1,Machine-57,27-04-2025 00:03,27-04-2025 00:21,Electrical Defect,Sensor Setting,17.88814926
Line-13,Machine-58,12-11-2024 10:00,12-11-2024 14:30,Electrical Defect,Gauge head,269.9883118
Line-13,Machine-58,28-11-2024 06:00,28-11-2024 09:26,Electrical Defect,Relay Contactor,205.9953308
Line-13,Machine-58,17-12-2024 10:35,17-12-2024 11:23,Electrical Defect,Gauge head,48.77706528
Line-13,Machine-58,18-12-2024 11:26,18-12-2024 12:00,Electrical Defect,Relay Contactor,33.99200058
Line-13,Machine-58,18-12-2024 12:05,18-12-2024 12:34,Electrical Defect,Relay Contactor,29.00808334
Line-13,Machine-58,09-01-2025 07:04,09-01-2025 07:14,Electrical Defect,Oscillation unit,10.00778294
Line-13,Machine-58,07-02-2025 11:00,07-02-2025 13:44,Electrical Defect,End Guide Plate Unit,164.2823792
Line-13,Machine-58,04-03-2025 07:25,04-03-2025 08:25,Electrical Defect,Sensor Setting,60.00343323
Line-13,Machine-58,18-03-2025 09:10,18-03-2025 09:50,Electrical Defect,Chiller unit,40.00296783
Line-13,Machine-58,07-04-2025 12:30,07-04-2025 13:26,Electrical Defect,Relay Contactor,55.99301529
Line-13,Machine-58,17-04-2025 13:00,17-04-2025 13:19,Electrical Defect,Sensor Setting,19.80946732
Line-13,Machine-58,19-04-2025 08:40,19-04-2025 09:00,Electrical Defect,Sensor Setting,19.99666595
Line-13,Machine-58,21-04-2025 09:22,21-04-2025 10:45,Electrical Defect,Gauge Amplifier,83.30456543
Line-13,Machine-58,30-04-2025 09:02,30-04-2025 09:30,Electrical Defect,Relay Contactor,27.9988842
Line-13,Machine-58,13-11-2024 17:30,13-11-2024 23:00,Electrical Defect,Gauge head,330
Line-13,Machine-58,15-11-2024 18:45,15-11-2024 19:15,Electrical Defect,Robot,30.0122509
Line-13,Machine-58,06-12-2024 20:30,06-12-2024 21:21,Electrical Defect,Machine Control Panel,51.22913361
Line-13,Machine-58,07-12-2024 16:30,07-12-2024 17:21,Electrical Defect,Sensor Setting,51.00519943
Line-13,Machine-58,16-12-2024 14:30,16-12-2024 17:00,Electrical Defect,Relay Contactor,149.9871674
Line-13,Machine-58,18-12-2024 20:29,18-12-2024 20:54,Electrical Defect,Overload Current,25.99491692
Line-13,Machine-58,24-12-2024 14:35,24-12-2024 15:24,Electrical Defect,Sensor Setting,48.99465179
Line-13,Machine-58,25-12-2024 21:40,25-12-2024 22:00,Electrical Defect,Intlet conveyor,20.00126648
Line-13,Machine-58,31-12-2024 14:38,31-12-2024 15:27,Electrical Defect,Overload Current,49.00891495
Line-13,Machine-58,05-04-2025 21:15,05-04-2025 22:06,Electrical Defect,Robot,51.11426544
Line-13,Machine-58,18-11-2024 23:00,19-11-2024 00:30,Electrical Defect,Relay Contactor,90.00043488
Line-13,Machine-58,28-11-2024 04:00,28-11-2024 06:00,Electrical Defect,Fixture Slide,119.9904327
Line-13,Machine-58,03-02-2025 23:00,04-02-2025 00:01,Electrical Defect,Overload Current,60.99266815
Line-13,Machine-58,16-02-2025 23:05,16-02-2025 23:45,Electrical Defect,Demag unit,39.99923325
Line-13,Machine-58,22-02-2025 23:50,23-02-2025 00:40,Electrical Defect,Sensor Setting,49.10663223
Line-6,Machine-59,13-11-2024 11:30,13-11-2024 11:39,Electrical Defect,Dresser unit,9.416233063
Line-6,Machine-59,13-11-2024 11:48,13-11-2024 12:09,Electrical Defect,Dresser unit,20.54236603
Line-6,Machine-59,21-11-2024 08:34,21-11-2024 08:40,Electrical Defect,Sensor Setting,6.418516636
Line-6,Machine-59,21-11-2024 08:43,21-11-2024 08:52,Electrical Defect,Sensor Setting,9.508166313
Line-6,Machine-59,21-11-2024 08:55,21-11-2024 09:06,Electrical Defect,Sensor Setting,10.43379974
Line-6,Machine-59,21-11-2024 09:10,21-11-2024 09:18,Electrical Defect,Sensor Setting,7.585249901
Line-6,Machine-59,25-11-2024 12:01,25-11-2024 12:08,Electrical Defect,Demag unit,6.819716454
Line-6,Machine-59,02-12-2024 06:07,02-12-2024 06:24,Electrical Defect,Intlet conveyor,17.31469917
Line-6,Machine-59,16-12-2024 13:39,16-12-2024 14:30,Electrical Defect,Solonoid Valve,50.66315079
Line-6,Machine-59,24-12-2024 13:38,24-12-2024 14:03,Electrical Defect,Transfer conveyor system,25.62529945
Line-6,Machine-59,05-01-2025 06:00,05-01-2025 07:26,Electrical Defect,Demag unit,86.76599884
Line-6,Machine-59,09-01-2025 10:53,09-01-2025 11:37,Electrical Defect,Work head unit,43.8818512
Line-6,Machine-59,09-01-2025 12:05,09-01-2025 12:26,Electrical Defect,Work head unit,21.23143387
Line-6,Machine-59,09-01-2025 13:12,09-01-2025 13:17,Electrical Defect,Work head unit,5.506733418
Line-6,Machine-59,09-01-2025 13:21,09-01-2025 13:51,Electrical Defect,Work head unit,29.49531746
Line-6,Machine-59,30-01-2025 14:08,30-01-2025 14:14,Electrical Defect,Relay Contactor,5.968166828
Line-6,Machine-59,30-01-2025 07:56,30-01-2025 08:05,Electrical Defect,Sensor Setting,9.221183777
Line-6,Machine-59,01-02-2025 06:25,01-02-2025 06:34,Electrical Defect,Relay Contactor,9.570449829
Line-6,Machine-59,01-02-2025 06:35,01-02-2025 06:42,Electrical Defect,Relay Contactor,6.91623354
Line-6,Machine-59,18-03-2025 07:57,18-03-2025 08:07,Electrical Defect,Relay Contactor,10.24523354
Line-6,Machine-59,13-04-2025 06:43,13-04-2025 06:55,Electrical Defect,Relay Contactor,12.02366638
Line-6,Machine-59,14-04-2025 06:58,14-04-2025 07:10,Electrical Defect,Relay Contactor,11.81851673
Line-6,Machine-59,14-04-2025 07:34,14-04-2025 07:41,Electrical Defect,Relay Contactor,7.433350086
Line-6,Machine-59,14-04-2025 09:51,14-04-2025 10:22,Electrical Defect,Relay Contactor,30.82501602
Line-6,Machine-59,15-04-2025 11:29,15-04-2025 12:39,Electrical Defect,Wheel spindle,70
Line-6,Machine-59,13-11-2024 16:51,13-11-2024 17:05,Electrical Defect,Relay Contactor,13.7109499
Line-6,Machine-59,13-11-2024 18:52,13-11-2024 19:12,Electrical Defect,Relay Contactor,20.16533279
Line-6,Machine-59,13-11-2024 14:30,13-11-2024 15:59,Electrical Defect,Machine Control Panel,89.12481689
Line-6,Machine-59,17-11-2024 21:37,17-11-2024 22:24,Electrical Defect,IBG UNIT,46.95678329
Line-6,Machine-59,14-12-2024 20:19,14-12-2024 20:47,Electrical Defect,Dresser unit,27.35141754
Line-6,Machine-59,06-01-2025 16:42,06-01-2025 16:48,Electrical Defect,Relay Contactor,5.268683434
Line-6,Machine-59,06-01-2025 17:15,06-01-2025 17:20,Electrical Defect,Demag unit,5.313549995
Line-6,Machine-59,17-01-2025 17:51,17-01-2025 20:54,Electrical Defect,Short Index system,183.5280762
Line-6,Machine-59,21-02-2025 15:46,21-02-2025 16:16,Electrical Defect,Relay Contactor,29.6139164
Line-6,Machine-59,07-03-2025 20:39,07-03-2025 20:45,Electrical Defect,Sensor Setting,6.436399937
Line-6,Machine-59,13-04-2025 18:40,13-04-2025 18:50,Electrical Defect,Relay Contactor,10.08580017
Line-6,Machine-59,13-04-2025 19:26,13-04-2025 19:41,Electrical Defect,Relay Contactor,14.84676647
Line-6,Machine-59,14-04-2025 16:02,14-04-2025 16:15,Electrical Defect,Relay Contactor,12.4718504
Line-6,Machine-59,14-04-2025 16:27,14-04-2025 16:39,Electrical Defect,Relay Contactor,12.31620026
Line-6,Machine-59,23-04-2025 15:13,23-04-2025 21:18,Electrical Defect,Relay Contactor,365.620697
Line-6,Machine-59,20-11-2024 23:39,21-11-2024 00:06,Electrical Defect,Relay Contactor,27.01691628
Line-6,Machine-59,21-11-2024 04:08,21-11-2024 04:28,Electrical Defect,Relay Contactor,20.86901665
Line-6,Machine-59,04-12-2024 05:11,04-12-2024 05:18,Electrical Defect,Chuck Magnet,6.715483189
Line-6,Machine-59,05-01-2025 04:30,05-01-2025 04:40,Electrical Defect,Relay Contactor,9.172616959
Line-6,Machine-59,05-01-2025 04:43,05-01-2025 06:00,Electrical Defect,Relay Contactor,77.06394958
Line-6,Machine-59,14-01-2025 00:30,14-01-2025 00:58,Electrical Defect,Sensor Setting,27.92921638
Line-6,Machine-59,24-01-2025 02:21,24-01-2025 02:38,Electrical Defect,J-type hopper,17.70228386
Line-6,Machine-59,29-01-2025 05:10,29-01-2025 05:16,Electrical Defect,Transfer conveyor system,5.585283279
Line-6,Machine-59,31-01-2025 03:34,31-01-2025 03:41,Electrical Defect,Relay Contactor,6.61258316
Line-6,Machine-59,14-02-2025 01:42,14-02-2025 01:57,Electrical Defect,Sensor Setting,15.04758358
Line-6,Machine-59,14-02-2025 02:11,14-02-2025 02:22,Electrical Defect,Sensor Setting,11.41720009
Line-6,Machine-59,14-02-2025 02:24,14-02-2025 02:31,Electrical Defect,Sensor Setting,7.626566887
Line-6,Machine-59,15-02-2025 23:18,15-02-2025 23:47,Electrical Defect,Sensor Setting,28.79566574
Line-6,Machine-59,16-02-2025 00:34,16-02-2025 00:53,Electrical Defect,Sensor Setting,19.20134926
Line-2,Machine-60,09-11-2024 12:43,09-11-2024 12:51,Electrical Defect,PP Gauge UNIT,8.178649902
Line-2,Machine-60,14-11-2024 11:23,14-11-2024 11:36,Electrical Defect,Gauge unit,13.01031685
Line-2,Machine-60,14-11-2024 14:13,14-11-2024 14:20,Electrical Defect,Gauge unit,7.717066765
Line-2,Machine-60,15-11-2024 07:09,15-11-2024 07:16,Electrical Defect,PP Gauge UNIT,6.752699852
Line-2,Machine-60,18-11-2024 07:50,18-11-2024 07:56,Electrical Defect,PP Gauge UNIT,6.530583382
Line-2,Machine-60,18-11-2024 14:14,18-11-2024 14:20,Electrical Defect,PP Gauge UNIT,5.719266891
Line-2,Machine-60,24-11-2024 10:11,24-11-2024 10:25,Electrical Defect,Relay Contactor,13.39661694
Line-2,Machine-60,28-11-2024 08:45,28-11-2024 08:52,Electrical Defect,PP Gauge UNIT,7.477683544
Line-2,Machine-60,01-12-2024 08:27,01-12-2024 08:34,Electrical Defect,PP Gauge UNIT,7.311950207
Line-2,Machine-60,02-12-2024 11:20,02-12-2024 11:26,Electrical Defect,Relay Contactor,5.874000072
Line-2,Machine-60,02-12-2024 07:30,02-12-2024 07:35,Electrical Defect,Gauge head,5.075349808
Line-2,Machine-60,02-12-2024 09:53,02-12-2024 10:17,Electrical Defect,PP Gauge UNIT,23.67234993
Line-2,Machine-60,03-12-2024 07:36,03-12-2024 08:07,Electrical Defect,Relay Contactor,31.18404961
Line-2,Machine-60,03-12-2024 10:11,03-12-2024 10:40,Electrical Defect,Relay Contactor,29.53521729
Line-2,Machine-60,03-12-2024 12:25,03-12-2024 12:33,Electrical Defect,PP Gauge UNIT,7.859983444
Line-2,Machine-60,12-12-2024 06:08,12-12-2024 06:18,Electrical Defect,PP Gauge UNIT,9.480816841
Line-2,Machine-60,13-12-2024 10:52,13-12-2024 11:10,Electrical Defect,PP Gauge UNIT,18.43258286
Line-2,Machine-60,14-12-2024 09:32,14-12-2024 09:44,Electrical Defect,PP Gauge UNIT,12.52021694
Line-2,Machine-60,16-12-2024 08:06,16-12-2024 08:12,Electrical Defect,Chuck Magnet,6.218033314
Line-2,Machine-60,18-12-2024 06:39,18-12-2024 06:50,Electrical Defect,PP Gauge UNIT,11.20081711
Line-2,Machine-60,18-12-2024 08:30,18-12-2024 08:49,Electrical Defect,PP Gauge UNIT,19.25488281
Line-2,Machine-60,19-12-2024 06:51,19-12-2024 07:03,Electrical Defect,PP Gauge UNIT,11.96758366
Line-2,Machine-60,20-12-2024 08:24,20-12-2024 08:42,Electrical Defect,PP Gauge UNIT,18.78434944
Line-2,Machine-60,21-12-2024 06:00,21-12-2024 06:10,Electrical Defect,PP Gauge UNIT,10.33921623
Line-2,Machine-60,24-12-2024 14:16,24-12-2024 14:24,Electrical Defect,Rotary hopper,8.055366516
Line-2,Machine-60,25-12-2024 07:10,25-12-2024 07:16,Electrical Defect,PP Gauge UNIT,6.754316807
Line-2,Machine-60,26-12-2024 11:28,26-12-2024 11:38,Electrical Defect,PP Gauge UNIT,10.62915039
Line-2,Machine-60,06-01-2025 08:10,06-01-2025 08:17,Electrical Defect,PP Gauge UNIT,6.850649834
Line-2,Machine-60,06-01-2025 08:23,06-01-2025 08:28,Electrical Defect,PP Gauge UNIT,5.354483128
Line-2,Machine-60,06-01-2025 12:17,06-01-2025 12:26,Electrical Defect,PP Gauge UNIT,9.560916901
Line-2,Machine-60,08-01-2025 06:50,08-01-2025 06:56,Electrical Defect,PP Gauge UNIT,5.751066685
Line-2,Machine-60,08-01-2025 09:33,08-01-2025 09:39,Electrical Defect,PP Gauge UNIT,5.588183403
Line-2,Machine-60,10-01-2025 12:30,10-01-2025 12:36,Electrical Defect,PP Gauge UNIT,6.245399952
Line-2,Machine-60,11-01-2025 08:00,11-01-2025 08:11,Electrical Defect,PP Gauge UNIT,10.95621681
Line-2,Machine-60,11-01-2025 10:51,11-01-2025 10:57,Electrical Defect,PP Gauge UNIT,6.768700123
Line-2,Machine-60,15-01-2025 09:35,15-01-2025 09:41,Electrical Defect,PP Gauge UNIT,5.724216461
Line-2,Machine-60,16-01-2025 08:14,16-01-2025 08:22,Electrical Defect,PP Gauge UNIT,8.025616646
Line-2,Machine-60,16-01-2025 13:48,16-01-2025 13:55,Electrical Defect,PP Gauge UNIT,6.84013319
Line-2,Machine-60,25-01-2025 09:12,25-01-2025 09:19,Electrical Defect,PP Gauge UNIT,7.506266594
Line-2,Machine-60,25-01-2025 13:01,25-01-2025 13:10,Electrical Defect,PP Gauge UNIT,9.245033264
Line-2,Machine-60,28-01-2025 11:14,28-01-2025 11:33,Electrical Defect,PP Gauge UNIT,19.16698265
Line-2,Machine-60,31-01-2025 08:27,31-01-2025 08:51,Electrical Defect,PP Gauge UNIT,23.11829948
Line-2,Machine-60,06-02-2025 06:41,06-02-2025 06:51,Electrical Defect,PP Gauge UNIT,10.06431675
Line-2,Machine-60,06-02-2025 07:04,06-02-2025 07:18,Electrical Defect,PP Gauge UNIT,13.67021656
Line-2,Machine-60,15-02-2025 06:00,15-02-2025 06:07,Electrical Defect,PP Gauge UNIT,7.667116642
Line-2,Machine-60,15-02-2025 12:46,15-02-2025 12:52,Electrical Defect,PP Gauge UNIT,6.124833107
Line-2,Machine-60,16-02-2025 13:19,16-02-2025 13:27,Electrical Defect,PP Gauge UNIT,7.992750168
Line-2,Machine-60,20-02-2025 08:35,20-02-2025 08:43,Electrical Defect,PP Gauge UNIT,7.265349865
Line-2,Machine-60,20-02-2025 10:14,20-02-2025 10:20,Electrical Defect,PP Gauge UNIT,6.118733406
Line-2,Machine-60,21-02-2025 09:07,21-02-2025 09:12,Electrical Defect,PP Gauge UNIT,5.058366776
Line-2,Machine-60,23-02-2025 09:02,23-02-2025 09:08,Electrical Defect,PP Gauge UNIT,6.13740015
Line-2,Machine-60,02-03-2025 11:21,02-03-2025 11:26,Electrical Defect,PP Gauge UNIT,5.129516602
Line-2,Machine-60,03-03-2025 06:18,03-03-2025 06:24,Electrical Defect,PP Gauge UNIT,6.097799778
Line-2,Machine-60,07-03-2025 06:43,07-03-2025 06:48,Electrical Defect,PP Gauge UNIT,5.299583435
Line-2,Machine-60,10-03-2025 13:16,10-03-2025 13:53,Electrical Defect,PP Gauge UNIT,37.12916565
Line-2,Machine-60,13-03-2025 06:29,13-03-2025 06:38,Electrical Defect,PP Gauge UNIT,9.638116837
Line-2,Machine-60,13-03-2025 10:17,13-03-2025 10:27,Electrical Defect,PP Gauge UNIT,10.86171627
Line-2,Machine-60,17-03-2025 07:22,17-03-2025 07:30,Electrical Defect,PP Gauge UNIT,7.914883137
Line-2,Machine-60,19-03-2025 09:47,19-03-2025 10:00,Electrical Defect,PP Gauge UNIT,12.62475014
Line-2,Machine-60,24-03-2025 09:39,24-03-2025 09:44,Electrical Defect,PP Gauge UNIT,5.603883266
Line-2,Machine-60,24-03-2025 12:52,24-03-2025 12:58,Electrical Defect,Sensor Setting,5.429150105
Line-2,Machine-60,29-03-2025 12:42,29-03-2025 12:50,Electrical Defect,PP Gauge UNIT,7.73421669
Line-2,Machine-60,02-04-2025 06:08,02-04-2025 06:21,Electrical Defect,PP Gauge UNIT,12.84721661
Line-2,Machine-60,02-04-2025 08:52,02-04-2025 09:04,Electrical Defect,PP Gauge UNIT,12.05058289
Line-2,Machine-60,04-04-2025 13:33,04-04-2025 13:44,Electrical Defect,Relay Contactor,10.88955021
Line-2,Machine-60,06-04-2025 13:39,06-04-2025 13:50,Electrical Defect,PP Gauge UNIT,11.64383316
Line-2,Machine-60,10-04-2025 10:15,10-04-2025 10:22,Electrical Defect,PP Gauge UNIT,7.750050068
Line-2,Machine-60,11-04-2025 13:39,11-04-2025 13:45,Electrical Defect,PP Gauge UNIT,6.083816528
Line-2,Machine-60,24-04-2025 13:06,24-04-2025 13:13,Electrical Defect,PP Gauge UNIT,7.093450069
Line-2,Machine-60,25-04-2025 07:14,25-04-2025 07:23,Electrical Defect,PP Gauge UNIT,8.856599808
Line-2,Machine-60,25-04-2025 10:53,25-04-2025 11:02,Electrical Defect,PP Gauge UNIT,8.825683594
Line-2,Machine-60,26-04-2025 09:11,26-04-2025 09:22,Electrical Defect,PP Gauge UNIT,10.11786652
Line-2,Machine-60,27-04-2025 10:26,27-04-2025 10:35,Electrical Defect,PP Gauge UNIT,9.584199905
Line-2,Machine-60,16-11-2024 20:52,16-11-2024 21:24,Electrical Defect,Gauge Amplifier,31.72708321
Line-2,Machine-60,20-11-2024 19:21,20-11-2024 19:34,Electrical Defect,PP Gauge UNIT,12.63949966
Line-2,Machine-60,20-11-2024 22:02,20-11-2024 22:08,Electrical Defect,PP Gauge UNIT,5.515033245
Line-2,Machine-60,21-11-2024 16:36,21-11-2024 16:43,Electrical Defect,PP Gauge UNIT,7.034983158
Line-2,Machine-60,22-11-2024 18:03,22-11-2024 18:13,Electrical Defect,PP Gauge UNIT,9.610632896
Line-2,Machine-60,24-11-2024 16:39,24-11-2024 16:49,Electrical Defect,PP Gauge UNIT,10.11343288
Line-2,Machine-60,24-11-2024 18:54,24-11-2024 19:02,Electrical Defect,PP Gauge UNIT,7.652649879
Line-2,Machine-60,29-11-2024 20:52,29-11-2024 20:59,Electrical Defect,PP Gauge UNIT,7.598883152
Line-2,Machine-60,30-11-2024 14:42,30-11-2024 14:54,Electrical Defect,Gauge head,12.42698288
Line-2,Machine-60,30-11-2024 16:40,30-11-2024 16:46,Electrical Defect,Gauge head,5.089799881
Line-2,Machine-60,01-12-2024 16:17,01-12-2024 16:22,Electrical Defect,Relay Contactor,5.533199787
Line-2,Machine-60,01-12-2024 16:29,01-12-2024 16:37,Electrical Defect,Relay Contactor,7.594150066
Line-2,Machine-60,01-12-2024 19:01,01-12-2024 19:08,Electrical Defect,PP Gauge UNIT,7.119050026
Line-2,Machine-60,02-12-2024 14:33,02-12-2024 14:43,Electrical Defect,Relay Contactor,9.933699608
Line-2,Machine-60,02-12-2024 21:45,02-12-2024 21:55,Electrical Defect,Relay Contactor,9.671616554
Line-2,Machine-60,03-12-2024 20:21,03-12-2024 20:34,Electrical Defect,Aerolide slide,13.27099991
Line-2,Machine-60,07-12-2024 21:40,07-12-2024 21:47,Electrical Defect,PP Gauge UNIT,7.189166546
Line-2,Machine-60,12-12-2024 17:52,12-12-2024 18:07,Electrical Defect,PP Gauge UNIT,15.41398335
Line-2,Machine-60,14-12-2024 15:14,14-12-2024 15:25,Electrical Defect,PP Gauge UNIT,10.88423347
Line-2,Machine-60,14-12-2024 18:21,14-12-2024 18:33,Electrical Defect,PP Gauge UNIT,12.36288357
Line-2,Machine-60,14-12-2024 22:15,14-12-2024 22:26,Electrical Defect,PP Gauge UNIT,11.33416653
Line-2,Machine-60,15-12-2024 19:09,15-12-2024 19:20,Electrical Defect,PP Gauge UNIT,11.18103313
Line-2,Machine-60,24-12-2024 19:53,24-12-2024 19:59,Electrical Defect,PP Gauge UNIT,5.575116634
Line-2,Machine-60,24-12-2024 21:20,24-12-2024 21:28,Electrical Defect,PP Gauge UNIT,8.459917068
Line-2,Machine-60,26-12-2024 15:36,26-12-2024 15:42,Electrical Defect,PP Gauge UNIT,6.654216766
Line-2,Machine-60,01-01-2025 21:56,01-01-2025 22:12,Electrical Defect,PP Gauge UNIT,16.03310013
Line-2,Machine-60,02-01-2025 17:09,02-01-2025 17:15,Electrical Defect,PP Gauge UNIT,6.190149784
Line-2,Machine-60,04-01-2025 14:56,04-01-2025 15:03,Electrical Defect,PP Gauge UNIT,7.095766544
Line-2,Machine-60,16-01-2025 19:09,16-01-2025 19:23,Electrical Defect,PP Gauge UNIT,13.63326645
Line-2,Machine-60,16-01-2025 21:16,16-01-2025 21:22,Electrical Defect,PP Gauge UNIT,5.445616722
Line-2,Machine-60,16-01-2025 21:31,16-01-2025 21:38,Electrical Defect,PP Gauge UNIT,6.1923666
Line-2,Machine-60,25-01-2025 16:42,25-01-2025 16:52,Electrical Defect,PP Gauge UNIT,9.85229969
Line-2,Machine-60,25-01-2025 22:22,25-01-2025 22:29,Electrical Defect,PP Gauge UNIT,6.476616859
Line-2,Machine-60,31-01-2025 16:57,31-01-2025 17:04,Electrical Defect,PP Gauge UNIT,6.4423666
Line-2,Machine-60,31-01-2025 19:02,31-01-2025 19:16,Electrical Defect,PP Gauge UNIT,14.75749969
Line-2,Machine-60,01-02-2025 16:53,01-02-2025 17:06,Electrical Defect,Rotary hopper,13.56611633
Line-2,Machine-60,01-02-2025 18:16,01-02-2025 18:23,Electrical Defect,Rotary hopper,6.695183277
Line-2,Machine-60,03-02-2025 16:33,03-02-2025 16:41,Electrical Defect,PP Gauge UNIT,8.174033165
Line-2,Machine-60,05-02-2025 18:48,05-02-2025 18:59,Electrical Defect,PP Gauge UNIT,11.05203342
Line-2,Machine-60,05-02-2025 22:28,05-02-2025 22:35,Electrical Defect,PP Gauge UNIT,6.682066441
Line-2,Machine-60,06-02-2025 22:08,06-02-2025 22:13,Electrical Defect,PP Gauge UNIT,5.138416767
Line-2,Machine-60,14-02-2025 14:43,14-02-2025 14:48,Electrical Defect,PP Gauge UNIT,5.57193327
Line-2,Machine-60,15-02-2025 15:53,15-02-2025 16:07,Electrical Defect,PP Gauge UNIT,13.80203342
Line-2,Machine-60,16-02-2025 15:52,16-02-2025 16:02,Electrical Defect,PP Gauge UNIT,10.17475033
Line-2,Machine-60,20-02-2025 17:25,20-02-2025 17:32,Electrical Defect,PP Gauge UNIT,7.716599941
Line-2,Machine-60,20-02-2025 22:06,20-02-2025 22:15,Electrical Defect,PP Gauge UNIT,9.220649719
Line-2,Machine-60,22-02-2025 19:51,22-02-2025 19:57,Electrical Defect,PP Gauge UNIT,5.409733295
Line-2,Machine-60,22-02-2025 21:21,22-02-2025 21:42,Electrical Defect,PP Gauge UNIT,21.50851631
Line-2,Machine-60,23-02-2025 20:40,23-02-2025 20:49,Electrical Defect,PP Gauge UNIT,8.699950218
Line-2,Machine-60,26-02-2025 18:17,26-02-2025 18:26,Electrical Defect,PP Gauge UNIT,8.692350388
Line-2,Machine-60,03-03-2025 18:15,03-03-2025 18:20,Electrical Defect,PP Gauge UNIT,5.588316441
Line-2,Machine-60,03-03-2025 18:18,03-03-2025 18:23,Electrical Defect,PP Gauge UNIT,5.252950191
Line-2,Machine-60,06-03-2025 20:53,06-03-2025 21:02,Electrical Defect,PP Gauge UNIT,9.111233711
Line-2,Machine-60,07-03-2025 14:30,07-03-2025 14:36,Electrical Defect,PP Gauge UNIT,6.649166584
Line-2,Machine-60,15-03-2025 18:31,15-03-2025 18:56,Electrical Defect,Gauge Amplifier,25.78208351
Line-2,Machine-60,16-03-2025 14:46,16-03-2025 14:51,Electrical Defect,PP Gauge UNIT,5.138850212
Line-2,Machine-60,20-03-2025 17:07,20-03-2025 17:17,Electrical Defect,PP Gauge UNIT,9.736800194
Line-2,Machine-60,24-03-2025 19:33,24-03-2025 19:39,Electrical Defect,PP Gauge UNIT,5.699800014
Line-2,Machine-60,24-03-2025 22:14,24-03-2025 22:25,Electrical Defect,PP Gauge UNIT,10.69970036
Line-2,Machine-60,27-03-2025 18:11,27-03-2025 18:22,Electrical Defect,PP Gauge UNIT,10.81658363
Line-2,Machine-60,27-03-2025 19:31,27-03-2025 19:39,Electrical Defect,PP Gauge UNIT,8.272683144
Line-2,Machine-60,29-03-2025 14:58,29-03-2025 15:14,Electrical Defect,PP Gauge UNIT,15.62918377
Line-2,Machine-60,29-03-2025 16:37,29-03-2025 16:48,Electrical Defect,PP Gauge UNIT,10.19855022
Line-2,Machine-60,30-03-2025 14:58,30-03-2025 15:04,Electrical Defect,PP Gauge UNIT,5.716433525
Line-2,Machine-60,31-03-2025 15:01,31-03-2025 15:06,Electrical Defect,PP Gauge UNIT,5.214083195
Line-2,Machine-60,08-04-2025 15:05,08-04-2025 15:15,Electrical Defect,PP Gauge UNIT,9.840350151
Line-2,Machine-60,08-04-2025 17:46,08-04-2025 17:52,Electrical Defect,PP Gauge UNIT,6.087266445
Line-2,Machine-60,13-04-2025 17:15,13-04-2025 17:45,Electrical Defect,Overload Current,30.44420052
Line-2,Machine-60,17-04-2025 14:41,17-04-2025 14:51,Electrical Defect,PP Gauge UNIT,9.914066315
Line-2,Machine-60,17-04-2025 18:51,17-04-2025 19:01,Electrical Defect,PP Gauge UNIT,10.01368332
Line-2,Machine-60,18-04-2025 14:52,18-04-2025 14:59,Electrical Defect,PP Gauge UNIT,7.218266487
Line-2,Machine-60,21-04-2025 16:29,21-04-2025 16:41,Electrical Defect,PP Gauge UNIT,11.67169952
Line-2,Machine-60,21-04-2025 19:40,21-04-2025 19:50,Electrical Defect,Demag unit,10.13850021
Line-2,Machine-60,22-04-2025 14:40,22-04-2025 14:46,Electrical Defect,PP Gauge UNIT,5.054583549
Line-2,Machine-60,23-04-2025 21:46,23-04-2025 21:52,Electrical Defect,Relay Contactor,5.632750034
Line-2,Machine-60,26-04-2025 16:44,26-04-2025 16:55,Electrical Defect,PP Gauge UNIT,11.13615036
Line-2,Machine-60,26-04-2025 19:53,26-04-2025 20:11,Electrical Defect,PP Gauge UNIT,18.17200089
Line-2,Machine-60,12-11-2024 00:48,12-11-2024 00:56,Electrical Defect,PP Gauge UNIT,8.739783287
Line-2,Machine-60,15-11-2024 23:04,15-11-2024 23:10,Electrical Defect,PP Gauge UNIT,5.824383259
Line-2,Machine-60,16-11-2024 03:51,16-11-2024 03:58,Electrical Defect,PP Gauge UNIT,6.590849876
Line-2,Machine-60,22-11-2024 00:56,22-11-2024 01:11,Electrical Defect,PP Gauge UNIT,14.58583355
Line-2,Machine-60,23-11-2024 23:36,23-11-2024 23:41,Electrical Defect,Relay Contactor,5.805533409
Line-2,Machine-60,24-11-2024 00:17,24-11-2024 00:23,Electrical Defect,Relay Contactor,6.400583267
Line-2,Machine-60,24-11-2024 00:28,24-11-2024 00:36,Electrical Defect,Relay Contactor,7.933499813
Line-2,Machine-60,23-11-2024 23:00,23-11-2024 23:33,Electrical Defect,Hydraulic system,32.48493195
Line-2,Machine-60,24-11-2024 00:56,24-11-2024 01:02,Electrical Defect,Oscillation unit,5.193349838
Line-2,Machine-60,24-11-2024 01:58,24-11-2024 02:05,Electrical Defect,Oscillation unit,7.342516899
Line-2,Machine-60,24-11-2024 02:28,24-11-2024 02:42,Electrical Defect,Oscillation unit,14.36301708
Line-2,Machine-60,24-11-2024 02:42,24-11-2024 02:51,Electrical Defect,Oscillation unit,8.463232994
Line-2,Machine-60,24-11-2024 03:03,24-11-2024 03:09,Electrical Defect,Oscillation unit,5.871466637
Line-2,Machine-60,30-11-2024 23:51,30-11-2024 23:59,Electrical Defect,Gauge head,7.383299828
Line-2,Machine-60,02-12-2024 02:37,02-12-2024 02:57,Electrical Defect,Gauge head,20.08898354
Line-2,Machine-60,03-12-2024 01:06,03-12-2024 01:12,Electrical Defect,Relay Contactor,5.857800007
Line-2,Machine-60,03-12-2024 03:25,03-12-2024 03:31,Electrical Defect,Relay Contactor,5.980983257
Line-2,Machine-60,06-12-2024 02:48,06-12-2024 03:04,Electrical Defect,Relay Contactor,16.07905006
Line-2,Machine-60,06-12-2024 05:35,06-12-2024 05:44,Electrical Defect,PP Gauge UNIT,9.037817001
Line-2,Machine-60,07-12-2024 01:52,07-12-2024 02:03,Electrical Defect,PP Gauge UNIT,10.14309978
Line-2,Machine-60,07-12-2024 04:42,07-12-2024 04:50,Electrical Defect,PP Gauge UNIT,8.099499702
Line-2,Machine-60,08-12-2024 00:30,08-12-2024 00:37,Electrical Defect,PP Gauge UNIT,7.037749767
Line-2,Machine-60,08-12-2024 02:14,08-12-2024 02:23,Electrical Defect,PP Gauge UNIT,9.072349548
Line-2,Machine-60,12-12-2024 05:37,12-12-2024 05:43,Electrical Defect,PP Gauge UNIT,6.382916451
Line-2,Machine-60,12-12-2024 05:45,12-12-2024 05:51,Electrical Defect,PP Gauge UNIT,5.494050026
Line-2,Machine-60,19-12-2024 00:29,19-12-2024 00:34,Electrical Defect,PP Gauge UNIT,5.013866901
Line-2,Machine-60,20-12-2024 00:56,20-12-2024 01:07,Electrical Defect,PP Gauge UNIT,10.55755043
Line-2,Machine-60,21-12-2024 05:42,21-12-2024 05:49,Electrical Defect,PP Gauge UNIT,7.256383419
Line-2,Machine-60,21-12-2024 05:52,21-12-2024 06:00,Electrical Defect,PP Gauge UNIT,8.033666611
Line-2,Machine-60,26-12-2024 01:44,26-12-2024 01:50,Electrical Defect,PP Gauge UNIT,6.76673317
Line-2,Machine-60,27-12-2024 04:43,27-12-2024 04:49,Electrical Defect,PP Gauge UNIT,6.333399773
Line-2,Machine-60,07-01-2025 02:23,07-01-2025 02:30,Electrical Defect,PP Gauge UNIT,7.294066429
Line-2,Machine-60,09-01-2025 03:41,09-01-2025 03:56,Electrical Defect,PP Gauge UNIT,15.49890041
Line-2,Machine-60,14-01-2025 01:43,14-01-2025 01:48,Electrical Defect,PP Gauge UNIT,5.456183434
Line-2,Machine-60,15-01-2025 23:45,15-01-2025 23:53,Electrical Defect,PP Gauge UNIT,8.602499962
Line-2,Machine-60,18-01-2025 00:01,18-01-2025 00:16,Electrical Defect,PP Gauge UNIT,14.95278358
Line-2,Machine-60,18-01-2025 04:58,18-01-2025 05:03,Electrical Defect,PP Gauge UNIT,5.740116596
Line-2,Machine-60,19-01-2025 02:21,19-01-2025 02:28,Electrical Defect,PP Gauge UNIT,7.6777668
Line-2,Machine-60,29-01-2025 04:31,29-01-2025 04:38,Electrical Defect,PP Gauge UNIT,6.532133102
Line-2,Machine-60,29-01-2025 04:46,29-01-2025 04:53,Electrical Defect,PP Gauge UNIT,7.408199787
Line-2,Machine-60,05-02-2025 01:44,05-02-2025 01:50,Electrical Defect,PP Gauge UNIT,6.031916618
Line-2,Machine-60,07-02-2025 00:23,07-02-2025 00:28,Electrical Defect,PP Gauge UNIT,5.519233227
Line-2,Machine-60,07-02-2025 00:54,07-02-2025 01:00,Electrical Defect,PP Gauge UNIT,5.467283249
Line-2,Machine-60,08-02-2025 02:31,08-02-2025 02:37,Electrical Defect,PP Gauge UNIT,5.792583466
Line-2,Machine-60,12-02-2025 01:05,12-02-2025 01:11,Electrical Defect,PP Gauge UNIT,5.543950081
Line-2,Machine-60,14-02-2025 23:27,14-02-2025 23:32,Electrical Defect,PP Gauge UNIT,5.634850025
Line-2,Machine-60,16-02-2025 00:58,16-02-2025 01:04,Electrical Defect,PP Gauge UNIT,6.068049908
Line-2,Machine-60,18-02-2025 04:15,18-02-2025 04:20,Electrical Defect,PP Gauge UNIT,5.18200016
Line-2,Machine-60,19-02-2025 00:45,19-02-2025 00:52,Electrical Defect,PP Gauge UNIT,6.515999794
Line-2,Machine-60,19-02-2025 03:25,19-02-2025 03:31,Electrical Defect,PP Gauge UNIT,6.324850082
Line-2,Machine-60,19-02-2025 04:10,19-02-2025 04:16,Electrical Defect,PP Gauge UNIT,5.86801672
Line-2,Machine-60,19-02-2025 04:25,19-02-2025 04:33,Electrical Defect,PP Gauge UNIT,7.904166698
Line-2,Machine-60,19-02-2025 05:53,19-02-2025 06:00,Electrical Defect,PP Gauge UNIT,6.805583477
Line-2,Machine-60,20-02-2025 00:58,20-02-2025 01:04,Electrical Defect,PP Gauge UNIT,5.833816528
Line-2,Machine-60,20-02-2025 23:50,20-02-2025 23:59,Electrical Defect,PP Gauge UNIT,8.411549568
Line-2,Machine-60,26-02-2025 23:58,27-02-2025 00:19,Electrical Defect,PP Gauge UNIT,20.58488274
Line-2,Machine-60,28-02-2025 23:30,28-02-2025 23:38,Electrical Defect,PP Gauge UNIT,8.053616524
Line-2,Machine-60,07-03-2025 04:36,07-03-2025 04:44,Electrical Defect,PP Gauge UNIT,8.200799942
Line-2,Machine-60,11-03-2025 00:36,11-03-2025 00:44,Electrical Defect,PP Gauge UNIT,8.031533241
Line-2,Machine-60,12-03-2025 03:05,12-03-2025 03:11,Electrical Defect,PP Gauge UNIT,6.2670331
Line-2,Machine-60,12-03-2025 04:57,12-03-2025 05:10,Electrical Defect,PP Gauge UNIT,13.14858341
Line-2,Machine-60,13-03-2025 01:47,13-03-2025 01:55,Electrical Defect,PP Gauge UNIT,7.646649837
Line-2,Machine-60,20-03-2025 01:12,20-03-2025 01:24,Electrical Defect,PP Gauge UNIT,12.49333286
Line-2,Machine-60,21-03-2025 03:36,21-03-2025 03:43,Electrical Defect,PP Gauge UNIT,7.216300011
Line-2,Machine-60,27-03-2025 03:41,27-03-2025 03:48,Electrical Defect,Chuck Magnet,6.827050209
Line-2,Machine-60,27-03-2025 05:03,27-03-2025 05:10,Electrical Defect,Chuck Magnet,6.829100132
Line-2,Machine-60,27-03-2025 00:42,27-03-2025 01:21,Electrical Defect,Gauge head,38.96913147
Line-2,Machine-60,27-03-2025 23:35,27-03-2025 23:48,Electrical Defect,Rotary hopper,13.68308353
Line-2,Machine-60,30-03-2025 02:04,30-03-2025 02:12,Electrical Defect,PP Gauge UNIT,7.656449795
Line-2,Machine-60,15-04-2025 23:10,15-04-2025 23:21,Electrical Defect,PP Gauge UNIT,11.15428352
Line-2,Machine-60,18-04-2025 03:21,18-04-2025 03:28,Electrical Defect,PP Gauge UNIT,7.326866627
Line-2,Machine-60,18-04-2025 03:59,18-04-2025 04:06,Electrical Defect,PP Gauge UNIT,6.669350147
Line-2,Machine-60,24-04-2025 00:01,24-04-2025 01:16,Electrical Defect,Gauge head,75.26294708
Line-2,Machine-60,24-04-2025 02:51,24-04-2025 03:00,Electrical Defect,Gauge head,8.658983231
Line-2,Machine-60,24-04-2025 03:56,24-04-2025 04:06,Electrical Defect,Gauge head,9.831899643
Line-2,Machine-60,29-04-2025 23:52,30-04-2025 00:01,Electrical Defect,PP Gauge UNIT,8.776350021
Line-5,Machine-61,25-12-2024 14:00,25-12-2024 14:24,Electrical Defect,Servo Motor,24.03059959
Line-5,Machine-61,05-03-2025 10:30,05-03-2025 10:40,Electrical Defect,Overload Current,9.320883751
Line-5,Machine-61,09-04-2025 14:00,09-04-2025 14:25,Electrical Defect,Relay Contactor,25.33186722
Line-5,Machine-61,09-01-2025 18:00,09-01-2025 18:28,Electrical Defect,Oscillation unit,28.00209999
Line-5,Machine-61,02-03-2025 19:10,02-03-2025 19:23,Electrical Defect,Servo Motor,12.9980669
Line-5,Machine-61,02-03-2025 20:50,02-03-2025 20:58,Electrical Defect,Servo Motor,7.998400211
Line-5,Machine-61,02-03-2025 22:40,02-03-2025 22:50,Electrical Defect,Servo Motor,10.00693321
Line-5,Machine-61,04-03-2025 15:30,04-03-2025 16:14,Electrical Defect,Sensor Setting,44.00484848
Line-5,Machine-61,22-01-2025 01:24,22-01-2025 02:19,Electrical Defect,Relay Contactor,55.74000168
Line-5,Machine-61,05-03-2025 02:00,05-03-2025 02:24,Electrical Defect,Servo Motor,23.9954834
Line-5,Machine-61,05-03-2025 04:30,05-03-2025 04:41,Electrical Defect,Servo Motor,10.98919964
Line-5,Machine-61,07-04-2025 00:15,07-04-2025 00:37,Electrical Defect,Sensor Setting,21.99853325
Line-5,Machine-61,26-04-2025 03:45,26-04-2025 05:16,Electrical Defect,Relay Contactor,91.16041565
Line-2,Machine-62,24-11-2024 09:13,24-11-2024 09:30,Electrical Defect,Relay Contactor,16.73665047
Line-2,Machine-62,24-11-2024 09:47,24-11-2024 09:55,Electrical Defect,Relay Contactor,8.106116295
Line-2,Machine-62,24-11-2024 10:34,24-11-2024 10:40,Electrical Defect,Relay Contactor,6.05340004
Line-2,Machine-62,30-11-2024 11:02,30-11-2024 11:33,Electrical Defect,Gauge head,30.31258392
Line-2,Machine-62,30-11-2024 09:37,30-11-2024 09:43,Electrical Defect,PP Gauge UNIT,5.725366592
Line-2,Machine-62,02-12-2024 10:17,02-12-2024 10:57,Electrical Defect,PP Gauge UNIT,39.46926498
Line-2,Machine-62,10-12-2024 08:47,10-12-2024 09:09,Electrical Defect,Sensor Setting,21.95583344
Line-2,Machine-62,24-12-2024 07:23,24-12-2024 08:02,Electrical Defect,Wheel spindle,38.76486588
Line-2,Machine-62,24-12-2024 08:07,24-12-2024 08:59,Electrical Defect,Wheel spindle,52.26673508
Line-2,Machine-62,24-12-2024 09:55,24-12-2024 10:16,Electrical Defect,Wheel spindle,21.33166695
Line-2,Machine-62,31-12-2024 10:29,31-12-2024 11:47,Electrical Defect,PLC,78.04473114
Line-2,Machine-62,01-01-2025 09:21,01-01-2025 12:06,Electrical Defect,Wheel spindle,164.9792633
Line-2,Machine-62,02-01-2025 12:37,02-01-2025 12:45,Electrical Defect,Wheel spindle,7.626550198
Line-2,Machine-62,06-01-2025 11:05,06-01-2025 11:15,Electrical Defect,PP Gauge UNIT,10.18900013
Line-2,Machine-62,08-01-2025 14:11,08-01-2025 14:19,Electrical Defect,PP Gauge UNIT,7.975183487
Line-2,Machine-62,25-01-2025 12:52,25-01-2025 13:01,Electrical Defect,PP Gauge UNIT,8.952716827
Line-2,Machine-62,31-01-2025 09:56,31-01-2025 10:09,Electrical Defect,PP Gauge UNIT,13.15938377
Line-2,Machine-62,01-02-2025 06:52,01-02-2025 08:06,Electrical Defect,Gauge head,74.13301849
Line-2,Machine-62,05-02-2025 06:00,05-02-2025 07:36,Electrical Defect,Servo drive,96.45728302
Line-2,Machine-62,06-02-2025 07:26,06-02-2025 07:37,Electrical Defect,PP Gauge UNIT,10.66498375
Line-2,Machine-62,06-02-2025 08:27,06-02-2025 08:33,Electrical Defect,PP Gauge UNIT,6.755633354
Line-2,Machine-62,08-02-2025 12:22,08-02-2025 12:28,Electrical Defect,PP Gauge UNIT,6.05488348
Line-2,Machine-62,19-02-2025 06:20,19-02-2025 06:26,Electrical Defect,PP Gauge UNIT,5.968183517
Line-2,Machine-62,19-02-2025 08:01,19-02-2025 08:08,Electrical Defect,PP Gauge UNIT,7.052416801
Line-2,Machine-62,21-02-2025 13:01,21-02-2025 13:07,Electrical Defect,PP Gauge UNIT,6.272816658
Line-2,Machine-62,21-02-2025 13:28,21-02-2025 13:35,Electrical Defect,PP Gauge UNIT,7.366416454
Line-2,Machine-62,23-02-2025 12:41,23-02-2025 12:51,Electrical Defect,PP Gauge UNIT,9.569666862
Line-2,Machine-62,24-03-2025 08:32,24-03-2025 08:39,Electrical Defect,PP Gauge UNIT,6.959583282
Line-2,Machine-62,24-03-2025 13:58,24-03-2025 14:07,Electrical Defect,PP Gauge UNIT,9.141366959
Line-2,Machine-62,24-03-2025 12:58,24-03-2025 13:10,Electrical Defect,Sensor Setting,12.31136703
Line-2,Machine-62,31-03-2025 12:54,31-03-2025 12:59,Electrical Defect,Relay Contactor,5.148566723
Line-2,Machine-62,31-03-2025 13:35,31-03-2025 13:48,Electrical Defect,Relay Contactor,13.00068378
Line-2,Machine-62,01-04-2025 08:13,01-04-2025 08:32,Electrical Defect,Sensor Setting,18.68133354
Line-2,Machine-62,11-04-2025 11:49,11-04-2025 11:56,Electrical Defect,PP Gauge UNIT,6.059566498
Line-2,Machine-62,16-04-2025 12:28,16-04-2025 13:23,Electrical Defect,PP Gauge UNIT,55.13570023
Line-2,Machine-62,20-04-2025 11:18,20-04-2025 11:41,Electrical Defect,Relay Contactor,22.97621727
Line-2,Machine-62,22-04-2025 08:20,22-04-2025 08:27,Electrical Defect,PP Gauge UNIT,6.808833122
Line-2,Machine-62,03-11-2024 15:22,03-11-2024 17:44,Electrical Defect,Wheel spindle,141.7253571
Line-2,Machine-62,09-11-2024 21:37,09-11-2024 21:56,Electrical Defect,PP Gauge UNIT,19.29963303
Line-2,Machine-62,14-11-2024 22:06,14-11-2024 22:29,Electrical Defect,Gauge head,22.85061646
Line-2,Machine-62,16-11-2024 21:25,16-11-2024 21:34,Electrical Defect,Gauge Amplifier,9.041067123
Line-2,Machine-62,20-11-2024 16:41,20-11-2024 16:47,Electrical Defect,PP Gauge UNIT,5.499633312
Line-2,Machine-62,20-11-2024 22:14,20-11-2024 22:33,Electrical Defect,PP Gauge UNIT,19.16021729
Line-2,Machine-62,21-11-2024 16:13,21-11-2024 16:28,Electrical Defect,Relay Contactor,15.36716652
Line-2,Machine-62,29-11-2024 15:21,29-11-2024 15:45,Electrical Defect,Gauge head,24.03191757
Line-2,Machine-62,29-11-2024 15:50,29-11-2024 16:03,Electrical Defect,Gauge head,12.5862999
Line-2,Machine-62,30-11-2024 15:33,30-11-2024 15:46,Electrical Defect,Gauge head,12.44853306
Line-2,Machine-62,11-12-2024 15:57,11-12-2024 16:05,Electrical Defect,PP Gauge UNIT,8.010350227
Line-2,Machine-62,12-12-2024 16:04,12-12-2024 16:09,Electrical Defect,PP Gauge UNIT,5.149350166
Line-2,Machine-62,31-12-2024 19:17,31-12-2024 19:23,Electrical Defect,PP Gauge UNIT,6.277216434
Line-2,Machine-62,02-01-2025 20:33,02-01-2025 20:43,Electrical Defect,PP Gauge UNIT,10.67991638
Line-2,Machine-62,03-01-2025 14:30,03-01-2025 14:48,Electrical Defect,Work head unit,17.97006607
Line-2,Machine-62,04-01-2025 16:43,04-01-2025 16:51,Electrical Defect,PP Gauge UNIT,8.465966225
Line-2,Machine-62,20-01-2025 22:11,20-01-2025 22:24,Electrical Defect,Sensor Setting,13.17444992
Line-2,Machine-62,22-01-2025 22:37,22-01-2025 22:44,Electrical Defect,PP Gauge UNIT,6.747866631
Line-2,Machine-62,25-01-2025 19:19,25-01-2025 19:30,Electrical Defect,PP Gauge UNIT,10.76879978
Line-2,Machine-62,04-02-2025 21:43,04-02-2025 21:58,Electrical Defect,PP Gauge UNIT,15.21700001
Line-2,Machine-62,12-02-2025 16:31,12-02-2025 16:44,Electrical Defect,PP Gauge UNIT,12.98986626
Line-2,Machine-62,12-02-2025 21:52,12-02-2025 22:00,Electrical Defect,PP Gauge UNIT,7.784716606
Line-2,Machine-62,15-02-2025 17:16,15-02-2025 17:29,Electrical Defect,PP Gauge UNIT,13.35043335
Line-2,Machine-62,16-02-2025 16:10,16-02-2025 16:18,Electrical Defect,PP Gauge UNIT,7.372083187
Line-2,Machine-62,23-02-2025 20:32,23-02-2025 20:37,Electrical Defect,PP Gauge UNIT,5.333716869
Line-2,Machine-62,24-02-2025 15:40,24-02-2025 15:54,Electrical Defect,PP Gauge UNIT,13.66975021
Line-2,Machine-62,13-03-2025 15:40,13-03-2025 16:10,Electrical Defect,Overload Current,29.99711609
Line-2,Machine-62,15-03-2025 15:08,15-03-2025 15:14,Electrical Defect,Demag unit,5.944366455
Line-2,Machine-62,29-03-2025 22:24,29-03-2025 22:32,Electrical Defect,PP Gauge UNIT,8.018316269
Line-2,Machine-62,30-03-2025 15:49,30-03-2025 15:57,Electrical Defect,PP Gauge UNIT,7.425733566
Line-2,Machine-62,31-03-2025 14:53,31-03-2025 15:01,Electrical Defect,PP Gauge UNIT,8.022816658
Line-2,Machine-62,31-03-2025 20:10,31-03-2025 20:18,Electrical Defect,PP Gauge UNIT,8.015049934
Line-2,Machine-62,01-04-2025 16:07,01-04-2025 16:13,Electrical Defect,PP Gauge UNIT,6.54309988
Line-2,Machine-62,02-04-2025 14:57,02-04-2025 15:08,Electrical Defect,Chuck Magnet,10.94764996
Line-2,Machine-62,02-04-2025 16:36,02-04-2025 17:13,Electrical Defect,Chuck Magnet,36.86035156
Line-2,Machine-62,03-04-2025 19:16,03-04-2025 19:26,Electrical Defect,PP Gauge UNIT,9.690366745
Line-2,Machine-62,23-04-2025 22:07,23-04-2025 22:14,Electrical Defect,Relay Contactor,6.863016605
Line-2,Machine-62,24-04-2025 17:27,24-04-2025 17:33,Electrical Defect,PP Gauge UNIT,6.909066677
Line-2,Machine-62,29-04-2025 18:38,29-04-2025 19:06,Electrical Defect,PP Gauge UNIT,28.08385086
Line-2,Machine-62,22-11-2024 00:36,22-11-2024 00:52,Electrical Defect,PP Gauge UNIT,15.79209995
Line-2,Machine-62,22-11-2024 01:11,22-11-2024 01:16,Electrical Defect,PP Gauge UNIT,5.787283421
Line-2,Machine-62,22-11-2024 02:35,22-11-2024 02:44,Electrical Defect,PP Gauge UNIT,9.416417122
Line-2,Machine-62,22-11-2024 02:57,22-11-2024 03:31,Electrical Defect,PP Gauge UNIT,34.20963287
Line-2,Machine-62,01-12-2024 04:32,01-12-2024 04:50,Electrical Defect,Gauge head,18.31018257
Line-2,Machine-62,11-12-2024 23:23,11-12-2024 23:34,Electrical Defect,Sensor Setting,11.45238304
Line-2,Machine-62,14-12-2024 04:47,14-12-2024 04:57,Electrical Defect,PP Gauge UNIT,9.727867126
Line-2,Machine-62,23-12-2024 04:27,23-12-2024 04:36,Electrical Defect,PP Gauge UNIT,9.111466408
Line-2,Machine-62,02-01-2025 02:37,02-01-2025 02:43,Electrical Defect,PP Gauge UNIT,5.642766476
Line-2,Machine-62,08-01-2025 03:03,08-01-2025 03:09,Electrical Defect,PP Gauge UNIT,5.76853323
Line-2,Machine-62,08-01-2025 01:29,08-01-2025 02:19,Electrical Defect,Wheel spindle,49.58140182
Line-2,Machine-62,10-01-2025 02:41,10-01-2025 04:59,Electrical Defect,Intlet conveyor,138.0309906
Line-2,Machine-62,10-01-2025 04:59,10-01-2025 05:16,Electrical Defect,Intlet conveyor,16.78104973
Line-2,Machine-62,13-01-2025 23:00,13-01-2025 23:25,Electrical Defect,Machine Control Panel,25.28011703
Line-2,Machine-62,01-02-2025 00:51,01-02-2025 01:12,Electrical Defect,Gauge Amplifier,20.97898293
Line-2,Machine-62,05-02-2025 04:39,05-02-2025 06:00,Electrical Defect,Solonoid Valve,80.1716156
Line-2,Machine-62,18-02-2025 02:32,18-02-2025 04:00,Electrical Defect,PP Gauge UNIT,88.32613373
Line-2,Machine-62,20-02-2025 03:32,20-02-2025 03:41,Electrical Defect,PP Gauge UNIT,9.063266754
Line-2,Machine-62,20-02-2025 04:51,20-02-2025 04:58,Electrical Defect,PP Gauge UNIT,6.910683155
Line-2,Machine-62,23-02-2025 01:34,23-02-2025 02:05,Electrical Defect,PP Gauge UNIT,30.60741615
Line-2,Machine-62,05-04-2025 01:29,05-04-2025 01:53,Electrical Defect,Relay Contactor,24.07476616
Line-2,Machine-62,16-04-2025 01:15,16-04-2025 01:30,Electrical Defect,PP Gauge UNIT,14.62396622
Line-2,Machine-62,21-04-2025 05:37,21-04-2025 05:47,Electrical Defect,PP Gauge UNIT,9.730133057
Line-2,Machine-62,24-04-2025 01:22,24-04-2025 01:35,Electrical Defect,Gauge head,12.73146629
Line-2,Machine-62,26-04-2025 23:19,26-04-2025 23:50,Electrical Defect,PP Gauge UNIT,31.61750031
Line-2,Machine-62,29-04-2025 23:40,29-04-2025 23:51,Electrical Defect,PP Gauge UNIT,11.7029829
Line-15,Machine-63,12-11-2024 06:02,12-11-2024 06:32,Electrical Defect,Relay Contactor,29.91930008
Line-15,Machine-63,12-11-2024 07:57,12-11-2024 08:04,Electrical Defect,Relay Contactor,7.148866653
Line-15,Machine-63,12-11-2024 08:56,12-11-2024 09:01,Electrical Defect,Relay Contactor,5.381566525
Line-15,Machine-63,12-11-2024 10:56,12-11-2024 11:41,Electrical Defect,Relay Contactor,45.03598404
Line-15,Machine-63,18-12-2024 09:02,18-12-2024 09:27,Electrical Defect,Gauge head,24.7458992
Line-15,Machine-63,16-01-2025 10:59,16-01-2025 11:34,Electrical Defect,Chuck Magnet,34.74258423
Line-15,Machine-63,27-01-2025 09:42,27-01-2025 10:23,Electrical Defect,Motor,41.58491516
Line-15,Machine-63,06-02-2025 12:35,06-02-2025 12:43,Electrical Defect,Servo Motor,7.834583282
Line-15,Machine-63,06-02-2025 13:47,06-02-2025 13:57,Electrical Defect,Servo Motor,9.959583282
Line-15,Machine-63,07-02-2025 12:02,07-02-2025 12:13,Electrical Defect,Work head unit,10.7521162
Line-15,Machine-63,07-02-2025 13:49,07-02-2025 14:18,Electrical Defect,Sensor Setting,29.09494972
Line-15,Machine-63,14-02-2025 06:10,14-02-2025 06:44,Electrical Defect,Sensor Setting,33.66469955
Line-15,Machine-63,02-04-2025 13:40,02-04-2025 13:54,Electrical Defect,Relay Contactor,13.30735016
Line-15,Machine-63,09-04-2025 06:00,09-04-2025 07:05,Electrical Defect,Sensor Setting,65.59584808
Line-15,Machine-63,20-04-2025 11:17,20-04-2025 14:12,Electrical Defect,Relay Contactor,174.5622101
Line-15,Machine-63,01-05-2025 11:17,01-05-2025 11:39,Electrical Defect,Relay Contactor,22.34950066
Line-15,Machine-63,17-12-2024 22:10,17-12-2024 22:38,Electrical Defect,Sensor Setting,27.72126579
Line-15,Machine-63,04-01-2025 20:43,04-01-2025 20:52,Electrical Defect,Wheel spindle,9.034000397
Line-15,Machine-63,11-02-2025 22:26,11-02-2025 22:32,Electrical Defect,Loose connection,5.508916855
Line-15,Machine-63,23-02-2025 17:28,23-02-2025 18:56,Electrical Defect,Servo Motor,88.03308105
Line-15,Machine-63,24-02-2025 19:26,24-02-2025 19:32,Electrical Defect,Intlet conveyor,6.448400021
Line-15,Machine-63,26-02-2025 17:22,26-02-2025 17:51,Electrical Defect,Transfer conveyor system,28.52135086
Line-15,Machine-63,26-02-2025 18:07,26-02-2025 18:25,Electrical Defect,Transfer conveyor system,18.46606636
Line-15,Machine-63,26-02-2025 18:35,26-02-2025 19:00,Electrical Defect,Transfer conveyor system,25.08510017
Line-15,Machine-63,02-04-2025 15:15,02-04-2025 15:20,Electrical Defect,Vibartory hopper,5.300899982
Line-15,Machine-63,12-11-2024 05:45,12-11-2024 06:00,Electrical Defect,Sensor Setting,14.91186714
Line-15,Machine-63,23-11-2024 04:02,23-11-2024 04:56,Electrical Defect,Demag unit,53.9198494
Line-15,Machine-63,14-12-2024 04:29,14-12-2024 04:45,Electrical Defect,Gauge head,16.22270012
Line-15,Machine-63,14-12-2024 04:59,14-12-2024 05:43,Electrical Defect,Gauge head,43.62251663
Line-15,Machine-63,18-12-2024 04:18,18-12-2024 04:23,Electrical Defect,Machine Control Panel,5.766633511
Line-15,Machine-63,18-12-2024 04:48,18-12-2024 05:40,Electrical Defect,Machine Control Panel,51.5463829
Line-15,Machine-63,09-04-2025 04:41,09-04-2025 06:00,Electrical Defect,Stone wear,78.51261902
Line-15,Machine-64,06-11-2024 12:15,06-11-2024 12:20,Electrical Defect,Stone wear,5.073766708
Line-15,Machine-64,07-11-2024 12:17,07-11-2024 12:37,Electrical Defect,Setting work,20.36910057
Line-15,Machine-64,16-12-2024 08:50,16-12-2024 09:16,Electrical Defect,Sensor Setting,26.40105057
Line-15,Machine-64,06-02-2025 13:57,06-02-2025 14:30,Electrical Defect,Servo Motor,32.61778259
Line-15,Machine-64,04-01-2025 19:39,04-01-2025 19:51,Electrical Defect,Wheel spindle,11.742733
Line-15,Machine-64,04-01-2025 20:55,04-01-2025 21:06,Electrical Defect,Wheel spindle,10.42608356
Line-15,Machine-64,06-02-2025 14:30,06-02-2025 14:39,Electrical Defect,Servo drive,8.931900024
Line-15,Machine-64,26-02-2025 19:00,26-02-2025 19:15,Electrical Defect,Transfer conveyor system,15.60586643
Line-15,Machine-64,10-03-2025 22:00,10-03-2025 23:00,Electrical Defect,Sensor Setting,59.28106689
Line-15,Machine-64,27-03-2025 18:18,27-03-2025 18:59,Electrical Defect,Rotary hopper,41.69508362
Line-15,Machine-64,11-02-2025 23:24,12-02-2025 00:14,Electrical Defect,Gauge head,49.81304932
Line-15,Machine-64,12-02-2025 01:48,12-02-2025 02:03,Electrical Defect,Gauge Amplifier,14.53540039
Line-15,Machine-64,04-04-2025 23:56,05-04-2025 00:01,Electrical Defect,Transfer conveyor system,5.028283119
Line-15,Machine-64,20-04-2025 05:24,20-04-2025 05:41,Electrical Defect,Machine Control Panel,16.89896584
Line-15,Machine-65,15-11-2024 11:32,15-11-2024 11:55,Electrical Defect,Machine Control Panel,22.88376617
Line-15,Machine-65,20-11-2024 10:51,20-11-2024 12:50,Electrical Defect,Relay Contactor,118.7495193
Line-15,Machine-65,20-11-2024 06:00,20-11-2024 07:11,Electrical Defect,Oscillation unit,70.37966919
Line-15,Machine-65,20-11-2024 12:59,20-11-2024 14:30,Electrical Defect,Oscillation unit,91.4528656
Line-15,Machine-65,12-12-2024 11:03,12-12-2024 12:22,Electrical Defect,Oscillation unit,78.83598328
Line-15,Machine-65,07-01-2025 13:24,07-01-2025 13:31,Electrical Defect,Sensor Setting,6.64956665
Line-15,Machine-65,07-01-2025 13:44,07-01-2025 13:53,Electrical Defect,Sensor Setting,8.928883553
Line-15,Machine-65,17-01-2025 11:17,17-01-2025 11:26,Electrical Defect,Transfer conveyor system,9.322683334
Line-15,Machine-65,18-01-2025 07:41,18-01-2025 08:20,Electrical Defect,Sensor Setting,39.67884827
Line-15,Machine-65,07-03-2025 07:21,07-03-2025 07:31,Electrical Defect,Sensor Setting,9.506732941
Line-15,Machine-65,17-03-2025 11:43,17-03-2025 12:47,Electrical Defect,Gauge Amplifier,63.40573502
Line-15,Machine-65,15-04-2025 13:07,15-04-2025 13:15,Electrical Defect,Relay Contactor,8.449850082
Line-15,Machine-65,15-04-2025 14:24,15-04-2025 14:29,Electrical Defect,Relay Contactor,5.019949913
Line-15,Machine-65,28-04-2025 09:17,28-04-2025 11:11,Electrical Defect,Dresser unit,114.503952
Line-15,Machine-65,12-11-2024 20:41,12-11-2024 20:53,Electrical Defect,Wheel spindle,11.96609974
Line-15,Machine-65,12-11-2024 21:17,12-11-2024 21:27,Electrical Defect,Wheel spindle,10.07933331
Line-15,Machine-65,14-11-2024 15:40,14-11-2024 17:13,Electrical Defect,Machine Control Panel,93.36524963
Line-15,Machine-65,18-11-2024 15:07,18-11-2024 15:34,Electrical Defect,Gauge head,27.07654953
Line-15,Machine-65,18-11-2024 16:32,18-11-2024 16:47,Electrical Defect,Gauge head,14.95631695
Line-15,Machine-65,20-11-2024 14:30,20-11-2024 15:31,Electrical Defect,Oscillation unit,60.44910049
Line-15,Machine-65,28-11-2024 20:46,28-11-2024 21:35,Electrical Defect,Intlet conveyor,48.70863342
Line-15,Machine-65,13-12-2024 19:41,13-12-2024 20:07,Electrical Defect,Relay Contactor,26.45849991
Line-15,Machine-65,26-12-2024 15:16,26-12-2024 15:44,Electrical Defect,Wheel spindle,27.35084915
Line-15,Machine-65,05-02-2025 17:12,05-02-2025 17:17,Electrical Defect,Wheel spindle,5.749933243
Line-15,Machine-65,16-03-2025 17:51,16-03-2025 18:04,Electrical Defect,PP Gauge UNIT,12.51014996
Line-15,Machine-65,16-03-2025 16:30,16-03-2025 16:36,Electrical Defect,Wheel spindle,5.846849918
Line-15,Machine-65,19-03-2025 15:30,19-03-2025 15:50,Electrical Defect,Gauge head,19.42788315
Line-15,Machine-65,31-03-2025 17:10,31-03-2025 17:23,Electrical Defect,Relay Contactor,12.42895031
Line-15,Machine-65,31-03-2025 16:49,31-03-2025 16:55,Electrical Defect,Panel A.C.,6.053983212
Line-15,Machine-65,12-04-2025 14:53,12-04-2025 15:01,Electrical Defect,Relay Contactor,7.741600037
Line-15,Machine-65,12-04-2025 15:03,12-04-2025 15:13,Electrical Defect,Relay Contactor,9.12318325
Line-15,Machine-65,12-04-2025 15:51,12-04-2025 15:58,Electrical Defect,Relay Contactor,6.604183197
Line-15,Machine-65,19-04-2025 19:47,19-04-2025 19:53,Electrical Defect,Dresser unit,6.365333557
Line-15,Machine-65,21-04-2025 16:45,21-04-2025 16:55,Electrical Defect,Sensor Setting,9.551917076
Line-15,Machine-65,04-11-2024 02:06,04-11-2024 02:12,Electrical Defect,Hand wheel Feed,5.124916553
Line-15,Machine-65,04-11-2024 02:27,04-11-2024 02:36,Electrical Defect,Hand wheel Feed,9.233566284
Line-15,Machine-65,18-11-2024 04:27,18-11-2024 04:40,Electrical Defect,Sensor Setting,13.055933
Line-15,Machine-65,18-11-2024 04:42,18-11-2024 04:49,Electrical Defect,Sensor Setting,7.234950066
Line-15,Machine-65,18-11-2024 05:47,18-11-2024 06:00,Electrical Defect,Sensor Setting,13.07141685
Line-15,Machine-65,20-11-2024 04:04,20-11-2024 06:00,Electrical Defect,Oscillation unit,116.4350357
Line-15,Machine-65,19-12-2024 23:13,19-12-2024 23:50,Electrical Defect,Intlet conveyor,36.78556824
Line-15,Machine-65,04-02-2025 00:26,04-02-2025 00:33,Electrical Defect,CNC power supply Module,7.144316673
Line-15,Machine-65,26-02-2025 01:13,26-02-2025 01:19,Electrical Defect,Wheel spindle,6.197700024
Line-15,Machine-65,26-02-2025 01:53,26-02-2025 02:01,Electrical Defect,Wheel spindle,7.612816811
Line-15,Machine-65,04-04-2025 23:17,04-04-2025 23:37,Electrical Defect,Traverse Unit,19.70578384
Line-5,Machine-66,12-11-2024 08:45,12-11-2024 09:01,Electrical Defect,PP Gauge UNIT,15.7981329
Line-5,Machine-66,13-11-2024 12:29,13-11-2024 12:55,Electrical Defect,PP Gauge UNIT,26.22108269
Line-5,Machine-66,17-11-2024 12:27,17-11-2024 12:47,Electrical Defect,PP Gauge UNIT,19.69911575
Line-5,Machine-66,18-11-2024 10:20,18-11-2024 12:58,Electrical Defect,Gauge head,158.5769196
Line-5,Machine-66,22-11-2024 13:30,22-11-2024 13:42,Electrical Defect,PP Gauge UNIT,12.0729332
Line-5,Machine-66,25-11-2024 06:00,25-11-2024 06:36,Electrical Defect,Relay Contactor,36.22911835
Line-5,Machine-66,06-12-2024 08:50,06-12-2024 08:56,Electrical Defect,Panel A.C.,5.798933506
Line-5,Machine-66,06-12-2024 10:36,06-12-2024 10:47,Electrical Defect,Panel A.C.,10.3512001
Line-5,Machine-66,12-12-2024 12:16,12-12-2024 12:42,Electrical Defect,Relay Contactor,25.74898338
Line-5,Machine-66,26-12-2024 06:00,26-12-2024 06:08,Electrical Defect,PP Gauge UNIT,8.153416634
Line-5,Machine-66,30-12-2024 06:00,30-12-2024 07:34,Electrical Defect,Sensor Setting,94.04904938
Line-5,Machine-66,16-01-2025 06:12,16-01-2025 06:29,Electrical Defect,PP Gauge UNIT,16.8020668
Line-5,Machine-66,18-01-2025 09:39,18-01-2025 09:48,Electrical Defect,PP Gauge UNIT,8.636199951
Line-5,Machine-66,07-02-2025 12:35,07-02-2025 12:48,Electrical Defect,PP Gauge UNIT,13.23680019
Line-5,Machine-66,06-03-2025 08:16,06-03-2025 08:54,Electrical Defect,Wheel spindle,38.00120163
Line-5,Machine-66,07-03-2025 09:08,07-03-2025 09:18,Electrical Defect,Overload Current,9.723732948
Line-5,Machine-66,11-03-2025 08:41,11-03-2025 09:04,Electrical Defect,Sensor Setting,22.75491714
Line-5,Machine-66,12-03-2025 09:05,12-03-2025 09:16,Electrical Defect,Wheel spindle,11.09503365
Line-5,Machine-66,17-03-2025 10:51,17-03-2025 10:56,Electrical Defect,PP Gauge UNIT,5.240816593
Line-5,Machine-66,17-03-2025 13:12,17-03-2025 13:18,Electrical Defect,PP Gauge UNIT,5.921466827
Line-5,Machine-66,20-03-2025 06:59,20-03-2025 07:08,Electrical Defect,PP Gauge UNIT,9.616883278
Line-5,Machine-66,21-03-2025 10:10,21-03-2025 10:19,Electrical Defect,Relay Contactor,8.517016411
Line-5,Machine-66,08-04-2025 11:48,08-04-2025 12:01,Electrical Defect,PP Gauge UNIT,12.91798306
Line-5,Machine-66,08-04-2025 13:32,08-04-2025 13:50,Electrical Defect,PP Gauge UNIT,17.70776749
Line-5,Machine-66,08-04-2025 13:58,08-04-2025 14:03,Electrical Defect,PP Gauge UNIT,5.023883343
Line-5,Machine-66,14-04-2025 11:29,14-04-2025 11:37,Electrical Defect,PP Gauge UNIT,7.56831646
Line-5,Machine-66,28-04-2025 06:00,28-04-2025 06:13,Electrical Defect,PP Gauge UNIT,13.25523376
Line-5,Machine-66,30-04-2025 08:22,30-04-2025 08:31,Electrical Defect,PP Gauge UNIT,9.101266861
Line-5,Machine-66,30-04-2025 09:54,30-04-2025 10:02,Electrical Defect,PP Gauge UNIT,7.85561657
Line-5,Machine-66,30-04-2025 11:21,30-04-2025 11:27,Electrical Defect,PP Gauge UNIT,6.438316822
Line-5,Machine-66,06-11-2024 16:32,06-11-2024 16:41,Electrical Defect,PP Gauge UNIT,8.320300102
Line-5,Machine-66,06-11-2024 17:16,06-11-2024 17:36,Electrical Defect,PP Gauge UNIT,19.7760334
Line-5,Machine-66,16-11-2024 17:27,16-11-2024 18:18,Electrical Defect,Dresser unit,51.34236526
Line-5,Machine-66,02-12-2024 19:55,02-12-2024 20:36,Electrical Defect,Relay Contactor,41.78229904
Line-5,Machine-66,05-12-2024 16:20,05-12-2024 16:25,Electrical Defect,PP Gauge UNIT,5.417200089
Line-5,Machine-66,08-12-2024 22:12,08-12-2024 22:18,Electrical Defect,PP Gauge UNIT,6.213216782
Line-5,Machine-66,30-01-2025 14:41,30-01-2025 14:49,Electrical Defect,PP Gauge UNIT,8.630617142
Line-5,Machine-66,13-03-2025 14:55,13-03-2025 15:00,Electrical Defect,PP Gauge UNIT,5.460450172
Line-5,Machine-66,31-03-2025 18:13,31-03-2025 18:20,Electrical Defect,PP Gauge UNIT,6.766216755
Line-5,Machine-66,31-03-2025 18:23,31-03-2025 18:30,Electrical Defect,PP Gauge UNIT,6.382833481
Line-5,Machine-66,01-04-2025 15:18,01-04-2025 15:26,Electrical Defect,PP Gauge UNIT,7.91568327
Line-5,Machine-66,23-04-2025 22:08,23-04-2025 22:19,Electrical Defect,PP Gauge UNIT,10.57548332
Line-5,Machine-66,29-04-2025 21:29,29-04-2025 21:42,Electrical Defect,Relay Contactor,13.09736633
Line-5,Machine-66,29-04-2025 17:52,29-04-2025 18:00,Electrical Defect,Dresser unit,7.3916502
Line-5,Machine-66,29-04-2025 19:25,29-04-2025 19:33,Electrical Defect,Dresser unit,7.999966621
Line-5,Machine-66,19-11-2024 04:06,19-11-2024 04:15,Electrical Defect,PP Gauge UNIT,8.470666885
Line-5,Machine-66,24-11-2024 01:52,24-11-2024 02:03,Electrical Defect,Sensor Setting,11.29441643
Line-5,Machine-66,24-11-2024 23:53,25-11-2024 04:59,Electrical Defect,Relay Contactor,305.827301
Line-5,Machine-66,10-12-2024 02:35,10-12-2024 02:41,Electrical Defect,PP Gauge UNIT,5.757916451
Line-5,Machine-66,13-12-2024 05:53,13-12-2024 05:58,Electrical Defect,PP Gauge UNIT,5.140250206
Line-5,Machine-66,29-12-2024 00:26,29-12-2024 00:35,Electrical Defect,Sensor Setting,8.620100021
Line-5,Machine-66,29-12-2024 03:02,29-12-2024 03:24,Electrical Defect,Sensor Setting,21.93231583
Line-5,Machine-66,16-01-2025 03:02,16-01-2025 03:09,Electrical Defect,PP Gauge UNIT,7.138833523
Line-5,Machine-66,10-02-2025 23:37,10-02-2025 23:44,Electrical Defect,PP Gauge UNIT,7.426866531
Line-5,Machine-66,13-03-2025 04:11,13-03-2025 04:17,Electrical Defect,PP Gauge UNIT,6.271949768
Line-5,Machine-66,12-03-2025 23:05,12-03-2025 23:32,Electrical Defect,Wheel spindle,27.12919998
Line-5,Machine-66,26-03-2025 23:55,27-03-2025 00:02,Electrical Defect,PP Gauge UNIT,7.901899815
Line-5,Machine-66,13-04-2025 23:56,14-04-2025 00:04,Electrical Defect,PP Gauge UNIT,7.52426672
Line-5,Machine-66,14-04-2025 04:08,14-04-2025 04:19,Electrical Defect,PP Gauge UNIT,10.57423306
Line-5,Machine-66,15-04-2025 23:00,15-04-2025 23:19,Electrical Defect,PP Gauge UNIT,19.10721588
Line-5,Machine-66,17-04-2025 02:44,17-04-2025 02:49,Electrical Defect,PP Gauge UNIT,5.162749767
Line-16,Machine-67,25-12-2024 13:40,25-12-2024 13:56,Electrical Defect,Sensor Setting,16.16446686
Line-16,Machine-67,25-12-2024 14:03,25-12-2024 14:30,Electrical Defect,Sensor Setting,26.54696655
Line-16,Machine-67,03-01-2025 08:05,03-01-2025 08:17,Electrical Defect,Relay Contactor,11.72838306
Line-16,Machine-67,03-01-2025 06:25,03-01-2025 06:42,Electrical Defect,Rotary Table,17.01756668
Line-16,Machine-67,04-01-2025 08:34,04-01-2025 08:45,Electrical Defect,Short Index system,11.01383305
Line-16,Machine-67,04-01-2025 09:40,04-01-2025 09:50,Electrical Defect,Short Index system,10.08238316
Line-16,Machine-67,04-01-2025 10:49,04-01-2025 11:04,Electrical Defect,Short Index system,14.92001629
Line-16,Machine-67,06-01-2025 08:14,06-01-2025 08:19,Electrical Defect,Sensor Setting,5.079400063
Line-16,Machine-67,23-01-2025 12:29,23-01-2025 12:45,Electrical Defect,Gauge head,15.51128292
Line-16,Machine-67,23-01-2025 12:53,23-01-2025 13:05,Electrical Defect,Gauge head,12.62619972
Line-16,Machine-67,24-01-2025 06:00,24-01-2025 06:44,Electrical Defect,Relay Contactor,44.26195145
Line-16,Machine-67,05-02-2025 12:34,05-02-2025 13:40,Electrical Defect,Sensor Setting,65.74893188
Line-16,Machine-67,04-03-2025 06:02,04-03-2025 06:39,Electrical Defect,Gauge Amplifier,36.60178375
Line-16,Machine-67,04-03-2025 07:07,04-03-2025 07:51,Electrical Defect,Gauge Amplifier,44.14566803
Line-16,Machine-67,04-03-2025 10:02,04-03-2025 10:33,Electrical Defect,Gauge Amplifier,31.30173302
Line-16,Machine-67,04-03-2025 11:22,04-03-2025 11:29,Electrical Defect,Gauge Amplifier,6.614449978
Line-16,Machine-67,24-03-2025 13:59,24-03-2025 14:30,Electrical Defect,Relay Contactor,30.26066589
Line-16,Machine-67,25-03-2025 07:02,25-03-2025 09:01,Electrical Defect,Gauge Amplifier,118.6585999
Line-16,Machine-67,26-03-2025 13:26,26-03-2025 13:39,Electrical Defect,Gauge head,13.29726696
Line-16,Machine-67,25-04-2025 13:13,25-04-2025 13:23,Electrical Defect,Sensor Setting,10.05813313
Line-16,Machine-67,11-12-2024 22:10,11-12-2024 23:00,Electrical Defect,Intlet conveyor,49.895401
Line-16,Machine-67,06-01-2025 17:21,06-01-2025 17:43,Electrical Defect,Sensor Setting,21.56694984
Line-16,Machine-67,06-01-2025 18:21,06-01-2025 18:38,Electrical Defect,Sensor Setting,16.36750031
Line-16,Machine-67,09-01-2025 17:56,09-01-2025 19:06,Electrical Defect,Sensor Setting,69.90896606
Line-16,Machine-67,09-01-2025 20:06,09-01-2025 20:37,Electrical Defect,Sensor Setting,30.87581635
Line-16,Machine-67,09-01-2025 20:48,09-01-2025 21:22,Electrical Defect,Sensor Setting,33.78818512
Line-16,Machine-67,16-01-2025 19:40,16-01-2025 20:23,Electrical Defect,Sensor Setting,42.29903412
Line-16,Machine-67,28-01-2025 22:27,28-01-2025 22:34,Electrical Defect,Gauge unit,6.53006649
Line-16,Machine-67,13-04-2025 15:33,13-04-2025 16:12,Electrical Defect,Sensor Setting,39.28314972
Line-16,Machine-67,19-04-2025 19:14,19-04-2025 19:25,Electrical Defect,Sensor Setting,10.7464838
Line-16,Machine-67,15-11-2024 02:25,15-11-2024 03:37,Electrical Defect,Relay Contactor,72.43724823
Line-16,Machine-67,10-12-2024 00:24,10-12-2024 00:32,Electrical Defect,Cylinder malfunction,8.699199677
Line-16,Machine-67,10-12-2024 00:33,10-12-2024 00:43,Electrical Defect,Cylinder malfunction,9.855699539
Line-16,Machine-67,11-12-2024 02:19,11-12-2024 02:42,Electrical Defect,Sensor Setting,23.04436684
Line-16,Machine-67,03-01-2025 23:00,03-01-2025 23:33,Electrical Defect,Machine Control Panel,33.1091156
Line-16,Machine-67,11-01-2025 01:13,11-01-2025 02:11,Electrical Defect,Gauge unit,57.65998459
Line-16,Machine-67,24-01-2025 05:29,24-01-2025 06:00,Electrical Defect,Sensor Setting,30.48114967
Line-16,Machine-67,15-02-2025 04:18,15-02-2025 04:47,Electrical Defect,Sensor Setting,28.81085014
Line-16,Machine-67,04-03-2025 05:03,04-03-2025 05:08,Electrical Defect,Gauge Amplifier,5.78494978
Line-16,Machine-67,27-03-2025 02:10,27-03-2025 03:49,Electrical Defect,Stone holder,99.27857971
Line-16,Machine-67,04-04-2025 05:05,04-04-2025 05:26,Electrical Defect,Sensor Setting,21.30405045
Line-16,Machine-68,23-11-2024 11:07,23-11-2024 14:18,Electrical Defect,Motor Change,191.0796814
Line-16,Machine-68,07-01-2025 12:25,07-01-2025 12:52,Electrical Defect,Sensor Setting,27.67070007
Line-16,Machine-68,04-03-2025 08:56,04-03-2025 09:11,Electrical Defect,Gauge Amplifier,15.32579994
Line-16,Machine-68,08-04-2025 09:03,08-04-2025 09:14,Electrical Defect,Chuck Magnet,10.80480003
Line-16,Machine-68,09-12-2024 20:59,09-12-2024 21:29,Electrical Defect,Cylinder malfunction,30.17461586
Line-16,Machine-68,09-12-2024 21:46,09-12-2024 21:56,Electrical Defect,Cylinder malfunction,10.88568306
Line-16,Machine-68,09-12-2024 22:09,09-12-2024 23:00,Electrical Defect,Cylinder malfunction,50.14881516
Line-16,Machine-68,06-01-2025 17:16,06-01-2025 17:21,Electrical Defect,Sensor Setting,5.700016499
Line-16,Machine-68,06-01-2025 17:54,06-01-2025 18:00,Electrical Defect,Sensor Setting,5.810050011
Line-16,Machine-68,06-01-2025 18:04,06-01-2025 18:21,Electrical Defect,Sensor Setting,17.39951706
Line-16,Machine-68,14-02-2025 17:48,14-02-2025 18:00,Electrical Defect,Sensor Setting,12.84596634
Line-16,Machine-68,19-04-2025 19:38,19-04-2025 20:09,Electrical Defect,Relay Contactor,30.70249939
Line-16,Machine-68,28-04-2025 15:56,28-04-2025 16:11,Electrical Defect,Sensor Setting,14.6145668
Line-16,Machine-68,01-12-2024 01:13,01-12-2024 01:37,Electrical Defect,Dresser unit,24.34185028
Line-16,Machine-68,09-12-2024 23:00,10-12-2024 00:24,Electrical Defect,Cylinder malfunction,84.04585266
Line-16,Machine-68,10-12-2024 00:43,10-12-2024 01:20,Electrical Defect,Cylinder malfunction,37.08758163
Line-16,Machine-68,05-01-2025 05:16,05-01-2025 06:00,Electrical Defect,Sensor Setting,43.51463318
Line-16,Machine-68,15-02-2025 04:58,15-02-2025 05:04,Electrical Defect,SF Unit,6.529166698
Line-16,Machine-68,04-03-2025 05:08,04-03-2025 06:00,Electrical Defect,Gauge Amplifier,51.13935089
Line-16,Machine-69,25-12-2024 13:17,25-12-2024 13:28,Electrical Defect,Sensor Setting,11.49633312
Line-16,Machine-69,25-12-2024 13:30,25-12-2024 13:40,Electrical Defect,Sensor Setting,9.945366859
Line-16,Machine-69,06-01-2025 09:55,06-01-2025 10:08,Electrical Defect,Sensor Setting,13.25561714
Line-16,Machine-69,08-01-2025 07:14,08-01-2025 08:26,Electrical Defect,Sensor Setting,71.29180145
Line-16,Machine-69,23-01-2025 12:45,23-01-2025 12:53,Electrical Defect,Gauge head,8.185783386
Line-16,Machine-69,23-01-2025 13:05,23-01-2025 13:15,Electrical Defect,Gauge head,9.712816238
Line-16,Machine-69,17-12-2024 18:30,17-12-2024 19:12,Electrical Defect,Transfer conveyor system,42.44675064
Line-16,Machine-69,17-01-2025 17:48,17-01-2025 18:10,Electrical Defect,Sensor Setting,22.69553375
Line-16,Machine-69,21-01-2025 20:28,21-01-2025 21:03,Electrical Defect,Sensor Setting,34.91503143
Line-16,Machine-69,01-02-2025 19:34,01-02-2025 20:03,Electrical Defect,Machine Control Panel,29.22839928
Line-16,Machine-69,05-03-2025 21:33,05-03-2025 21:51,Electrical Defect,Sensor Setting,17.94275093
Line-16,Machine-69,17-03-2025 15:51,17-03-2025 16:00,Electrical Defect,Sensor Setting,9.231033325
Line-16,Machine-69,29-12-2024 01:43,29-12-2024 04:06,Electrical Defect,Sensor Setting,143.3057098
Line-16,Machine-69,15-02-2025 05:11,15-02-2025 05:27,Electrical Defect,SF Unit,15.9388504
Line-16,Machine-70,08-01-2025 08:37,08-01-2025 08:49,Electrical Defect,Sensor Setting,11.49758339
Line-16,Machine-70,05-02-2025 14:08,05-02-2025 14:30,Electrical Defect,Relay Contactor,21.93811607
Line-16,Machine-70,30-04-2025 08:45,30-04-2025 09:13,Electrical Defect,Indexing unit,27.18556595
Line-16,Machine-70,15-11-2024 21:39,15-11-2024 21:56,Electrical Defect,Intlet conveyor,17.50881577
Line-16,Machine-70,24-11-2024 18:11,24-11-2024 20:43,Electrical Defect,Work head slide,152.1346893
Line-16,Machine-70,09-01-2025 21:22,09-01-2025 22:00,Electrical Defect,Gauge head,37.55488205
Line-16,Machine-70,16-01-2025 19:09,16-01-2025 19:40,Electrical Defect,Sensor Setting,31.50419998
Line-16,Machine-70,05-02-2025 14:30,05-02-2025 14:38,Electrical Defect,Overload Current,8.22306633
Line-16,Machine-70,24-04-2025 15:59,24-04-2025 16:24,Electrical Defect,Sensor Setting,24.87508392
Line-16,Machine-70,24-04-2025 16:40,24-04-2025 17:32,Electrical Defect,Sensor Setting,51.72783279
Line-16,Machine-70,28-04-2025 15:00,28-04-2025 15:41,Electrical Defect,Sensor Setting,40.92935181
Line-16,Machine-70,30-04-2025 16:02,30-04-2025 16:19,Electrical Defect,Overload Current,16.57278252
Line-16,Machine-70,21-01-2025 03:36,21-01-2025 03:47,Electrical Defect,Relay Contactor,10.36303329
Line-16,Machine-70,19-03-2025 01:55,19-03-2025 03:30,Electrical Defect,Relay Contactor,95.80751801
Line-16,Machine-71,06-01-2025 06:00,06-01-2025 06:27,Electrical Defect,Sensor Setting,27
Line-16,Machine-71,17-01-2025 10:00,17-01-2025 12:00,Electrical Defect,Gauge head,119.994133
Line-16,Machine-71,20-01-2025 10:00,20-01-2025 13:24,Electrical Defect,Servo Motor,204.8669739
Line-16,Machine-71,16-03-2025 08:50,16-03-2025 09:10,Electrical Defect,Gauge head,20.0067997
Line-16,Machine-71,22-04-2025 06:00,22-04-2025 08:07,Electrical Defect,Indexing unit,127.9642334
Line-16,Machine-71,29-04-2025 07:00,29-04-2025 07:30,Electrical Defect,Gauge Amplifier,30.00613403
Line-16,Machine-71,07-02-2025 18:00,07-02-2025 20:30,Electrical Defect,Chuck Magnet,150.1998901
Line-16,Machine-71,07-02-2025 04:00,07-02-2025 04:20,Electrical Defect,Sensor Setting,20
Line-16,Machine-71,14-04-2025 04:02,14-04-2025 04:47,Electrical Defect,Chuck Magnet,44.99760056
Line-16,Machine-71,22-04-2025 04:14,22-04-2025 06:00,Electrical Defect,Relay Contactor,106.194519
Line-16,Machine-72,10-01-2025 07:57,10-01-2025 09:00,Electrical Defect,Sensor Setting,63
Line-16,Machine-72,21-02-2025 09:00,21-02-2025 09:20,Electrical Defect,Relay Contactor,20
Line-16,Machine-72,21-02-2025 12:30,21-02-2025 13:30,Electrical Defect,Sensor Setting,60
Line-16,Machine-72,17-03-2025 06:33,17-03-2025 07:07,Electrical Defect,Sensor Setting,34.00799942
Line-16,Machine-72,23-04-2025 09:00,23-04-2025 09:15,Electrical Defect,Sensor Setting,15.01204967
Line-16,Machine-72,15-01-2025 20:49,15-01-2025 21:04,Electrical Defect,Sensor Setting,14.98600006
Line-16,Machine-72,21-02-2025 14:30,21-02-2025 14:56,Electrical Defect,Sensor Setting,26.00786591
Line-16,Machine-72,08-01-2025 02:20,08-01-2025 03:00,Electrical Defect,Sensor Setting,40.00331497
Line-16,Machine-72,05-02-2025 01:22,05-02-2025 01:39,Electrical Defect,Angle Adjustment Unit,17
Line-16,Machine-72,25-02-2025 03:30,25-02-2025 03:50,Electrical Defect,Traverse Unit,20.00011635
Line-16,Machine-72,04-04-2025 03:30,04-04-2025 04:00,Electrical Defect,Sensor Setting,30.00773239
Line-1,Machine-73,05-11-2024 08:40,05-11-2024 08:46,Electrical Defect,PP Gauge UNIT,6.138016701
Line-1,Machine-73,05-11-2024 09:41,05-11-2024 09:49,Electrical Defect,PP Gauge UNIT,7.838699818
Line-1,Machine-73,06-11-2024 06:35,06-11-2024 06:42,Electrical Defect,PP Gauge UNIT,6.826116562
Line-1,Machine-73,07-11-2024 07:02,07-11-2024 07:08,Electrical Defect,PP Gauge UNIT,5.385333538
Line-1,Machine-73,09-11-2024 09:04,09-11-2024 09:12,Electrical Defect,PP Gauge UNIT,8.478533745
Line-1,Machine-73,21-11-2024 08:01,21-11-2024 08:55,Electrical Defect,PP Gauge UNIT,53.86526489
Line-1,Machine-73,21-11-2024 09:21,21-11-2024 09:32,Electrical Defect,PP Gauge UNIT,11.14430046
Line-1,Machine-73,28-11-2024 07:29,28-11-2024 07:39,Electrical Defect,PP Gauge UNIT,9.91293335
Line-1,Machine-73,28-11-2024 09:51,28-11-2024 10:10,Electrical Defect,PP Gauge UNIT,18.36781693
Line-1,Machine-73,17-12-2024 11:08,17-12-2024 11:14,Electrical Defect,PP Gauge UNIT,5.707900047
Line-1,Machine-73,22-12-2024 06:00,22-12-2024 06:08,Electrical Defect,PP Gauge UNIT,8.117366791
Line-1,Machine-73,06-01-2025 06:05,06-01-2025 06:23,Electrical Defect,PP Gauge UNIT,17.49271584
Line-1,Machine-73,06-01-2025 09:33,06-01-2025 09:50,Electrical Defect,PP Gauge UNIT,17.42539978
Line-1,Machine-73,08-01-2025 08:46,08-01-2025 08:53,Electrical Defect,PP Gauge UNIT,7.379666805
Line-1,Machine-73,10-01-2025 10:18,10-01-2025 10:28,Electrical Defect,PP Gauge UNIT,9.269499779
Line-1,Machine-73,17-01-2025 06:27,17-01-2025 06:32,Electrical Defect,PP Gauge UNIT,5.368366718
Line-1,Machine-73,21-01-2025 06:48,21-01-2025 06:55,Electrical Defect,PP Gauge UNIT,6.436233521
Line-1,Machine-73,29-01-2025 13:41,29-01-2025 13:47,Electrical Defect,PP Gauge UNIT,5.508600235
Line-1,Machine-73,06-02-2025 06:00,06-02-2025 06:15,Electrical Defect,PP Gauge UNIT,15.05758381
Line-1,Machine-73,14-02-2025 14:10,14-02-2025 14:20,Electrical Defect,PP Gauge UNIT,9.452567101
Line-1,Machine-73,07-03-2025 08:22,07-03-2025 08:41,Electrical Defect,PP Gauge UNIT,19.1460495
Line-1,Machine-73,10-03-2025 06:52,10-03-2025 06:58,Electrical Defect,Chuck Magnet,5.804866791
Line-1,Machine-73,21-03-2025 11:28,21-03-2025 11:36,Electrical Defect,PP Gauge UNIT,8.020317078
Line-1,Machine-73,26-03-2025 11:26,26-03-2025 11:32,Electrical Defect,Gauge head,5.715983391
Line-1,Machine-73,31-03-2025 10:22,31-03-2025 10:31,Electrical Defect,PP Gauge UNIT,9.150549889
Line-1,Machine-73,02-04-2025 07:23,02-04-2025 07:30,Electrical Defect,Relay Contactor,7.7333498
Line-1,Machine-73,02-04-2025 07:52,02-04-2025 08:10,Electrical Defect,Relay Contactor,18.35481644
Line-1,Machine-73,04-04-2025 11:48,04-04-2025 11:56,Electrical Defect,PP Gauge UNIT,7.482666492
Line-1,Machine-73,07-04-2025 09:05,07-04-2025 09:12,Electrical Defect,PP Gauge UNIT,7.72448349
Line-1,Machine-73,07-04-2025 11:42,07-04-2025 11:51,Electrical Defect,PP Gauge UNIT,8.616649628
Line-1,Machine-73,11-04-2025 13:03,11-04-2025 13:35,Electrical Defect,PP Gauge UNIT,31.71573257
Line-1,Machine-73,19-04-2025 10:37,19-04-2025 10:56,Electrical Defect,PP Gauge UNIT,19.44968414
Line-1,Machine-73,13-11-2024 16:22,13-11-2024 16:36,Electrical Defect,Gauge head,14.11723328
Line-1,Machine-73,13-11-2024 16:57,13-11-2024 17:03,Electrical Defect,Gauge head,6.11071682
Line-1,Machine-73,16-11-2024 18:05,16-11-2024 18:10,Electrical Defect,PP Gauge UNIT,5.030733109
Line-1,Machine-73,16-11-2024 18:12,16-11-2024 18:55,Electrical Defect,PP Gauge UNIT,43.05108261
Line-1,Machine-73,21-11-2024 18:58,21-11-2024 19:06,Electrical Defect,PP Gauge UNIT,8.15161705
Line-1,Machine-73,23-11-2024 14:30,23-11-2024 14:40,Electrical Defect,Relay Contactor,9.412516594
Line-1,Machine-73,02-12-2024 17:50,02-12-2024 18:08,Electrical Defect,PP Gauge UNIT,17.69216728
Line-1,Machine-73,05-12-2024 22:13,05-12-2024 22:24,Electrical Defect,PP Gauge UNIT,10.76970005
Line-1,Machine-73,05-12-2024 22:52,05-12-2024 23:00,Electrical Defect,PP Gauge UNIT,7.861949921
Line-1,Machine-73,07-12-2024 19:34,07-12-2024 21:38,Electrical Defect,Relay Contactor,123.5503998
Line-1,Machine-73,07-12-2024 19:29,07-12-2024 19:34,Electrical Defect,PP Gauge UNIT,5.134483337
Line-1,Machine-73,11-12-2024 15:53,11-12-2024 16:06,Electrical Defect,PP Gauge UNIT,12.58755016
Line-1,Machine-73,11-12-2024 19:52,11-12-2024 20:01,Electrical Defect,PP Gauge UNIT,9.731616974
Line-1,Machine-73,12-12-2024 21:01,12-12-2024 21:10,Electrical Defect,PP Gauge UNIT,8.773866653
Line-1,Machine-73,04-01-2025 17:05,04-01-2025 17:11,Electrical Defect,PP Gauge UNIT,6.442949772
Line-1,Machine-73,13-01-2025 17:38,13-01-2025 18:16,Electrical Defect,Chuck Magnet,38.14413452
Line-1,Machine-73,20-01-2025 14:37,20-01-2025 14:54,Electrical Defect,Gauge Amplifier,17.69589996
Line-1,Machine-73,21-01-2025 17:42,21-01-2025 17:48,Electrical Defect,PP Gauge UNIT,6.127283096
Line-1,Machine-73,21-01-2025 19:31,21-01-2025 19:38,Electrical Defect,PP Gauge UNIT,6.934883118
Line-1,Machine-73,21-01-2025 19:41,21-01-2025 19:54,Electrical Defect,PP Gauge UNIT,13.16898346
Line-1,Machine-73,21-01-2025 19:57,21-01-2025 20:04,Electrical Defect,PP Gauge UNIT,6.677400112
Line-1,Machine-73,05-02-2025 22:12,05-02-2025 23:00,Electrical Defect,Gauge head,47.49760056
Line-1,Machine-73,11-02-2025 14:58,11-02-2025 15:05,Electrical Defect,PP Gauge UNIT,6.843666553
Line-1,Machine-73,15-02-2025 21:07,15-02-2025 21:22,Electrical Defect,PP Gauge UNIT,15.20965004
Line-1,Machine-73,05-03-2025 18:38,05-03-2025 18:43,Electrical Defect,PP Gauge UNIT,5.651000023
Line-1,Machine-73,07-03-2025 18:03,07-03-2025 18:11,Electrical Defect,PP Gauge UNIT,8.146316528
Line-1,Machine-73,12-03-2025 14:30,12-03-2025 23:00,Electrical Defect,Relay Contactor,509.9576111
Line-1,Machine-73,27-03-2025 19:47,27-03-2025 19:53,Electrical Defect,Relay Contactor,5.718500137
Line-1,Machine-73,05-04-2025 18:51,05-04-2025 18:58,Electrical Defect,PP Gauge UNIT,7.235966682
Line-1,Machine-73,11-04-2025 19:30,11-04-2025 19:47,Electrical Defect,PP Gauge UNIT,16.95091629
Line-1,Machine-73,13-04-2025 14:45,13-04-2025 14:53,Electrical Defect,PP Gauge UNIT,7.700716496
Line-1,Machine-73,15-04-2025 20:03,15-04-2025 20:09,Electrical Defect,PP Gauge UNIT,5.815983295
Line-1,Machine-73,25-04-2025 17:10,25-04-2025 18:02,Electrical Defect,Relay Contactor,51.79524994
Line-1,Machine-73,26-04-2025 19:14,26-04-2025 19:23,Electrical Defect,PP Gauge UNIT,9.328216553
Line-1,Machine-73,01-12-2024 05:29,01-12-2024 06:00,Electrical Defect,Gauge head,31.77544975
Line-1,Machine-73,05-12-2024 05:06,05-12-2024 05:14,Electrical Defect,PP Gauge UNIT,7.384449959
Line-1,Machine-73,05-12-2024 23:00,05-12-2024 23:29,Electrical Defect,PP Gauge UNIT,29.59654999
Line-1,Machine-73,06-02-2025 01:07,06-02-2025 01:12,Electrical Defect,PP Gauge UNIT,5.183683395
Line-1,Machine-73,06-02-2025 02:55,06-02-2025 03:00,Electrical Defect,PP Gauge UNIT,5.021699905
Line-1,Machine-73,09-02-2025 02:53,09-02-2025 03:00,Electrical Defect,Relay Contactor,6.265533447
Line-1,Machine-73,09-02-2025 00:05,09-02-2025 00:10,Electrical Defect,PP Gauge UNIT,5.189683437
Line-1,Machine-73,26-02-2025 03:14,26-02-2025 03:38,Electrical Defect,Hand wheel Feed,24.39683342
Line-1,Machine-73,25-02-2025 23:53,26-02-2025 00:03,Electrical Defect,PP Gauge UNIT,10.05168343
Line-1,Machine-73,26-02-2025 03:42,26-02-2025 04:03,Electrical Defect,Work head unit,21.03216743
Line-1,Machine-73,20-03-2025 00:02,20-03-2025 00:07,Electrical Defect,PP Gauge UNIT,5.158883572
Line-1,Machine-73,09-04-2025 05:03,09-04-2025 05:13,Electrical Defect,PP Gauge UNIT,9.950866699
Line-1,Machine-73,21-04-2025 02:08,21-04-2025 02:14,Electrical Defect,Chuck Magnet,5.713783264
Line-1,Machine-73,23-04-2025 23:55,24-04-2025 00:02,Electrical Defect,Relay Contactor,6.592583179
Line-1,Machine-73,24-04-2025 03:22,24-04-2025 06:00,Electrical Defect,Servo drive,157.5063934
Line-1,Machine-73,25-04-2025 23:08,25-04-2025 23:24,Electrical Defect,PP Gauge UNIT,16.44351578
Line-1,Machine-73,02-05-2025 02:59,02-05-2025 03:11,Electrical Defect,Relay Contactor,12.01368332
Line-1,Machine-73,02-05-2025 03:16,02-05-2025 03:24,Electrical Defect,Relay Contactor,8.312932968
Line-15,Machine-74,09-01-2025 12:20,09-01-2025 12:26,Electrical Defect,Gauge Amplifier,5.539666653
Line-15,Machine-74,16-01-2025 09:13,16-01-2025 10:59,Electrical Defect,Chuck Magnet,106.1183167
Line-15,Machine-74,27-01-2025 06:13,27-01-2025 06:38,Electrical Defect,Relay Contactor,25.35725021
Line-15,Machine-74,28-01-2025 07:16,28-01-2025 07:22,Electrical Defect,Relay Contactor,5.840300083
Line-15,Machine-74,06-02-2025 12:43,06-02-2025 12:55,Electrical Defect,Servo Motor,12.11458302
Line-15,Machine-74,07-02-2025 12:15,07-02-2025 12:36,Electrical Defect,Work head unit,21.13161659
Line-15,Machine-74,14-02-2025 06:00,14-02-2025 06:08,Electrical Defect,Sensor Setting,7.929049969
Line-15,Machine-74,14-02-2025 07:34,14-02-2025 07:41,Electrical Defect,Sensor Setting,7.725049973
Line-15,Machine-74,14-02-2025 13:33,14-02-2025 13:38,Electrical Defect,Sensor Setting,5.117266655
Line-15,Machine-74,15-02-2025 06:00,15-02-2025 06:05,Electrical Defect,Sensor Setting,5.853383541
Line-15,Machine-74,15-02-2025 06:24,15-02-2025 06:30,Electrical Defect,Sensor Setting,5.865633488
Line-15,Machine-74,15-02-2025 07:25,15-02-2025 07:33,Electrical Defect,Sensor Setting,7.390616894
Line-15,Machine-74,15-02-2025 12:35,15-02-2025 12:42,Electrical Defect,Sensor Setting,7.200483322
Line-15,Machine-74,04-03-2025 13:16,04-03-2025 13:32,Electrical Defect,Oscillation unit,15.69775009
Line-15,Machine-74,04-03-2025 13:34,04-03-2025 13:57,Electrical Defect,Oscillation unit,22.9993
Line-15,Machine-74,20-04-2025 10:50,20-04-2025 11:17,Electrical Defect,Relay Contactor,27.07298279
Line-15,Machine-74,11-12-2024 21:32,11-12-2024 21:47,Electrical Defect,Gauge head,14.71714973
Line-15,Machine-74,11-12-2024 21:24,11-12-2024 21:29,Electrical Defect,Gauge unit,5.250133514
Line-15,Machine-74,17-12-2024 15:30,17-12-2024 15:40,Electrical Defect,Gauge unit,9.556400299
Line-15,Machine-74,06-02-2025 14:39,06-02-2025 15:04,Electrical Defect,Servo drive,25.26774979
Line-15,Machine-74,11-02-2025 20:01,11-02-2025 20:55,Electrical Defect,Overload Current,53.36059952
Line-15,Machine-74,11-02-2025 22:45,11-02-2025 22:58,Electrical Defect,Loose connection,12.92336655
Line-15,Machine-74,12-02-2025 19:36,12-02-2025 19:49,Electrical Defect,Gauge Amplifier,12.53838348
Line-15,Machine-74,12-02-2025 21:34,12-02-2025 21:43,Electrical Defect,Gauge Amplifier,9.500300407
Line-15,Machine-74,23-02-2025 17:17,23-02-2025 17:28,Electrical Defect,Servo Motor,11.47233295
Line-15,Machine-74,24-02-2025 19:32,24-02-2025 19:40,Electrical Defect,Intlet conveyor,7.450300217
Line-15,Machine-74,27-03-2025 18:59,27-03-2025 19:14,Electrical Defect,Relay Contactor,15.09271622
Line-15,Machine-74,05-04-2025 16:42,05-04-2025 17:19,Electrical Defect,Hand wheel Feed,36.51233292
Line-15,Machine-74,17-11-2024 02:25,17-11-2024 02:38,Electrical Defect,Hand wheel Feed,13.57946682
Line-15,Machine-74,14-12-2024 04:47,14-12-2024 04:56,Electrical Defect,Gauge head,9.505167007
Line-15,Machine-74,16-12-2024 03:38,16-12-2024 04:23,Electrical Defect,PLC power supply Module,45.63526535
Line-15,Machine-74,18-12-2024 03:30,18-12-2024 03:47,Electrical Defect,Machine Control Panel,16.5883007
Line-15,Machine-74,18-12-2024 04:38,18-12-2024 04:48,Electrical Defect,Machine Control Panel,9.834282875
Line-15,Machine-74,12-02-2025 01:29,12-02-2025 01:41,Electrical Defect,Gauge Amplifier,11.69956684
Line-15,Machine-74,24-02-2025 23:21,24-02-2025 23:28,Electrical Defect,Hand wheel Feed,7.344349861
Line-15,Machine-74,24-02-2025 23:33,24-02-2025 23:41,Electrical Defect,Hand wheel Feed,7.857533455
Line-15,Machine-74,13-03-2025 23:25,13-03-2025 23:31,Electrical Defect,Oscillation unit,5.816616535
Line-15,Machine-74,13-03-2025 23:52,14-03-2025 00:09,Electrical Defect,Oscillation unit,17.33898354
Line-15,Machine-74,16-03-2025 01:34,16-03-2025 01:45,Electrical Defect,Chuck Magnet,10.80263329
Line-15,Machine-74,20-04-2025 05:01,20-04-2025 05:24,Electrical Defect,Machine Control Panel,22.64098358
Line-14,Machine-75,15-11-2024 09:25,15-11-2024 09:50,Electrical Defect,Sensor Setting,25.00331688
Line-14,Machine-75,15-11-2024 10:30,15-11-2024 11:25,Electrical Defect,Sensor Setting,54.99251556
Line-14,Machine-75,01-12-2024 13:24,01-12-2024 13:37,Electrical Defect,Relay Contactor,13
Line-14,Machine-75,28-12-2024 08:10,28-12-2024 08:50,Electrical Defect,Sensor Setting,39.99918365
Line-14,Machine-75,17-03-2025 12:30,17-03-2025 13:00,Electrical Defect,Relay Contactor,30
Line-14,Machine-75,25-03-2025 13:00,25-03-2025 13:20,Electrical Defect,Gauge Amplifier,20.0008831
Line-14,Machine-75,25-03-2025 13:45,25-03-2025 14:30,Electrical Defect,Gauge Amplifier,44.99888229
Line-14,Machine-75,04-04-2025 13:04,04-04-2025 13:30,Electrical Defect,PLC CPU,25.99889946
Line-14,Machine-75,09-04-2025 07:05,09-04-2025 07:34,Electrical Defect,Machine Control Panel,29.00546646
Line-14,Machine-75,17-04-2025 11:54,17-04-2025 13:22,Electrical Defect,CNC power supply Module,88.12761688
Line-14,Machine-75,21-11-2024 22:00,21-11-2024 22:30,Electrical Defect,Sensor Setting,30
Line-14,Machine-75,15-12-2024 19:00,15-12-2024 19:35,Electrical Defect,Relay Contactor,35
Line-14,Machine-75,09-03-2025 19:22,09-03-2025 20:00,Electrical Defect,Machine Control Panel,37.99045181
Line-14,Machine-75,18-03-2025 16:00,18-03-2025 16:18,Electrical Defect,Gauge head,17.99563408
Line-14,Machine-75,20-03-2025 17:40,20-03-2025 18:03,Electrical Defect,Dresser unit,23.01119995
Line-14,Machine-75,26-03-2025 16:54,26-03-2025 18:11,Electrical Defect,Gauge head,77
Line-14,Machine-75,19-03-2025 02:00,19-03-2025 02:21,Electrical Defect,Gauge head,21
Line-14,Machine-75,22-03-2025 02:10,22-03-2025 04:27,Electrical Defect,Gauge head,137
Line-14,Machine-75,25-03-2025 00:30,25-03-2025 00:50,Electrical Defect,Relay Contactor,20.493433
Line-14,Machine-75,15-04-2025 03:49,15-04-2025 04:47,Electrical Defect,Relay Contactor,58
Line-14,Machine-75,15-04-2025 05:38,15-04-2025 05:48,Electrical Defect,Relay Contactor,10
Line-14,Machine-76,07-11-2024 08:54,07-11-2024 09:23,Electrical Defect,Demag unit,29
Line-14,Machine-76,30-12-2024 13:15,30-12-2024 14:01,Electrical Defect,Wheel spindle,46.13271713
Line-14,Machine-76,12-02-2025 07:14,12-02-2025 07:40,Electrical Defect,Sensor Setting,26.00346756
Line-14,Machine-76,13-02-2025 12:10,13-02-2025 12:21,Electrical Defect,Flow switch,10.98639965
Line-14,Machine-76,13-02-2025 13:52,13-02-2025 14:29,Electrical Defect,Flow switch,37.43304825
Line-14,Machine-76,19-02-2025 10:30,19-02-2025 10:49,Electrical Defect,Relay Contactor,19
Line-14,Machine-76,22-03-2025 08:30,22-03-2025 09:00,Electrical Defect,Rotary Table,30.00693321
Line-14,Machine-76,23-04-2025 13:30,23-04-2025 14:15,Electrical Defect,Relay Contactor,45.00938416
Line-14,Machine-76,26-04-2025 12:07,26-04-2025 12:34,Electrical Defect,Relay Contactor,27
Line-14,Machine-76,06-03-2025 14:30,06-03-2025 14:45,Electrical Defect,Sensor Setting,15
Line-14,Machine-76,24-11-2024 03:20,24-11-2024 04:45,Electrical Defect,Sensor Setting,85.00398254
Line-14,Machine-76,03-01-2025 03:00,03-01-2025 03:50,Electrical Defect,Wheel spindle,50
Line-14,Machine-76,05-02-2025 23:31,05-02-2025 23:45,Electrical Defect,Relay Contactor,14
Line-14,Machine-76,22-03-2025 04:44,22-03-2025 05:00,Electrical Defect,Relay Contactor,16
Line-14,Machine-76,24-03-2025 23:45,25-03-2025 00:18,Electrical Defect,Relay Contactor,33
Line-13,Machine-77,07-11-2024 11:54,07-11-2024 12:02,Electrical Defect,Overload Current,8.511766434
Line-13,Machine-77,12-11-2024 12:10,12-11-2024 14:30,Electrical Defect,Servo drive,139.5974884
Line-13,Machine-77,14-11-2024 12:57,14-11-2024 13:03,Electrical Defect,Relay Contactor,6.132316589
Line-13,Machine-77,14-11-2024 13:15,14-11-2024 13:28,Electrical Defect,Relay Contactor,12.82326698
Line-13,Machine-77,14-11-2024 13:38,14-11-2024 13:47,Electrical Defect,Relay Contactor,9.182883263
Line-13,Machine-77,24-11-2024 05:55,24-11-2024 06:00,Electrical Defect,Overload Current,5.2020998
Line-13,Machine-77,24-11-2024 06:23,24-11-2024 06:29,Electrical Defect,Overload Current,6.033349991
Line-13,Machine-77,17-12-2024 09:56,17-12-2024 10:04,Electrical Defect,Overload Current,8.015067101
Line-13,Machine-77,17-12-2024 13:58,17-12-2024 14:30,Electrical Defect,Overload Current,31.57718277
Line-13,Machine-77,31-12-2024 13:13,31-12-2024 13:20,Electrical Defect,Sensor Setting,7.001383305
Line-13,Machine-77,11-01-2025 13:00,11-01-2025 13:06,Electrical Defect,Sensor Setting,6.470383167
Line-13,Machine-77,18-01-2025 08:58,18-01-2025 09:05,Electrical Defect,Chuck Magnet,6.508250237
Line-13,Machine-77,31-01-2025 10:46,31-01-2025 10:55,Electrical Defect,Wheel Balancer,8.553466797
Line-13,Machine-77,16-02-2025 07:46,16-02-2025 07:53,Electrical Defect,Overload Current,6.682183266
Line-13,Machine-77,19-02-2025 08:43,19-02-2025 08:50,Electrical Defect,Overload Current,6.698833466
Line-13,Machine-77,02-03-2025 10:23,02-03-2025 10:28,Electrical Defect,Relay Contactor,5.063250065
Line-13,Machine-77,19-03-2025 09:57,19-03-2025 11:00,Electrical Defect,Relay Contactor,62.75775146
Line-13,Machine-77,07-04-2025 10:13,07-04-2025 10:35,Electrical Defect,Relay Contactor,22.28401756
Line-13,Machine-77,11-04-2025 11:16,11-04-2025 11:23,Electrical Defect,Demag unit,6.462316513
Line-13,Machine-77,13-04-2025 08:20,13-04-2025 08:32,Electrical Defect,Overload Current,12.3229332
Line-13,Machine-77,15-04-2025 06:10,15-04-2025 06:15,Electrical Defect,CNC CPU,5.578549862
Line-13,Machine-77,12-11-2024 21:20,12-11-2024 21:57,Electrical Defect,Sensor Setting,37.00571823
Line-13,Machine-77,12-11-2024 14:30,12-11-2024 17:38,Electrical Defect,Servo drive,188.2255859
Line-13,Machine-77,23-11-2024 14:30,23-11-2024 14:41,Electrical Defect,Sensor Setting,10.49221706
Line-13,Machine-77,23-11-2024 15:43,23-11-2024 15:52,Electrical Defect,Sensor Setting,8.490566254
Line-13,Machine-77,23-11-2024 21:34,23-11-2024 21:54,Electrical Defect,Sensor Setting,20.4909668
Line-13,Machine-77,29-11-2024 21:21,29-11-2024 21:27,Electrical Defect,Sensor Setting,6.289150238
Line-13,Machine-77,01-12-2024 14:51,01-12-2024 16:44,Electrical Defect,Relay Contactor,113.2742157
Line-13,Machine-77,09-12-2024 14:38,09-12-2024 17:06,Electrical Defect,Relay Contactor,147.5960693
Line-13,Machine-77,13-12-2024 17:09,13-12-2024 17:32,Electrical Defect,Sensor Setting,23.27811623
Line-13,Machine-77,13-12-2024 22:08,13-12-2024 22:55,Electrical Defect,Sensor Setting,46.51206589
Line-13,Machine-77,16-12-2024 18:27,16-12-2024 18:44,Electrical Defect,Wheel Balancer,17.03389931
Line-13,Machine-77,17-12-2024 14:30,17-12-2024 14:54,Electrical Defect,Relay Contactor,24.69046593
Line-13,Machine-77,20-12-2024 19:56,20-12-2024 20:11,Electrical Defect,Motor,15.43043327
Line-13,Machine-77,21-12-2024 16:01,21-12-2024 16:23,Electrical Defect,Relay Contactor,21.94045067
Line-13,Machine-77,21-12-2024 19:00,21-12-2024 20:30,Electrical Defect,Sensor Setting,90.16191864
Line-13,Machine-77,25-12-2024 15:48,25-12-2024 15:53,Electrical Defect,Relay Contactor,5.044366837
Line-13,Machine-77,13-01-2025 15:58,13-01-2025 16:14,Electrical Defect,Wheel Balancer,15.67819977
Line-13,Machine-77,17-01-2025 19:06,17-01-2025 19:12,Electrical Defect,Robot,6.530700207
Line-13,Machine-77,18-01-2025 16:43,18-01-2025 17:22,Electrical Defect,Gauge head,39.24055099
Line-13,Machine-77,25-01-2025 14:42,25-01-2025 15:00,Electrical Defect,Robot,18.01849937
Line-13,Machine-77,06-02-2025 16:21,06-02-2025 16:28,Electrical Defect,Wheel Balancer,6.658800125
Line-13,Machine-77,07-02-2025 17:28,07-02-2025 17:33,Electrical Defect,CNC CPU,5.518799782
Line-13,Machine-77,06-03-2025 15:00,06-03-2025 15:40,Electrical Defect,CNC CPU,39.44806671
Line-13,Machine-77,10-03-2025 21:56,10-03-2025 22:10,Electrical Defect,Relay Contactor,14.79796696
Line-13,Machine-77,02-04-2025 15:03,02-04-2025 15:14,Electrical Defect,Relay Contactor,11.30721664
Line-13,Machine-77,02-04-2025 16:54,02-04-2025 16:59,Electrical Defect,Relay Contactor,5.827216625
Line-13,Machine-77,02-04-2025 17:00,02-04-2025 17:05,Electrical Defect,Relay Contactor,5.025733471
Line-13,Machine-77,03-04-2025 19:27,03-04-2025 19:49,Electrical Defect,Relay Contactor,22.5518837
Line-13,Machine-77,04-04-2025 17:03,04-04-2025 17:10,Electrical Defect,Overload Current,7.267499924
Line-13,Machine-77,12-04-2025 18:53,12-04-2025 18:59,Electrical Defect,Overload Current,6.604283333
Line-13,Machine-77,12-04-2025 18:59,12-04-2025 19:30,Electrical Defect,Overload Current,30.3767662
Line-13,Machine-77,25-04-2025 18:06,25-04-2025 18:30,Electrical Defect,Overload Current,24.01305008
Line-13,Machine-77,04-11-2024 00:28,04-11-2024 00:39,Electrical Defect,Wheel Balancer,11.1092329
Line-13,Machine-77,04-11-2024 00:43,04-11-2024 00:55,Electrical Defect,Wheel Balancer,11.27301693
Line-13,Machine-77,06-11-2024 01:44,06-11-2024 01:50,Electrical Defect,Wheel Balancer,6.21089983
Line-13,Machine-77,06-11-2024 23:04,06-11-2024 23:09,Electrical Defect,Wheel Balancer,5.484250069
Line-13,Machine-77,12-11-2024 23:26,12-11-2024 23:34,Electrical Defect,Sensor Setting,7.417983532
Line-13,Machine-77,05-12-2024 03:39,05-12-2024 03:45,Electrical Defect,Wheel Balancer,6.691649914
Line-13,Machine-77,14-12-2024 00:27,14-12-2024 00:37,Electrical Defect,Sensor Setting,9.243166924
Line-13,Machine-77,18-12-2024 01:02,18-12-2024 01:08,Electrical Defect,Sensor Setting,6.395816803
Line-13,Machine-77,19-12-2024 00:32,19-12-2024 01:20,Electrical Defect,Overload Current,47.95145035
Line-13,Machine-77,27-12-2024 23:00,27-12-2024 23:25,Electrical Defect,Relay Contactor,25.09901619
Line-13,Machine-77,30-12-2024 05:53,30-12-2024 05:58,Electrical Defect,Wheel Balancer,5.099949837
Line-13,Machine-77,13-02-2025 03:17,13-02-2025 03:32,Electrical Defect,Relay Contactor,15.80613327
Line-13,Machine-77,13-02-2025 04:17,13-02-2025 04:28,Electrical Defect,Relay Contactor,11.54683304
Line-13,Machine-77,18-03-2025 05:53,18-03-2025 06:00,Electrical Defect,Overload Current,6.704433441
Line-13,Machine-77,21-03-2025 03:16,21-03-2025 03:25,Electrical Defect,Overload Current,9.191766739
Line-13,Machine-77,25-03-2025 04:00,25-03-2025 04:09,Electrical Defect,Relay Contactor,8.834400177
Line-13,Machine-77,29-03-2025 04:20,29-03-2025 04:37,Electrical Defect,Relay Contactor,16.75231743
Line-13,Machine-77,31-03-2025 00:59,31-03-2025 01:06,Electrical Defect,Relay Contactor,6.211533546
Line-13,Machine-77,01-04-2025 01:46,01-04-2025 01:58,Electrical Defect,Relay Contactor,12.68511677
Line-13,Machine-77,19-04-2025 00:08,19-04-2025 00:25,Electrical Defect,Relay Contactor,17.6128006
Line-13,Machine-77,27-04-2025 00:34,27-04-2025 00:44,Electrical Defect,CNC CPU,9.990733147
Line-1,Machine-78,20-01-2025 06:00,20-01-2025 12:30,Electrical Defect,Fixture Slide,390
Line-1,Machine-78,18-03-2025 03:31,18-03-2025 05:00,Electrical Defect,Servo drive,89
Line-13,Machine-79,13-11-2024 11:22,13-11-2024 11:49,Electrical Defect,Gauge head,27.00001717
Line-13,Machine-79,14-12-2024 10:14,14-12-2024 11:30,Electrical Defect,Sensor Setting,75.99680328
Line-13,Machine-79,16-12-2024 12:13,16-12-2024 12:26,Electrical Defect,Sensor Setting,12.61970043
Line-13,Machine-79,17-12-2024 11:41,17-12-2024 13:37,Electrical Defect,Sensor Setting,116.582634
Line-13,Machine-79,18-12-2024 06:26,18-12-2024 06:40,Electrical Defect,Relay Contactor,13.99306679
Line-13,Machine-79,02-01-2025 08:48,02-01-2025 09:20,Electrical Defect,Sensor Setting,32.00288391
Line-13,Machine-79,23-01-2025 13:30,23-01-2025 14:28,Electrical Defect,Relay Contactor,58.82288361
Line-13,Machine-79,03-02-2025 06:00,03-02-2025 06:40,Electrical Defect,Stone wear,40.00423431
Line-13,Machine-79,03-02-2025 07:05,03-02-2025 07:36,Electrical Defect,Stone wear,31.00188255
Line-13,Machine-79,28-02-2025 06:00,28-02-2025 06:30,Electrical Defect,Relay Contactor,29.98773384
Line-13,Machine-79,11-11-2024 19:00,11-11-2024 19:15,Electrical Defect,Sensor Setting,14.99699974
Line-13,Machine-79,03-12-2024 14:30,03-12-2024 15:08,Electrical Defect,Sensor Setting,37.99079895
Line-13,Machine-79,15-12-2024 17:20,15-12-2024 17:34,Electrical Defect,Interlocking Alarm,13.99409962
Line-13,Machine-79,15-12-2024 19:24,15-12-2024 19:34,Electrical Defect,Interlocking Alarm,10.00481701
Line-13,Machine-79,18-12-2024 18:55,18-12-2024 19:16,Electrical Defect,Overload Current,21.35589981
Line-13,Machine-79,18-12-2024 21:09,18-12-2024 21:32,Electrical Defect,Overload Current,23.00506592
Line-13,Machine-79,27-02-2025 22:10,27-02-2025 22:20,Electrical Defect,Sensor Setting,9.997799873
Line-13,Machine-79,02-03-2025 14:30,02-03-2025 14:42,Electrical Defect,Overload Current,12.24973297
Line-13,Machine-79,09-11-2024 23:10,10-11-2024 00:08,Electrical Defect,Solonoid Valve,57.28699875
Line-13,Machine-79,24-11-2024 00:35,24-11-2024 00:45,Electrical Defect,Stone wear,10.12946701
Line-13,Machine-79,25-11-2024 02:32,25-11-2024 03:19,Electrical Defect,Overload Current,47.00938416
Line-13,Machine-79,02-01-2025 23:10,02-01-2025 23:35,Electrical Defect,Sensor Setting,25.00429916
Line-13,Machine-79,03-01-2025 00:10,03-01-2025 00:51,Electrical Defect,Sensor Setting,40.99708176
Line-13,Machine-79,03-01-2025 01:25,03-01-2025 02:00,Electrical Defect,Sensor Setting,34.9943161
Line-13,Machine-79,03-01-2025 02:15,03-01-2025 02:40,Electrical Defect,Sensor Setting,25.00608253
Line-17,Machine-80,09-12-2024 12:06,09-12-2024 12:12,Electrical Defect,Stone wear,5.20445013
Line-17,Machine-80,06-01-2025 13:50,06-01-2025 14:21,Electrical Defect,Sensor Setting,31.7742672
Line-17,Machine-80,07-01-2025 06:00,07-01-2025 06:15,Electrical Defect,Sensor Setting,15.00479984
Line-17,Machine-80,08-01-2025 06:58,08-01-2025 07:05,Electrical Defect,Sensor Setting,7.000133514
Line-17,Machine-80,25-01-2025 09:20,25-01-2025 11:57,Electrical Defect,Relay Contactor,157.5037384
Line-17,Machine-80,23-02-2025 13:15,23-02-2025 14:05,Electrical Defect,Sensor Setting,49.95378494
Line-17,Machine-80,26-02-2025 09:00,26-02-2025 09:26,Electrical Defect,Relay Contactor,26
Line-17,Machine-80,20-03-2025 13:54,20-03-2025 14:30,Electrical Defect,Relay Contactor,35.98418427
Line-17,Machine-80,24-04-2025 06:23,24-04-2025 07:23,Electrical Defect,Sensor Setting,60.20523453
Line-17,Machine-80,21-12-2024 19:00,21-12-2024 20:00,Electrical Defect,Relay Contactor,60.23664856
Line-17,Machine-80,07-01-2025 16:07,07-01-2025 16:26,Electrical Defect,Relay Contactor,18.98778343
Line-17,Machine-80,02-12-2024 23:00,02-12-2024 23:53,Electrical Defect,Sensor Setting,52.99414825
Line-17,Machine-80,03-12-2024 23:00,03-12-2024 23:21,Electrical Defect,Relay Contactor,21.9152832
Line-17,Machine-80,05-12-2024 05:46,05-12-2024 05:58,Electrical Defect,Sensor Setting,12.18066692
Line-17,Machine-80,09-02-2025 05:33,09-02-2025 06:00,Electrical Defect,Sensor Setting,27.00279999
Line-17,Machine-80,04-03-2025 01:32,04-03-2025 02:19,Electrical Defect,Sensor Setting,46.99715042
Line-4,Machine-81,03-11-2024 09:15,03-11-2024 09:21,Electrical Defect,PP Gauge UNIT,5.648883343
Line-4,Machine-81,03-11-2024 12:22,03-11-2024 12:29,Electrical Defect,PP Gauge UNIT,7.056483269
Line-4,Machine-81,14-11-2024 07:12,14-11-2024 08:11,Electrical Defect,Chuck Magnet,58.53696823
Line-4,Machine-81,05-12-2024 06:51,05-12-2024 07:00,Electrical Defect,Gauge Amplifier,9.405566216
Line-4,Machine-81,07-12-2024 12:07,07-12-2024 12:15,Electrical Defect,Gauge head,8.306949615
Line-4,Machine-81,18-01-2025 13:31,18-01-2025 13:39,Electrical Defect,PP Gauge UNIT,7.991000175
Line-4,Machine-81,13-02-2025 06:22,13-02-2025 06:28,Electrical Defect,Demag unit,5.962466717
Line-4,Machine-81,13-02-2025 07:32,13-02-2025 07:37,Electrical Defect,Demag unit,5.326583385
Line-4,Machine-81,14-02-2025 11:50,14-02-2025 11:55,Electrical Defect,PP Gauge UNIT,5.592466831
Line-4,Machine-81,17-02-2025 11:02,17-02-2025 11:08,Electrical Defect,PP Gauge UNIT,5.345533371
Line-4,Machine-81,18-02-2025 07:13,18-02-2025 07:28,Electrical Defect,PP Gauge UNIT,14.2840004
Line-4,Machine-81,21-02-2025 11:22,21-02-2025 11:27,Electrical Defect,PP Gauge UNIT,5.170000076
Line-4,Machine-81,02-03-2025 06:26,02-03-2025 07:04,Electrical Defect,Sensor Setting,37.82225037
Line-4,Machine-81,08-03-2025 08:45,08-03-2025 08:51,Electrical Defect,PP Gauge UNIT,5.960499763
Line-4,Machine-81,20-03-2025 08:52,20-03-2025 09:09,Electrical Defect,PP Gauge UNIT,17.14691734
Line-4,Machine-81,26-03-2025 10:13,26-03-2025 10:19,Electrical Defect,PP Gauge UNIT,5.704949856
Line-4,Machine-81,28-03-2025 13:20,28-03-2025 13:29,Electrical Defect,PP Gauge UNIT,9.145466805
Line-4,Machine-81,30-03-2025 13:21,30-03-2025 13:26,Electrical Defect,PP Gauge UNIT,5.142833233
Line-4,Machine-81,03-04-2025 13:07,03-04-2025 13:13,Electrical Defect,PP Gauge UNIT,6.416349888
Line-4,Machine-81,11-04-2025 14:07,11-04-2025 14:13,Electrical Defect,Relay Contactor,6.767716885
Line-4,Machine-81,22-04-2025 11:22,22-04-2025 11:52,Electrical Defect,Sensor Setting,29.1786499
Line-4,Machine-81,25-04-2025 06:52,25-04-2025 07:04,Electrical Defect,PP Gauge UNIT,12.25058365
Line-4,Machine-81,26-04-2025 12:25,26-04-2025 12:43,Electrical Defect,PP Gauge UNIT,17.74401665
Line-4,Machine-81,29-04-2025 08:32,29-04-2025 08:40,Electrical Defect,Motor Change,8.103449821
Line-4,Machine-81,13-11-2024 18:45,13-11-2024 18:56,Electrical Defect,Dresser unit,11.45646667
Line-4,Machine-81,24-01-2025 20:41,24-01-2025 20:46,Electrical Defect,PP Gauge UNIT,5.494616508
Line-4,Machine-81,01-02-2025 18:41,01-02-2025 18:50,Electrical Defect,PP Gauge UNIT,9.510016441
Line-4,Machine-81,13-02-2025 20:42,13-02-2025 20:49,Electrical Defect,PP Gauge UNIT,6.742933273
Line-4,Machine-81,13-02-2025 16:50,13-02-2025 16:56,Electrical Defect,Demag unit,6.117783546
Line-4,Machine-81,25-02-2025 20:39,25-02-2025 20:48,Electrical Defect,PP Gauge UNIT,8.937133789
Line-4,Machine-81,07-03-2025 22:18,07-03-2025 22:25,Electrical Defect,PP Gauge UNIT,7.490550041
Line-4,Machine-81,20-03-2025 21:15,20-03-2025 21:22,Electrical Defect,PP Gauge UNIT,6.868266582
Line-4,Machine-81,30-03-2025 15:17,30-03-2025 15:22,Electrical Defect,PP Gauge UNIT,5.149116516
Line-4,Machine-81,31-03-2025 21:23,31-03-2025 21:30,Electrical Defect,Relay Contactor,6.292950153
Line-4,Machine-81,07-04-2025 15:21,07-04-2025 15:33,Electrical Defect,PP Gauge UNIT,12.10251713
Line-4,Machine-81,19-04-2025 20:32,19-04-2025 20:38,Electrical Defect,PP Gauge UNIT,5.716583252
Line-4,Machine-81,19-04-2025 22:28,19-04-2025 22:33,Electrical Defect,PP Gauge UNIT,5.150100231
Line-4,Machine-81,26-04-2025 15:45,26-04-2025 15:50,Electrical Defect,PP Gauge UNIT,5.170450211
Line-4,Machine-81,08-11-2024 02:18,08-11-2024 02:30,Electrical Defect,Chuck Magnet,12.24670029
Line-4,Machine-81,20-11-2024 23:00,20-11-2024 23:19,Electrical Defect,Machine Control Panel,19.16358376
Line-4,Machine-81,17-12-2024 04:22,17-12-2024 05:20,Electrical Defect,Work head unit,58.14094925
Line-4,Machine-81,21-12-2024 00:11,21-12-2024 00:27,Electrical Defect,PP Gauge UNIT,15.70383358
Line-4,Machine-81,28-12-2024 23:28,28-12-2024 23:34,Electrical Defect,PP Gauge UNIT,5.504266739
Line-4,Machine-81,28-12-2024 23:41,28-12-2024 23:48,Electrical Defect,PP Gauge UNIT,7.053033352
Line-4,Machine-81,21-01-2025 02:11,21-01-2025 02:18,Electrical Defect,PP Gauge UNIT,7.061833382
Line-4,Machine-81,21-01-2025 05:26,21-01-2025 05:40,Electrical Defect,PP Gauge UNIT,14.4224329
Line-4,Machine-81,13-02-2025 02:34,13-02-2025 02:42,Electrical Defect,Demag unit,7.379616737
Line-4,Machine-81,23-02-2025 02:50,23-02-2025 02:57,Electrical Defect,PP Gauge UNIT,7.211533546
Line-4,Machine-81,27-02-2025 05:19,27-02-2025 05:26,Electrical Defect,PP Gauge UNIT,7.379666805
Line-4,Machine-81,16-03-2025 02:26,16-03-2025 02:32,Electrical Defect,PP Gauge UNIT,5.491149902
Line-4,Machine-81,19-03-2025 04:28,19-03-2025 04:36,Electrical Defect,Relay Contactor,7.851866722
Line-4,Machine-81,19-03-2025 23:43,19-03-2025 23:51,Electrical Defect,PP Gauge UNIT,8.581749916
Line-4,Machine-81,21-03-2025 02:33,21-03-2025 02:38,Electrical Defect,PP Gauge UNIT,5.138583183
Line-4,Machine-81,30-03-2025 03:05,30-03-2025 03:15,Electrical Defect,PP Gauge UNIT,10.86481667
Line-4,Machine-81,06-04-2025 03:16,06-04-2025 03:22,Electrical Defect,PP Gauge UNIT,5.976449966
Line-4,Machine-81,12-04-2025 04:38,12-04-2025 04:48,Electrical Defect,PP Gauge UNIT,10.21650028
Line-4,Machine-81,01-05-2025 23:47,01-05-2025 23:53,Electrical Defect,PP Gauge UNIT,5.660966873
Line-17,Machine-82,04-11-2024 06:55,04-11-2024 07:07,Electrical Defect,Sensor Setting,11.98775005
Line-17,Machine-82,29-11-2024 08:51,29-11-2024 09:00,Electrical Defect,Rotary Table,9.007733345
Line-17,Machine-82,18-01-2025 13:11,18-01-2025 13:23,Electrical Defect,Chuck Magnet,11.99896622
Line-17,Machine-82,14-04-2025 13:00,14-04-2025 13:11,Electrical Defect,Sensor Setting,11.13611698
Line-17,Machine-82,19-04-2025 07:30,19-04-2025 09:30,Electrical Defect,Sensor Setting,119.9903641
Line-17,Machine-82,30-11-2024 14:31,30-11-2024 20:40,Electrical Defect,Relay Contactor,368.9991455
Line-17,Machine-82,24-03-2025 19:00,24-03-2025 19:20,Electrical Defect,Sensor Setting,19.99620056
Line-17,Machine-82,16-04-2025 20:00,16-04-2025 20:29,Electrical Defect,Sensor Setting,28.99321747
Line-17,Machine-82,21-04-2025 17:54,21-04-2025 18:19,Electrical Defect,Relay Contactor,24.99386597
Line-17,Machine-82,12-11-2024 23:51,13-11-2024 01:12,Electrical Defect,Solonoid Valve,80.99653625
Line-17,Machine-82,06-04-2025 23:00,06-04-2025 23:43,Electrical Defect,Relay Contactor,43
Line-4,Machine-83,18-12-2024 07:48,18-12-2024 13:13,Electrical Defect,Gauge Amplifier,325.3884277
Line-4,Machine-83,25-12-2024 09:22,25-12-2024 09:28,Electrical Defect,Gauge Amplifier,5.839483261
Line-4,Machine-83,25-12-2024 09:28,25-12-2024 09:48,Electrical Defect,Gauge Amplifier,20.34838295
Line-4,Machine-83,25-12-2024 10:55,25-12-2024 12:25,Electrical Defect,Gauge Amplifier,89.58693695
Line-4,Machine-83,27-12-2024 06:00,27-12-2024 06:06,Electrical Defect,Sensor Setting,6.304233551
Line-4,Machine-83,27-12-2024 06:41,27-12-2024 06:47,Electrical Defect,Sensor Setting,5.811466694
Line-4,Machine-83,10-02-2025 13:55,10-02-2025 14:19,Electrical Defect,Short Index system,23.33096695
Line-4,Machine-83,17-02-2025 08:56,17-02-2025 09:23,Electrical Defect,Work head unit,26.90976715
Line-4,Machine-83,17-03-2025 08:55,17-03-2025 09:07,Electrical Defect,Relay Contactor,11.74923325
Line-4,Machine-83,09-04-2025 11:59,09-04-2025 12:05,Electrical Defect,Relay Contactor,6.267799854
Line-4,Machine-83,09-04-2025 13:08,09-04-2025 13:17,Electrical Defect,Relay Contactor,9.156233788
Line-4,Machine-83,14-11-2024 19:55,14-11-2024 20:13,Electrical Defect,Relay Contactor,17.38585091
Line-4,Machine-83,14-11-2024 21:43,14-11-2024 21:59,Electrical Defect,Relay Contactor,15.53376675
Line-4,Machine-83,16-11-2024 15:17,16-11-2024 15:47,Electrical Defect,Relay Contactor,29.50003242
Line-4,Machine-83,20-12-2024 19:02,20-12-2024 19:10,Electrical Defect,Traverse Unit,8.165183067
Line-4,Machine-83,12-03-2025 20:46,12-03-2025 21:10,Electrical Defect,Relay Contactor,24.33639908
Line-4,Machine-83,12-03-2025 21:21,12-03-2025 23:00,Electrical Defect,Relay Contactor,98.95398712
Line-4,Machine-83,20-03-2025 18:08,20-03-2025 18:14,Electrical Defect,Sensor Setting,5.717000008
Line-4,Machine-83,17-03-2025 05:12,17-03-2025 05:24,Electrical Defect,Relay Contactor,12.08016682
Line-17,Machine-84,28-12-2024 13:40,28-12-2024 13:47,Electrical Defect,Machine Control Panel,7.234516621
Line-17,Machine-84,15-01-2025 06:50,15-01-2025 07:14,Electrical Defect,J-type hopper,24.0053997
Line-17,Machine-84,04-02-2025 12:17,04-02-2025 12:30,Electrical Defect,Sensor Setting,13.0121336
Line-17,Machine-84,25-02-2025 06:20,25-02-2025 06:43,Electrical Defect,Sensor Setting,22.99708366
Line-17,Machine-84,09-04-2025 14:10,09-04-2025 14:30,Electrical Defect,Interlocking Alarm,19.99756622
Line-17,Machine-84,12-04-2025 10:20,12-04-2025 11:00,Electrical Defect,Dresser unit,40.22724915
Line-17,Machine-84,03-12-2024 19:30,03-12-2024 19:39,Electrical Defect,Machine Control Panel,9.174333572
Line-17,Machine-84,26-03-2025 17:00,26-03-2025 18:33,Electrical Defect,Sensor Setting,92.98464966
Line-17,Machine-84,27-03-2025 19:00,27-03-2025 19:52,Electrical Defect,Overload Current,52
Line-17,Machine-84,27-11-2024 05:50,27-11-2024 06:00,Electrical Defect,Machine Control Panel,10.15026665
Line-17,Machine-84,07-02-2025 00:52,07-02-2025 01:09,Electrical Defect,Gauge head,17.00706673
Line-17,Machine-84,08-02-2025 00:00,08-02-2025 03:00,Electrical Defect,Dresser unit,180
Line-17,Machine-84,13-03-2025 04:01,13-03-2025 04:30,Electrical Defect,Wheel spindle,29.15525055
Line-17,Machine-84,17-04-2025 00:18,17-04-2025 00:30,Electrical Defect,Sensor Setting,11.99100018
Line-17,Machine-84,20-04-2025 00:05,20-04-2025 01:00,Electrical Defect,Sensor Setting,55.00613403
Line-17,Machine-85,03-12-2024 06:03,03-12-2024 06:33,Electrical Defect,Relay Contactor,29.98628426
Line-17,Machine-85,03-12-2024 07:34,03-12-2024 08:00,Electrical Defect,Relay Contactor,26.00266647
Line-17,Machine-85,03-12-2024 08:47,03-12-2024 09:15,Electrical Defect,Relay Contactor,27.98623276
Line-17,Machine-85,03-12-2024 11:00,03-12-2024 11:34,Electrical Defect,Relay Contactor,34.27484894
Line-17,Machine-85,03-12-2024 12:25,03-12-2024 13:40,Electrical Defect,Relay Contactor,75.04691315
Line-17,Machine-85,12-12-2024 10:30,12-12-2024 11:12,Electrical Defect,Sensor Setting,42.00619888
Line-17,Machine-85,13-12-2024 12:25,13-12-2024 12:40,Electrical Defect,Panel A.C.,14.9984169
Line-17,Machine-85,26-12-2024 07:28,26-12-2024 08:00,Electrical Defect,Sensor Setting,32.00131607
Line-17,Machine-85,28-12-2024 09:20,28-12-2024 09:30,Electrical Defect,Chuck Magnet,10.16566658
Line-17,Machine-85,06-02-2025 13:40,06-02-2025 14:00,Electrical Defect,Gauge Amplifier,20.23403358
Line-17,Machine-85,21-02-2025 11:00,21-02-2025 14:30,Electrical Defect,Panel A.C.,210.0028839
Line-17,Machine-85,10-03-2025 06:00,10-03-2025 09:00,Electrical Defect,Overload Current,180.0023193
Line-17,Machine-85,05-04-2025 06:00,05-04-2025 06:30,Electrical Defect,Lubrication,30.46310043
Line-17,Machine-85,17-04-2025 12:08,17-04-2025 12:33,Electrical Defect,Transfer conveyor system,24.99625015
Line-17,Machine-85,16-11-2024 22:00,16-11-2024 22:45,Electrical Defect,Wheel spindle,45.55193329
Line-17,Machine-85,28-11-2024 17:55,28-11-2024 18:52,Electrical Defect,Relay Contactor,56.99558258
Line-17,Machine-85,02-12-2024 15:30,02-12-2024 15:41,Electrical Defect,Machine Control Panel,11.18330002
Line-17,Machine-85,22-12-2024 15:45,22-12-2024 18:20,Electrical Defect,Wheel spindle,154.2596283
Line-17,Machine-85,09-03-2025 16:50,09-03-2025 17:14,Electrical Defect,Gauge Amplifier,23.99358368
Line-17,Machine-85,09-03-2025 20:00,09-03-2025 20:29,Electrical Defect,Gauge unit,29.00525093
Line-17,Machine-85,07-04-2025 17:30,07-04-2025 17:45,Electrical Defect,Lubrication,15.16133308
Line-17,Machine-85,18-04-2025 16:00,18-04-2025 16:12,Electrical Defect,Interlocking Alarm,11.98853302
Line-17,Machine-85,16-11-2024 23:00,17-11-2024 00:27,Electrical Defect,Wheel spindle,86.99079895
Line-17,Machine-85,01-12-2024 01:00,01-12-2024 01:45,Electrical Defect,Slide Guards,45.00858307
Line-17,Machine-85,03-12-2024 04:30,03-12-2024 05:02,Electrical Defect,Intlet conveyor,32
Line-17,Machine-85,13-04-2025 02:00,13-04-2025 02:30,Electrical Defect,Sensor Setting,30.00936699
Line-17,Machine-85,19-04-2025 00:10,19-04-2025 00:32,Electrical Defect,Gauge Amplifier,22.00720024
Line-17,Machine-85,26-04-2025 03:35,26-04-2025 04:13,Electrical Defect,Work head unit,37.28611755
Line-5,Machine-86,09-11-2024 07:01,09-11-2024 07:08,Electrical Defect,Hydraulic system,6.433033466
Line-5,Machine-86,12-11-2024 07:04,12-11-2024 07:14,Electrical Defect,PP Gauge UNIT,9.460967064
Line-5,Machine-86,16-11-2024 12:49,16-11-2024 13:02,Electrical Defect,PP Gauge UNIT,12.55060005
Line-5,Machine-86,16-11-2024 13:12,16-11-2024 13:28,Electrical Defect,PP Gauge UNIT,16.67941666
Line-5,Machine-86,19-11-2024 08:34,19-11-2024 08:44,Electrical Defect,PP Gauge UNIT,9.976083755
Line-5,Machine-86,22-11-2024 13:03,22-11-2024 13:30,Electrical Defect,PP Gauge UNIT,26.92741585
Line-5,Machine-86,28-11-2024 06:51,28-11-2024 06:57,Electrical Defect,PP Gauge UNIT,6.208283424
Line-5,Machine-86,28-11-2024 12:27,28-11-2024 12:39,Electrical Defect,PP Gauge UNIT,12.64610004
Line-5,Machine-86,02-12-2024 09:01,02-12-2024 09:14,Electrical Defect,PP Gauge UNIT,13.00154972
Line-5,Machine-86,03-12-2024 08:43,03-12-2024 08:56,Electrical Defect,PP Gauge UNIT,12.89424992
Line-5,Machine-86,12-12-2024 13:22,12-12-2024 13:30,Electrical Defect,Relay Contactor,8.32373333
Line-5,Machine-86,12-12-2024 13:46,12-12-2024 13:53,Electrical Defect,Relay Contactor,6.824800014
Line-5,Machine-86,24-12-2024 06:44,24-12-2024 06:56,Electrical Defect,PP Gauge UNIT,12.1123333
Line-5,Machine-86,24-12-2024 06:59,24-12-2024 07:10,Electrical Defect,PP Gauge UNIT,10.52661705
Line-5,Machine-86,24-12-2024 12:20,24-12-2024 12:34,Electrical Defect,PP Gauge UNIT,13.99483299
Line-5,Machine-86,26-12-2024 06:56,26-12-2024 07:16,Electrical Defect,PP Gauge UNIT,19.41853333
Line-5,Machine-86,26-12-2024 11:19,26-12-2024 11:27,Electrical Defect,PP Gauge UNIT,8.064849854
Line-5,Machine-86,11-01-2025 08:17,11-01-2025 08:25,Electrical Defect,PP Gauge UNIT,7.962716579
Line-5,Machine-86,11-01-2025 13:00,11-01-2025 13:09,Electrical Defect,PP Gauge UNIT,8.685933113
Line-5,Machine-86,11-01-2025 13:12,11-01-2025 13:20,Electrical Defect,PP Gauge UNIT,7.881783485
Line-5,Machine-86,13-01-2025 13:28,13-01-2025 13:45,Electrical Defect,PP Gauge UNIT,17.55190086
Line-5,Machine-86,15-01-2025 07:40,15-01-2025 08:08,Electrical Defect,PP Gauge UNIT,27.12244987
Line-5,Machine-86,20-01-2025 11:34,20-01-2025 11:40,Electrical Defect,PP Gauge UNIT,5.786166668
Line-5,Machine-86,21-01-2025 13:51,21-01-2025 14:08,Electrical Defect,PP Gauge UNIT,17.95721626
Line-5,Machine-86,22-01-2025 11:38,22-01-2025 11:43,Electrical Defect,PP Gauge UNIT,5.037266731
Line-5,Machine-86,29-01-2025 09:23,29-01-2025 09:28,Electrical Defect,PP Gauge UNIT,5.052966595
Line-5,Machine-86,10-02-2025 10:29,10-02-2025 10:45,Electrical Defect,Overload Current,16.2744503
Line-5,Machine-86,10-02-2025 11:22,10-02-2025 11:30,Electrical Defect,Overload Current,7.235016823
Line-5,Machine-86,06-03-2025 08:54,06-03-2025 10:42,Electrical Defect,Transfer conveyor system,107.8568649
Line-5,Machine-86,09-03-2025 07:01,09-03-2025 07:06,Electrical Defect,PP Gauge UNIT,5.089533329
Line-5,Machine-86,10-03-2025 07:34,10-03-2025 07:39,Electrical Defect,PP Gauge UNIT,5.180733204
Line-5,Machine-86,10-03-2025 13:09,10-03-2025 13:15,Electrical Defect,PP Gauge UNIT,5.043566704
Line-5,Machine-86,11-03-2025 10:18,11-03-2025 10:23,Electrical Defect,PP Gauge UNIT,5.152133465
Line-5,Machine-86,12-03-2025 12:54,12-03-2025 13:00,Electrical Defect,PP Gauge UNIT,5.617316723
Line-5,Machine-86,13-03-2025 14:13,13-03-2025 14:20,Electrical Defect,PP Gauge UNIT,7.001900196
Line-5,Machine-86,17-03-2025 06:15,17-03-2025 06:21,Electrical Defect,PP Gauge UNIT,6.194233418
Line-5,Machine-86,21-03-2025 12:36,21-03-2025 12:47,Electrical Defect,PP Gauge UNIT,11.11295033
Line-5,Machine-86,27-03-2025 06:03,27-03-2025 06:08,Electrical Defect,PP Gauge UNIT,5.460350037
Line-5,Machine-86,04-04-2025 11:40,04-04-2025 11:46,Electrical Defect,PP Gauge UNIT,5.766233444
Line-5,Machine-86,14-04-2025 10:14,14-04-2025 10:27,Electrical Defect,PP Gauge UNIT,12.52595043
Line-5,Machine-86,21-04-2025 11:20,21-04-2025 11:31,Electrical Defect,Relay Contactor,11.10754967
Line-5,Machine-86,21-04-2025 07:28,21-04-2025 07:40,Electrical Defect,PP Gauge UNIT,11.70513344
Line-5,Machine-86,23-04-2025 06:52,23-04-2025 06:59,Electrical Defect,PP Gauge UNIT,7.154516697
Line-5,Machine-86,23-04-2025 11:38,23-04-2025 11:44,Electrical Defect,PP Gauge UNIT,6.191166878
Line-5,Machine-86,25-04-2025 10:05,25-04-2025 10:13,Electrical Defect,PP Gauge UNIT,8.015716553
Line-5,Machine-86,25-04-2025 12:52,25-04-2025 12:58,Electrical Defect,PP Gauge UNIT,6.741566658
Line-5,Machine-86,26-04-2025 07:40,26-04-2025 08:00,Electrical Defect,PP Gauge UNIT,19.37503242
Line-5,Machine-86,09-11-2024 20:29,09-11-2024 20:36,Electrical Defect,Sensor Setting,7.124466896
Line-5,Machine-86,18-11-2024 17:06,18-11-2024 17:11,Electrical Defect,PP Gauge UNIT,5.16811657
Line-5,Machine-86,18-11-2024 20:32,18-11-2024 20:39,Electrical Defect,PP Gauge UNIT,7.851566792
Line-5,Machine-86,28-11-2024 15:14,28-11-2024 15:29,Electrical Defect,PP Gauge UNIT,15.20135021
Line-5,Machine-86,28-11-2024 18:07,28-11-2024 18:23,Electrical Defect,PP Gauge UNIT,16.0052166
Line-5,Machine-86,05-12-2024 15:16,05-12-2024 15:25,Electrical Defect,PP Gauge UNIT,9.12381649
Line-5,Machine-86,05-12-2024 16:07,05-12-2024 16:20,Electrical Defect,PP Gauge UNIT,12.24720001
Line-5,Machine-86,16-12-2024 14:30,16-12-2024 14:46,Electrical Defect,PP Gauge UNIT,16.14498329
Line-5,Machine-86,16-12-2024 16:10,16-12-2024 16:21,Electrical Defect,PP Gauge UNIT,11.13346672
Line-5,Machine-86,17-12-2024 17:03,17-12-2024 17:12,Electrical Defect,PP Gauge UNIT,8.460933685
Line-5,Machine-86,26-12-2024 15:25,26-12-2024 15:31,Electrical Defect,PP Gauge UNIT,6.318266869
Line-5,Machine-86,26-12-2024 19:26,26-12-2024 19:31,Electrical Defect,PP Gauge UNIT,5.601083279
Line-5,Machine-86,26-12-2024 18:25,26-12-2024 18:50,Electrical Defect,Work head unit,24.36594963
Line-5,Machine-86,09-01-2025 22:37,09-01-2025 22:46,Electrical Defect,PP Gauge UNIT,9.285116196
Line-5,Machine-86,11-01-2025 16:42,11-01-2025 17:04,Electrical Defect,PP Gauge UNIT,22.72301674
Line-5,Machine-86,15-01-2025 22:43,15-01-2025 22:48,Electrical Defect,PP Gauge UNIT,5.450349808
Line-5,Machine-86,21-01-2025 17:16,21-01-2025 17:29,Electrical Defect,PP Gauge UNIT,13.23888302
Line-5,Machine-86,22-01-2025 16:26,22-01-2025 16:32,Electrical Defect,PP Gauge UNIT,5.886000156
Line-5,Machine-86,30-01-2025 18:03,30-01-2025 18:16,Electrical Defect,PP Gauge UNIT,12.41441631
Line-5,Machine-86,30-01-2025 20:09,30-01-2025 20:20,Electrical Defect,PP Gauge UNIT,11.05803299
Line-5,Machine-86,19-02-2025 17:26,19-02-2025 17:35,Electrical Defect,PP Gauge UNIT,8.224432945
Line-5,Machine-86,19-02-2025 21:16,19-02-2025 21:24,Electrical Defect,PP Gauge UNIT,7.927750111
Line-5,Machine-86,02-03-2025 16:35,02-03-2025 16:40,Electrical Defect,PP Gauge UNIT,5.603266716
Line-5,Machine-86,02-03-2025 22:11,02-03-2025 22:16,Electrical Defect,PP Gauge UNIT,5.092366695
Line-5,Machine-86,03-03-2025 16:42,03-03-2025 16:48,Electrical Defect,PP Gauge UNIT,5.985233307
Line-5,Machine-86,03-03-2025 18:37,03-03-2025 18:43,Electrical Defect,PP Gauge UNIT,6.012800217
Line-5,Machine-86,07-03-2025 17:29,07-03-2025 17:46,Electrical Defect,Intlet conveyor,16.61143303
Line-5,Machine-86,07-03-2025 18:33,07-03-2025 18:38,Electrical Defect,Intlet conveyor,5.805049896
Line-5,Machine-86,09-03-2025 18:03,09-03-2025 18:14,Electrical Defect,PP Gauge UNIT,11.15155029
Line-5,Machine-86,12-03-2025 18:09,12-03-2025 18:15,Electrical Defect,PP Gauge UNIT,5.427916527
Line-5,Machine-86,12-03-2025 21:58,12-03-2025 22:11,Electrical Defect,PP Gauge UNIT,13.07961655
Line-5,Machine-86,16-03-2025 16:30,16-03-2025 16:37,Electrical Defect,Rotary hopper,6.881800175
Line-5,Machine-86,28-03-2025 16:43,28-03-2025 16:55,Electrical Defect,PP Gauge UNIT,11.68141651
Line-5,Machine-86,28-03-2025 22:09,28-03-2025 22:21,Electrical Defect,PP Gauge UNIT,11.92011642
Line-5,Machine-86,02-04-2025 19:14,02-04-2025 19:22,Electrical Defect,PP Gauge UNIT,8.078316689
Line-5,Machine-86,03-04-2025 14:57,03-04-2025 15:03,Electrical Defect,PP Gauge UNIT,5.832816601
Line-5,Machine-86,03-04-2025 17:26,03-04-2025 17:32,Electrical Defect,PP Gauge UNIT,5.237166882
Line-5,Machine-86,06-04-2025 15:39,06-04-2025 15:45,Electrical Defect,PP Gauge UNIT,5.363883495
Line-5,Machine-86,06-04-2025 15:48,06-04-2025 15:53,Electrical Defect,PP Gauge UNIT,5.847400188
Line-5,Machine-86,06-04-2025 19:20,06-04-2025 19:32,Electrical Defect,PP Gauge UNIT,11.67164993
Line-5,Machine-86,23-04-2025 21:52,23-04-2025 22:00,Electrical Defect,PP Gauge UNIT,8.098449707
Line-5,Machine-86,29-04-2025 20:19,29-04-2025 20:30,Electrical Defect,Relay Contactor,11.61814976
Line-5,Machine-86,29-04-2025 20:43,29-04-2025 20:53,Electrical Defect,Relay Contactor,9.921016693
Line-5,Machine-86,06-11-2024 03:57,06-11-2024 04:33,Electrical Defect,Relay Contactor,35.50976563
Line-5,Machine-86,19-11-2024 00:02,19-11-2024 00:08,Electrical Defect,PP Gauge UNIT,5.499583244
Line-5,Machine-86,03-12-2024 00:18,03-12-2024 00:24,Electrical Defect,PP Gauge UNIT,5.80009985
Line-5,Machine-86,07-12-2024 23:00,07-12-2024 23:12,Electrical Defect,PP Gauge UNIT,12.23639965
Line-5,Machine-86,09-12-2024 02:04,09-12-2024 02:16,Electrical Defect,PP Gauge UNIT,12.02168369
Line-5,Machine-86,09-12-2024 04:52,09-12-2024 05:05,Electrical Defect,PP Gauge UNIT,13.09381676
Line-5,Machine-86,14-12-2024 03:17,14-12-2024 03:24,Electrical Defect,PP Gauge UNIT,7.668316841
Line-5,Machine-86,21-12-2024 00:04,21-12-2024 00:10,Electrical Defect,Motor,5.196549892
Line-5,Machine-86,28-12-2024 00:31,28-12-2024 00:38,Electrical Defect,PP Gauge UNIT,7.473233223
Line-5,Machine-86,28-12-2024 03:31,28-12-2024 03:42,Electrical Defect,PP Gauge UNIT,10.89941692
Line-5,Machine-86,30-12-2024 05:08,30-12-2024 06:00,Electrical Defect,Sensor Setting,51.13019943
Line-5,Machine-86,31-12-2024 01:27,31-12-2024 01:32,Electrical Defect,PP Gauge UNIT,5.284450054
Line-5,Machine-86,31-12-2024 01:38,31-12-2024 01:51,Electrical Defect,PP Gauge UNIT,12.97346687
Line-5,Machine-86,31-12-2024 04:20,31-12-2024 04:30,Electrical Defect,PP Gauge UNIT,10.52786636
Line-5,Machine-86,01-01-2025 01:54,01-01-2025 01:59,Electrical Defect,Servo Motor,5.46483326
Line-5,Machine-86,17-01-2025 04:08,17-01-2025 04:19,Electrical Defect,PP Gauge UNIT,11.16046619
Line-5,Machine-86,21-01-2025 00:27,21-01-2025 00:33,Electrical Defect,PP Gauge UNIT,5.707166672
Line-5,Machine-86,21-01-2025 03:57,21-01-2025 04:07,Electrical Defect,PP Gauge UNIT,9.632816315
Line-5,Machine-86,21-01-2025 04:12,21-01-2025 04:24,Electrical Defect,PP Gauge UNIT,11.30236626
Line-5,Machine-86,22-01-2025 04:45,22-01-2025 04:58,Electrical Defect,PP Gauge UNIT,13.3458662
Line-5,Machine-86,02-02-2025 05:29,02-02-2025 05:34,Electrical Defect,PP Gauge UNIT,5.620016575
Line-5,Machine-86,05-02-2025 00:16,05-02-2025 00:28,Electrical Defect,PP Gauge UNIT,12.11524963
Line-5,Machine-86,11-03-2025 02:31,11-03-2025 02:36,Electrical Defect,PP Gauge UNIT,5.332966805
Line-5,Machine-86,13-03-2025 02:56,13-03-2025 03:11,Electrical Defect,Wheel spindle,14.92914963
Line-5,Machine-86,28-03-2025 05:09,28-03-2025 05:14,Electrical Defect,PP Gauge UNIT,5.022316456
Line-5,Machine-86,03-04-2025 23:45,03-04-2025 23:51,Electrical Defect,PP Gauge UNIT,5.949999809
Line-5,Machine-86,08-04-2025 01:21,08-04-2025 01:28,Electrical Defect,PP Gauge UNIT,7.192649841
Line-5,Machine-86,08-04-2025 23:15,08-04-2025 23:24,Electrical Defect,PP Gauge UNIT,9.278266907
Line-5,Machine-86,09-04-2025 01:02,09-04-2025 01:08,Electrical Defect,PP Gauge UNIT,5.564433098
Line-5,Machine-86,10-04-2025 02:01,10-04-2025 02:08,Electrical Defect,PP Gauge UNIT,6.32098341
Line-5,Machine-86,12-04-2025 03:37,12-04-2025 03:43,Electrical Defect,PP Gauge UNIT,6.350466728
Line-5,Machine-86,15-04-2025 03:06,15-04-2025 03:12,Electrical Defect,PP Gauge UNIT,6.110199928
Line-5,Machine-86,29-04-2025 00:53,29-04-2025 00:58,Electrical Defect,PP Gauge UNIT,5.187266827
Line-7,Machine-87,09-11-2024 11:19,09-11-2024 11:28,Electrical Defect,Relay Contactor,9.314783096
Line-7,Machine-87,16-11-2024 09:34,16-11-2024 09:40,Electrical Defect,Sensor Setting,5.84038353
Line-7,Machine-87,16-11-2024 11:01,16-11-2024 11:11,Electrical Defect,Sensor Setting,9.541132927
Line-7,Machine-87,19-12-2024 07:00,19-12-2024 07:28,Electrical Defect,Relay Contactor,27.99306679
Line-7,Machine-87,20-01-2025 06:43,20-01-2025 06:56,Electrical Defect,Intlet conveyor,12.26641655
Line-7,Machine-87,01-02-2025 09:51,01-02-2025 09:57,Electrical Defect,Pressure switch,5.84924984
Line-7,Machine-87,23-02-2025 08:58,23-02-2025 09:26,Electrical Defect,Traverse Unit,27.94075012
Line-7,Machine-87,23-02-2025 12:04,23-02-2025 12:14,Electrical Defect,Traverse Unit,9.190416336
Line-7,Machine-87,08-03-2025 13:43,08-03-2025 14:03,Electrical Defect,Transfer conveyor system,20.67580032
Line-7,Machine-87,09-04-2025 10:52,09-04-2025 11:16,Electrical Defect,Sensor Setting,24.41186714
Line-7,Machine-87,12-11-2024 19:22,12-11-2024 19:27,Electrical Defect,Sensor Setting,5.259166718
Line-7,Machine-87,12-11-2024 19:57,12-11-2024 20:06,Electrical Defect,Sensor Setting,9.586583138
Line-7,Machine-87,18-01-2025 16:19,18-01-2025 16:42,Electrical Defect,Relay Contactor,23.38553429
Line-7,Machine-87,10-02-2025 14:54,10-02-2025 15:01,Electrical Defect,Relay Contactor,6.917966843
Line-7,Machine-87,13-02-2025 19:49,13-02-2025 23:00,Electrical Defect,Relay Contactor,190.5672302
Line-7,Machine-87,30-12-2024 05:06,30-12-2024 05:29,Electrical Defect,Chuck Magnet,22.6829834
Line-7,Machine-87,04-01-2025 03:04,04-01-2025 03:39,Electrical Defect,Chuck Magnet,34.87083435
Line-7,Machine-87,14-03-2025 00:56,14-03-2025 01:05,Electrical Defect,Relay Contactor,8.363349915
Line-7,Machine-88,16-11-2024 09:16,16-11-2024 09:23,Electrical Defect,Sensor Setting,6.982266903
Line-7,Machine-88,16-11-2024 10:47,16-11-2024 11:01,Electrical Defect,Sensor Setting,13.64693356
Line-7,Machine-88,03-12-2024 06:22,03-12-2024 06:27,Electrical Defect,Relay Contactor,5.169149876
Line-7,Machine-88,19-12-2024 06:31,19-12-2024 07:00,Electrical Defect,Demag unit,29.14086723
Line-7,Machine-88,20-01-2025 06:21,20-01-2025 06:34,Electrical Defect,Intlet conveyor,12.58415031
Line-7,Machine-88,20-01-2025 06:37,20-01-2025 06:43,Electrical Defect,Intlet conveyor,6.066249847
Line-7,Machine-88,01-02-2025 09:13,01-02-2025 09:51,Electrical Defect,Pressure switch,38.70195007
Line-7,Machine-88,13-03-2025 09:20,13-03-2025 09:45,Electrical Defect,Demag unit,25.41806602
Line-7,Machine-88,12-11-2024 19:36,12-11-2024 19:44,Electrical Defect,Sensor Setting,7.246850014
Line-7,Machine-88,14-11-2024 16:47,14-11-2024 17:23,Electrical Defect,Sensor Setting,36.6888504
Line-7,Machine-88,18-11-2024 17:45,18-11-2024 18:03,Electrical Defect,Stone wear,17.32663345
Line-7,Machine-88,03-12-2024 14:47,03-12-2024 14:54,Electrical Defect,Sensor Setting,7.029566765
Line-7,Machine-88,25-12-2024 15:55,25-12-2024 16:05,Electrical Defect,Sensor Setting,10.38739967
Line-7,Machine-88,21-01-2025 16:40,21-01-2025 16:49,Electrical Defect,Transfer conveyor system,8.612833023
Line-7,Machine-88,10-02-2025 15:01,10-02-2025 15:08,Electrical Defect,Relay Contactor,7.929066658
Line-7,Machine-88,13-02-2025 18:20,13-02-2025 18:20,Electrical Defect,Oscillation unit,0
Line-7,Machine-88,13-02-2025 19:49,13-02-2025 19:49,Electrical Defect,Oscillation unit,0
Line-7,Machine-88,18-02-2025 22:17,18-02-2025 22:26,Electrical Defect,Stone(Honing) Pressure Unit,9.374567032
Line-7,Machine-88,13-03-2025 23:19,14-03-2025 00:56,Electrical Defect,Relay Contactor,97.51609802
Line-7,Machine-88,14-03-2025 01:07,14-03-2025 01:28,Electrical Defect,Sensor Setting,21.35745049
Line-15,Machine-89,15-11-2024 09:43,15-11-2024 10:32,Electrical Defect,Machine Control Panel,49.22005081
Line-15,Machine-89,15-11-2024 10:46,15-11-2024 11:32,Electrical Defect,Machine Control Panel,45.76440048
Line-15,Machine-89,28-11-2024 06:56,28-11-2024 07:12,Electrical Defect,Relay Contactor,16.01523399
Line-15,Machine-89,28-11-2024 12:07,28-11-2024 12:29,Electrical Defect,Relay Contactor,21.57724953
Line-15,Machine-89,17-01-2025 11:09,17-01-2025 11:16,Electrical Defect,Transfer conveyor system,7.234300137
Line-15,Machine-89,12-11-2024 20:19,12-11-2024 20:28,Electrical Defect,Wheel spindle,9.065600395
Line-15,Machine-89,12-11-2024 22:22,12-11-2024 23:00,Electrical Defect,Wheel spindle,37.23735046
Line-15,Machine-89,28-11-2024 21:48,28-11-2024 22:12,Electrical Defect,Chuck Magnet,24.06758308
Line-15,Machine-89,05-12-2024 20:59,05-12-2024 22:07,Electrical Defect,Chuck Magnet,67.37078094
Line-15,Machine-89,11-12-2024 21:11,11-12-2024 21:22,Electrical Defect,Gauge Amplifier,10.37536621
Line-15,Machine-89,11-12-2024 21:22,11-12-2024 22:25,Electrical Defect,Gauge Amplifier,62.85253143
Line-15,Machine-89,12-12-2024 00:54,12-12-2024 01:01,Electrical Defect,Sensor Setting,7.347750187
Line-15,Machine-89,03-02-2025 23:29,04-02-2025 00:04,Electrical Defect,CNC power supply Module,34.58649826
Line-15,Machine-89,04-02-2025 00:16,04-02-2025 00:22,Electrical Defect,CNC power supply Module,5.936383247
Line-15,Machine-89,12-03-2025 01:42,12-03-2025 01:56,Electrical Defect,Relay Contactor,13.48308372
Line-15,Machine-89,12-03-2025 23:41,13-03-2025 00:02,Electrical Defect,Transfer conveyor system,21.3702507
Line-7,Machine-90,11-11-2024 07:52,11-11-2024 08:07,Electrical Defect,Relay Contactor,15.08943367
Line-7,Machine-90,30-11-2024 06:15,30-11-2024 06:20,Electrical Defect,Oscillation unit,5.180799961
Line-7,Machine-90,30-11-2024 07:09,30-11-2024 07:22,Electrical Defect,Oscillation unit,13.39553356
Line-7,Machine-90,03-12-2024 14:00,03-12-2024 14:30,Electrical Defect,Relay Contactor,29.76481628
Line-7,Machine-90,03-12-2024 09:06,03-12-2024 12:14,Electrical Defect,Traverse Unit,187.8258362
Line-7,Machine-90,03-12-2024 12:58,03-12-2024 13:06,Electrical Defect,Traverse Unit,7.515816689
Line-7,Machine-90,04-12-2024 09:01,04-12-2024 09:06,Electrical Defect,Panel A.C.,5.477983475
Line-7,Machine-90,07-12-2024 13:30,07-12-2024 13:52,Electrical Defect,Sensor Setting,22.35689926
Line-7,Machine-90,10-12-2024 10:35,10-12-2024 10:43,Electrical Defect,PP Gauge UNIT,8.048466682
Line-7,Machine-90,13-12-2024 09:57,13-12-2024 10:03,Electrical Defect,PP Gauge UNIT,6.671500206
Line-7,Machine-90,28-12-2024 07:23,28-12-2024 08:23,Electrical Defect,PP Gauge UNIT,60.74733353
Line-7,Machine-90,25-01-2025 06:00,25-01-2025 06:39,Electrical Defect,Sensor Setting,39.08683395
Line-7,Machine-90,27-01-2025 13:20,27-01-2025 13:28,Electrical Defect,PP Gauge UNIT,8.25249958
Line-7,Machine-90,04-02-2025 08:00,04-02-2025 08:24,Electrical Defect,Wheel spindle,23.92749977
Line-7,Machine-90,22-02-2025 13:19,22-02-2025 13:24,Electrical Defect,PP Gauge UNIT,5.838049889
Line-7,Machine-90,26-02-2025 07:26,26-02-2025 07:38,Electrical Defect,Chuck Magnet,11.47984982
Line-7,Machine-90,05-03-2025 06:53,05-03-2025 07:51,Electrical Defect,Machine Control Panel,57.93289948
Line-7,Machine-90,07-03-2025 11:20,07-03-2025 11:58,Electrical Defect,Relay Contactor,38.30126572
Line-7,Machine-90,11-03-2025 11:02,11-03-2025 11:18,Electrical Defect,Relay Contactor,16.01168251
Line-7,Machine-90,13-03-2025 06:15,13-03-2025 06:22,Electrical Defect,Chuck Magnet,6.525916576
Line-7,Machine-90,21-03-2025 07:28,21-03-2025 07:34,Electrical Defect,Chuck Magnet,6.033750057
Line-7,Machine-90,21-03-2025 08:50,21-03-2025 08:56,Electrical Defect,Chuck Magnet,6.484066486
Line-7,Machine-90,21-03-2025 09:41,21-03-2025 10:03,Electrical Defect,Chuck Magnet,21.46958351
Line-7,Machine-90,23-04-2025 11:03,23-04-2025 12:37,Electrical Defect,Servo Motor,94.16033173
Line-7,Machine-90,07-11-2024 14:54,07-11-2024 15:16,Electrical Defect,PP Gauge UNIT,21.85113335
Line-7,Machine-90,07-11-2024 17:31,07-11-2024 17:41,Electrical Defect,PP Gauge UNIT,10.67643356
Line-7,Machine-90,27-11-2024 19:59,27-11-2024 20:06,Electrical Defect,PP Gauge UNIT,7.357116699
Line-7,Machine-90,29-11-2024 15:08,29-11-2024 15:19,Electrical Defect,Relay Contactor,11.31796646
Line-7,Machine-90,02-12-2024 14:41,02-12-2024 14:57,Electrical Defect,PP Gauge UNIT,16.01681709
Line-7,Machine-90,15-12-2024 22:40,15-12-2024 23:00,Electrical Defect,PP Gauge UNIT,19.96428299
Line-7,Machine-90,24-12-2024 18:24,24-12-2024 18:37,Electrical Defect,Demag unit,12.9156332
Line-7,Machine-90,24-12-2024 19:00,24-12-2024 21:17,Electrical Defect,Demag unit,136.8316345
Line-7,Machine-90,15-01-2025 20:27,15-01-2025 23:00,Electrical Defect,Sensor Setting,152.9895935
Line-7,Machine-90,16-01-2025 15:09,16-01-2025 15:31,Electrical Defect,PP Gauge UNIT,21.49681664
Line-7,Machine-90,16-01-2025 22:04,16-01-2025 22:12,Electrical Defect,PP Gauge UNIT,8.83346653
Line-7,Machine-90,13-02-2025 19:59,13-02-2025 23:00,Electrical Defect,Stone holder,180.6313782
Line-7,Machine-90,15-02-2025 15:37,15-02-2025 15:42,Electrical Defect,Machine Control Panel,5.600716591
Line-7,Machine-90,22-02-2025 18:17,22-02-2025 18:39,Electrical Defect,Solonoid Valve,21.84995079
Line-7,Machine-90,22-02-2025 22:04,22-02-2025 22:09,Electrical Defect,PP Gauge UNIT,5.269866467
Line-7,Machine-90,26-02-2025 14:52,26-02-2025 14:59,Electrical Defect,PP Gauge UNIT,6.435349941
Line-7,Machine-90,16-03-2025 15:51,16-03-2025 16:23,Electrical Defect,Relay Contactor,32.60526657
Line-7,Machine-90,12-04-2025 20:45,12-04-2025 21:00,Electrical Defect,Overload Current,15.1126833
Line-7,Machine-90,16-12-2024 04:06,16-12-2024 04:12,Electrical Defect,Intlet conveyor,5.81588316
Line-7,Machine-90,30-12-2024 23:00,30-12-2024 23:58,Electrical Defect,Intlet conveyor,58.63240051
Line-7,Machine-90,25-01-2025 05:42,25-01-2025 06:00,Electrical Defect,Gauge head,17.26198387
Line-7,Machine-90,16-02-2025 04:30,16-02-2025 04:39,Electrical Defect,PP Gauge UNIT,8.85011673
Line-7,Machine-90,25-02-2025 23:33,25-02-2025 23:39,Electrical Defect,Relay Contactor,5.912549973
Line-7,Machine-90,26-02-2025 00:10,26-02-2025 01:11,Electrical Defect,Chuck Magnet,61.28638458
Line-7,Machine-90,01-03-2025 03:09,01-03-2025 03:18,Electrical Defect,Chuck Magnet,8.821267128
Line-7,Machine-90,10-03-2025 00:09,10-03-2025 00:14,Electrical Defect,PP Gauge UNIT,5.133533478
Line-7,Machine-90,10-03-2025 05:05,10-03-2025 05:11,Electrical Defect,PP Gauge UNIT,6.157233238
Line-7,Machine-90,18-03-2025 04:00,18-03-2025 04:24,Electrical Defect,Relay Contactor,23.47416687
Line-7,Machine-90,08-04-2025 00:58,08-04-2025 01:20,Electrical Defect,Chuck Magnet,21.55558395
Line-7,Machine-90,08-04-2025 01:57,08-04-2025 02:12,Electrical Defect,Chuck Magnet,14.96850014
Line-7,Machine-90,16-04-2025 00:01,16-04-2025 00:13,Electrical Defect,Sensor Setting,12.00953293
Line-7,Machine-90,26-04-2025 04:15,26-04-2025 05:01,Electrical Defect,Slide Lock,46.0104332
Line-11,Machine-91,13-11-2024 10:47,13-11-2024 11:13,Electrical Defect,Machine Control Panel,26.35728264
Line-11,Machine-91,13-11-2024 11:57,13-11-2024 12:24,Electrical Defect,Machine Control Panel,26.94199944
Line-11,Machine-91,27-11-2024 08:19,27-11-2024 08:25,Electrical Defect,Chuck Magnet,6.167533398
Line-11,Machine-91,11-12-2024 12:55,11-12-2024 13:21,Electrical Defect,High frequency Spindle cable,26.12138367
Line-11,Machine-91,12-12-2024 11:53,12-12-2024 12:07,Electrical Defect,Relay Contactor,13.38006687
Line-11,Machine-91,17-12-2024 11:18,17-12-2024 11:40,Electrical Defect,Hand wheel Feed,21.9354496
Line-11,Machine-91,20-12-2024 13:14,20-12-2024 13:54,Electrical Defect,Work head unit,40.60931778
Line-11,Machine-91,21-12-2024 11:55,21-12-2024 12:06,Electrical Defect,Work head unit,11.05053329
Line-11,Machine-91,06-01-2025 07:57,06-01-2025 08:05,Electrical Defect,Relay Contactor,8.570567131
Line-11,Machine-91,06-01-2025 14:17,06-01-2025 14:24,Electrical Defect,Relay Contactor,7.636783123
Line-11,Machine-91,01-02-2025 10:46,01-02-2025 10:55,Electrical Defect,Demag unit,8.290816307
Line-11,Machine-91,14-02-2025 09:12,14-02-2025 09:24,Electrical Defect,Sensor Setting,12.00769997
Line-11,Machine-91,28-02-2025 08:50,28-02-2025 10:15,Electrical Defect,Dresser unit,85.15878296
Line-11,Machine-91,03-03-2025 11:00,03-03-2025 11:50,Electrical Defect,Relay Contactor,49.58853149
Line-11,Machine-91,06-03-2025 10:46,06-03-2025 11:09,Electrical Defect,Sensor Setting,22.93403244
Line-11,Machine-91,13-03-2025 07:07,13-03-2025 07:33,Electrical Defect,PP Gauge UNIT,25.97333336
Line-11,Machine-91,16-04-2025 07:19,16-04-2025 07:33,Electrical Defect,Chuck Magnet,14.46321678
Line-11,Machine-91,26-04-2025 08:53,26-04-2025 09:07,Electrical Defect,Demag unit,13.85634995
Line-11,Machine-91,14-12-2024 18:39,14-12-2024 19:32,Electrical Defect,Hydraulic system,53.5581665
Line-11,Machine-91,16-12-2024 19:22,16-12-2024 19:42,Electrical Defect,Work head unit,19.10059929
Line-11,Machine-91,24-12-2024 16:08,24-12-2024 17:41,Electrical Defect,Work head unit,92.71884918
Line-11,Machine-91,02-01-2025 19:56,02-01-2025 20:06,Electrical Defect,Gauge Amplifier,9.241283417
Line-11,Machine-91,04-01-2025 16:39,04-01-2025 16:51,Electrical Defect,Sensor Setting,12.02281666
Line-11,Machine-91,21-01-2025 15:57,21-01-2025 16:07,Electrical Defect,Stone holder,10.69188309
Line-11,Machine-91,21-01-2025 18:24,21-01-2025 18:29,Electrical Defect,Stone holder,5.301516533
Line-11,Machine-91,21-01-2025 18:55,21-01-2025 19:13,Electrical Defect,Stone holder,17.73284912
Line-11,Machine-91,10-02-2025 18:08,10-02-2025 18:19,Electrical Defect,Chuck Magnet,10.72021675
Line-11,Machine-91,11-02-2025 20:48,11-02-2025 21:14,Electrical Defect,Overload Current,25.93395042
Line-11,Machine-91,02-04-2025 17:36,02-04-2025 18:12,Electrical Defect,Sensor Setting,36.00999832
Line-11,Machine-91,07-04-2025 22:40,07-04-2025 23:00,Electrical Defect,Chuck Magnet,19.22521591
Line-11,Machine-91,13-11-2024 02:38,13-11-2024 05:03,Electrical Defect,Machine Control Panel,144.6726532
Line-11,Machine-91,26-11-2024 03:43,26-11-2024 04:11,Electrical Defect,Chuck Magnet,27.48163414
Line-11,Machine-91,08-12-2024 23:00,08-12-2024 23:09,Electrical Defect,Chuck Magnet,9.478666306
Line-11,Machine-91,23-12-2024 05:40,23-12-2024 06:00,Electrical Defect,Sensor Setting,19.38805008
Line-11,Machine-91,26-12-2024 23:02,26-12-2024 23:11,Electrical Defect,Chuck Magnet,9.331899643
Line-11,Machine-91,29-12-2024 01:14,29-12-2024 01:22,Electrical Defect,Chuck Magnet,8.207566261
Line-11,Machine-91,12-01-2025 01:23,12-01-2025 01:58,Electrical Defect,Servo Motor,34.68993378
Line-11,Machine-91,02-02-2025 02:16,02-02-2025 02:34,Electrical Defect,Demag unit,18.46718407
Line-11,Machine-91,04-02-2025 01:39,04-02-2025 01:47,Electrical Defect,Gauge Amplifier,8.060116768
Line-11,Machine-91,16-03-2025 01:32,16-03-2025 01:37,Electrical Defect,Sensor Setting,5.062099934
Line-11,Machine-91,07-04-2025 23:00,07-04-2025 23:43,Electrical Defect,Chuck Magnet,43.80398178
Line-4,Machine-92,03-11-2024 06:49,03-11-2024 06:58,Electrical Defect,PP Gauge UNIT,8.532933235
Line-4,Machine-92,03-11-2024 09:04,03-11-2024 09:11,Electrical Defect,PP Gauge UNIT,6.274849892
Line-4,Machine-92,03-11-2024 11:41,03-11-2024 11:49,Electrical Defect,PP Gauge UNIT,7.386466503
Line-4,Machine-92,11-11-2024 09:50,11-11-2024 09:56,Electrical Defect,PP Gauge UNIT,5.278883457
Line-4,Machine-92,12-11-2024 13:00,12-11-2024 13:07,Electrical Defect,Chuck Magnet,7.694866657
Line-4,Machine-92,12-11-2024 13:12,12-11-2024 14:02,Electrical Defect,Demag unit,49.60124969
Line-4,Machine-92,22-11-2024 12:42,22-11-2024 13:05,Electrical Defect,Relay Contactor,23.46393394
Line-4,Machine-92,27-11-2024 07:39,27-11-2024 09:33,Electrical Defect,Relay Contactor,113.5523148
Line-4,Machine-92,28-11-2024 09:28,28-11-2024 09:33,Electrical Defect,PP Gauge UNIT,5.031366825
Line-4,Machine-92,29-11-2024 07:31,29-11-2024 07:37,Electrical Defect,Relay Contactor,5.966800213
Line-4,Machine-92,29-11-2024 06:26,29-11-2024 06:33,Electrical Defect,PP Gauge UNIT,6.867166519
Line-4,Machine-92,02-12-2024 06:54,02-12-2024 07:02,Electrical Defect,PP Gauge UNIT,7.431049824
Line-4,Machine-92,02-12-2024 08:01,02-12-2024 08:07,Electrical Defect,PP Gauge UNIT,6.060316563
Line-4,Machine-92,05-12-2024 07:59,05-12-2024 08:04,Electrical Defect,Gauge Amplifier,5.48971653
Line-4,Machine-92,05-12-2024 08:35,05-12-2024 08:56,Electrical Defect,Gauge Amplifier,21.02753258
Line-4,Machine-92,07-12-2024 12:43,07-12-2024 12:49,Electrical Defect,Gauge head,5.676366806
Line-4,Machine-92,07-12-2024 10:34,07-12-2024 10:50,Electrical Defect,PP Gauge UNIT,16.77931595
Line-4,Machine-92,08-12-2024 09:20,08-12-2024 09:46,Electrical Defect,Machine Control Panel,26.05646706
Line-4,Machine-92,11-12-2024 13:13,11-12-2024 13:25,Electrical Defect,PP Gauge UNIT,12.03015041
Line-4,Machine-92,11-12-2024 13:46,11-12-2024 14:25,Electrical Defect,PP Gauge UNIT,38.87815094
Line-4,Machine-92,17-12-2024 08:54,17-12-2024 09:48,Electrical Defect,Relay Contactor,54.70529938
Line-4,Machine-92,20-12-2024 06:29,20-12-2024 06:34,Electrical Defect,PP Gauge UNIT,5.649816513
Line-4,Machine-92,21-12-2024 10:43,21-12-2024 10:49,Electrical Defect,PP Gauge UNIT,5.808016777
Line-4,Machine-92,09-01-2025 09:07,09-01-2025 09:13,Electrical Defect,PP Gauge UNIT,6.229866505
Line-4,Machine-92,27-01-2025 10:42,27-01-2025 10:49,Electrical Defect,PP Gauge UNIT,7.383316517
Line-4,Machine-92,04-02-2025 06:00,04-02-2025 06:38,Electrical Defect,Machine Control Panel,38.12823486
Line-4,Machine-92,04-02-2025 07:12,04-02-2025 07:34,Electrical Defect,Machine Control Panel,22.07848358
Line-4,Machine-92,06-02-2025 11:07,06-02-2025 11:28,Electrical Defect,Gauge Amplifier,21.23898315
Line-4,Machine-92,12-02-2025 11:53,12-02-2025 12:15,Electrical Defect,PP Gauge UNIT,21.59415054
Line-4,Machine-92,14-02-2025 12:16,14-02-2025 12:33,Electrical Defect,PP Gauge UNIT,17.55348396
Line-4,Machine-92,19-02-2025 06:06,19-02-2025 06:11,Electrical Defect,PP Gauge UNIT,5.019000053
Line-4,Machine-92,21-02-2025 12:33,21-02-2025 12:39,Electrical Defect,PP Gauge UNIT,6.22784996
Line-4,Machine-92,22-02-2025 07:00,22-02-2025 07:06,Electrical Defect,PP Gauge UNIT,5.656933308
Line-4,Machine-92,06-03-2025 12:21,06-03-2025 12:43,Electrical Defect,PP Gauge UNIT,22.00551605
Line-4,Machine-92,10-03-2025 11:05,10-03-2025 11:10,Electrical Defect,PP Gauge UNIT,5.104766846
Line-4,Machine-92,11-03-2025 06:02,11-03-2025 06:07,Electrical Defect,PP Gauge UNIT,5.032666683
Line-4,Machine-92,16-03-2025 09:13,16-03-2025 09:19,Electrical Defect,PP Gauge UNIT,6.273749828
Line-4,Machine-92,24-03-2025 10:42,24-03-2025 10:55,Electrical Defect,PP Gauge UNIT,12.57079983
Line-4,Machine-92,02-04-2025 13:11,02-04-2025 13:25,Electrical Defect,Relay Contactor,13.81696701
Line-4,Machine-92,07-04-2025 10:13,07-04-2025 10:46,Electrical Defect,Gauge head,32.1184845
Line-4,Machine-92,07-04-2025 10:54,07-04-2025 11:32,Electrical Defect,Gauge head,38.61790085
Line-4,Machine-92,07-04-2025 11:32,07-04-2025 11:46,Electrical Defect,Gauge head,13.02071667
Line-4,Machine-92,07-04-2025 13:22,07-04-2025 13:28,Electrical Defect,PP Gauge UNIT,5.909049988
Line-4,Machine-92,10-04-2025 10:26,10-04-2025 10:33,Electrical Defect,PP Gauge UNIT,6.117633343
Line-4,Machine-92,20-04-2025 10:32,20-04-2025 10:38,Electrical Defect,J-type hopper,6.238516808
Line-4,Machine-92,24-04-2025 06:00,24-04-2025 07:00,Electrical Defect,Short Index system,60
Line-4,Machine-92,26-04-2025 11:22,26-04-2025 11:32,Electrical Defect,PP Gauge UNIT,9.634117126
Line-4,Machine-92,26-04-2025 12:11,26-04-2025 12:19,Electrical Defect,PP Gauge UNIT,7.430333138
Line-4,Machine-92,26-04-2025 12:19,26-04-2025 12:25,Electrical Defect,PP Gauge UNIT,6.130783558
Line-4,Machine-92,29-04-2025 09:41,29-04-2025 09:57,Electrical Defect,PP Gauge UNIT,15.6257
Line-4,Machine-92,29-04-2025 10:00,29-04-2025 10:08,Electrical Defect,PP Gauge UNIT,7.86196661
Line-4,Machine-92,30-04-2025 09:07,30-04-2025 09:13,Electrical Defect,PP Gauge UNIT,6.283483505
Line-4,Machine-92,11-11-2024 16:13,11-11-2024 16:23,Electrical Defect,PP Gauge UNIT,9.891083717
Line-4,Machine-92,11-11-2024 20:40,11-11-2024 20:45,Electrical Defect,PP Gauge UNIT,5.961033344
Line-4,Machine-92,13-11-2024 18:18,13-11-2024 18:25,Electrical Defect,Chuck Magnet,7.037116528
Line-4,Machine-92,13-11-2024 17:30,13-11-2024 18:13,Electrical Defect,Demag unit,42.69586563
Line-4,Machine-92,22-11-2024 19:24,22-11-2024 19:35,Electrical Defect,PP Gauge UNIT,11.15505028
Line-4,Machine-92,22-11-2024 19:59,22-11-2024 20:04,Electrical Defect,PP Gauge UNIT,5.345883369
Line-4,Machine-92,05-12-2024 17:53,05-12-2024 18:08,Electrical Defect,PP Gauge UNIT,14.90351677
Line-4,Machine-92,21-01-2025 19:27,21-01-2025 19:53,Electrical Defect,Relay Contactor,25.76874924
Line-4,Machine-92,21-01-2025 17:57,21-01-2025 18:02,Electrical Defect,PP Gauge UNIT,5.186399937
Line-4,Machine-92,23-01-2025 20:51,23-01-2025 20:58,Electrical Defect,PP Gauge UNIT,6.849416733
Line-4,Machine-92,25-01-2025 22:12,25-01-2025 22:18,Electrical Defect,PP Gauge UNIT,5.332616806
Line-4,Machine-92,29-01-2025 17:12,29-01-2025 17:20,Electrical Defect,Sensor Setting,7.986083508
Line-4,Machine-92,13-02-2025 19:45,13-02-2025 19:51,Electrical Defect,PP Gauge UNIT,6.124750137
Line-4,Machine-92,13-02-2025 20:37,13-02-2025 20:42,Electrical Defect,PP Gauge UNIT,5.329666615
Line-4,Machine-92,13-02-2025 15:45,13-02-2025 15:51,Electrical Defect,Demag unit,5.635116577
Line-4,Machine-92,02-03-2025 22:46,02-03-2025 23:00,Electrical Defect,Machine Control Panel,13.22984982
Line-4,Machine-92,05-03-2025 16:16,05-03-2025 16:22,Electrical Defect,PP Gauge UNIT,5.585466862
Line-4,Machine-92,06-03-2025 17:21,06-03-2025 17:29,Electrical Defect,PP Gauge UNIT,7.372200012
Line-4,Machine-92,08-03-2025 16:32,08-03-2025 16:37,Electrical Defect,PP Gauge UNIT,5.017300129
Line-4,Machine-92,08-03-2025 22:04,08-03-2025 22:10,Electrical Defect,PP Gauge UNIT,5.964333534
Line-4,Machine-92,09-03-2025 16:47,09-03-2025 16:53,Electrical Defect,PP Gauge UNIT,5.32521677
Line-4,Machine-92,18-03-2025 20:35,18-03-2025 20:45,Electrical Defect,Sensor Setting,9.579299927
Line-4,Machine-92,24-03-2025 16:03,24-03-2025 16:19,Electrical Defect,PP Gauge UNIT,15.9059
Line-4,Machine-92,25-03-2025 14:41,25-03-2025 14:48,Electrical Defect,PP Gauge UNIT,6.863599777
Line-4,Machine-92,25-03-2025 15:01,25-03-2025 15:07,Electrical Defect,PP Gauge UNIT,6.233716488
Line-4,Machine-92,25-03-2025 15:26,25-03-2025 15:37,Electrical Defect,PP Gauge UNIT,10.23306656
Line-4,Machine-92,25-03-2025 16:17,25-03-2025 16:41,Electrical Defect,PP Gauge UNIT,24.04795074
Line-4,Machine-92,29-03-2025 15:55,29-03-2025 16:03,Electrical Defect,PP Gauge UNIT,7.950333118
Line-4,Machine-92,29-03-2025 16:37,29-03-2025 16:47,Electrical Defect,PP Gauge UNIT,10.28219986
Line-4,Machine-92,30-03-2025 19:03,30-03-2025 19:08,Electrical Defect,PP Gauge UNIT,5.14383316
Line-4,Machine-92,30-03-2025 19:22,30-03-2025 19:29,Electrical Defect,PP Gauge UNIT,6.862166882
Line-4,Machine-92,31-03-2025 22:07,31-03-2025 23:00,Electrical Defect,Relay Contactor,52.75201797
Line-4,Machine-92,03-04-2025 20:15,03-04-2025 20:34,Electrical Defect,Relay Contactor,18.90719986
Line-4,Machine-92,18-04-2025 17:41,18-04-2025 20:27,Electrical Defect,Relay Contactor,165.7240295
Line-4,Machine-92,29-04-2025 16:36,29-04-2025 16:47,Electrical Defect,PP Gauge UNIT,10.98824978
Line-4,Machine-92,01-05-2025 19:50,01-05-2025 20:07,Electrical Defect,PP Gauge UNIT,17.44574928
Line-4,Machine-92,08-11-2024 01:46,08-11-2024 01:54,Electrical Defect,Chuck Magnet,7.79123354
Line-4,Machine-92,10-11-2024 02:33,10-11-2024 02:39,Electrical Defect,PP Gauge UNIT,5.76248312
Line-4,Machine-92,21-11-2024 00:58,21-11-2024 01:27,Electrical Defect,Machine Control Panel,29.39531708
Line-4,Machine-92,10-12-2024 01:35,10-12-2024 01:40,Electrical Defect,PP Gauge UNIT,5.023799896
Line-4,Machine-92,10-12-2024 02:51,10-12-2024 02:59,Electrical Defect,PP Gauge UNIT,7.844433308
Line-4,Machine-92,28-12-2024 23:21,28-12-2024 23:27,Electrical Defect,PP Gauge UNIT,5.96536684
Line-4,Machine-92,29-12-2024 00:54,29-12-2024 00:59,Electrical Defect,PP Gauge UNIT,5.033383369
Line-4,Machine-92,29-12-2024 03:36,29-12-2024 03:44,Electrical Defect,PP Gauge UNIT,8.158516884
Line-4,Machine-92,21-01-2025 00:56,21-01-2025 01:03,Electrical Defect,PP Gauge UNIT,7.419666767
Line-4,Machine-92,21-01-2025 05:15,21-01-2025 05:23,Electrical Defect,PP Gauge UNIT,7.53306675
Line-4,Machine-92,03-02-2025 23:50,04-02-2025 00:00,Electrical Defect,Relay Contactor,10.32051659
Line-4,Machine-92,04-02-2025 01:13,04-02-2025 01:18,Electrical Defect,Relay Contactor,5.283883572
Line-4,Machine-92,04-02-2025 05:44,04-02-2025 06:00,Electrical Defect,Relay Contactor,15.67021656
Line-4,Machine-92,13-02-2025 03:38,13-02-2025 03:48,Electrical Defect,Demag unit,9.580900192
Line-4,Machine-92,02-03-2025 23:00,02-03-2025 23:27,Electrical Defect,Relay Contactor,26.94591713
Line-4,Machine-92,04-03-2025 01:18,04-03-2025 01:31,Electrical Defect,Relay Contactor,13.42916679
Line-4,Machine-92,06-03-2025 01:14,06-03-2025 01:27,Electrical Defect,Sensor Setting,12.97606659
Line-4,Machine-92,06-03-2025 02:53,06-03-2025 02:59,Electrical Defect,Sensor Setting,5.761750221
Line-4,Machine-92,19-03-2025 23:51,20-03-2025 00:00,Electrical Defect,PP Gauge UNIT,8.571766853
Line-4,Machine-92,21-03-2025 23:47,22-03-2025 00:10,Electrical Defect,Relay Contactor,22.72784996
Line-4,Machine-92,25-03-2025 23:00,25-03-2025 23:08,Electrical Defect,Wheel spindle,8.699399948
Line-4,Machine-92,31-03-2025 23:00,31-03-2025 23:42,Electrical Defect,Unloading Feed Roller,42.28561783
Line-4,Machine-92,05-04-2025 23:44,05-04-2025 23:49,Electrical Defect,PP Gauge UNIT,5.041550159
Line-4,Machine-92,08-04-2025 04:07,08-04-2025 04:13,Electrical Defect,PP Gauge UNIT,6.234350204
Line-4,Machine-92,29-04-2025 04:12,29-04-2025 06:00,Electrical Defect,Work head unit,108.0457153
Line-6,Machine-93,12-11-2024 07:37,12-11-2024 07:53,Electrical Defect,Chuck Magnet,16.31936646
Line-6,Machine-93,15-11-2024 08:45,15-11-2024 08:50,Electrical Defect,PP Gauge UNIT,5.403800011
Line-6,Machine-93,11-12-2024 12:50,11-12-2024 13:46,Electrical Defect,Relay Contactor,56.26093292
Line-6,Machine-93,13-12-2024 07:45,13-12-2024 08:28,Electrical Defect,Chuck Magnet,42.76418304
Line-6,Machine-93,13-12-2024 08:31,13-12-2024 09:16,Electrical Defect,Chuck Magnet,45.35176849
Line-6,Machine-93,07-01-2025 06:45,07-01-2025 07:02,Electrical Defect,Transfer conveyor system,16.67704964
Line-6,Machine-93,20-01-2025 07:26,20-01-2025 07:54,Electrical Defect,Lubrication,27.50036621
Line-6,Machine-93,20-01-2025 10:52,20-01-2025 11:10,Electrical Defect,Wheel spindle,18.29688263
Line-6,Machine-93,24-01-2025 11:05,24-01-2025 14:00,Electrical Defect,Relay Contactor,174.8880157
Line-6,Machine-93,24-01-2025 14:10,24-01-2025 14:17,Electrical Defect,PP Gauge UNIT,7.121349812
Line-6,Machine-93,25-01-2025 06:53,25-01-2025 07:04,Electrical Defect,Relay Contactor,11.31568336
Line-6,Machine-93,25-01-2025 10:24,25-01-2025 10:32,Electrical Defect,Relay Contactor,7.409749985
Line-6,Machine-93,15-02-2025 07:38,15-02-2025 07:43,Electrical Defect,PP Gauge UNIT,5.868816853
Line-6,Machine-93,18-02-2025 09:35,18-02-2025 09:41,Electrical Defect,PP Gauge UNIT,5.31156683
Line-6,Machine-93,20-02-2025 11:38,20-02-2025 12:26,Electrical Defect,Gauge head,47.35025024
Line-6,Machine-93,27-02-2025 08:34,27-02-2025 08:41,Electrical Defect,Sensor Setting,7.316349983
Line-6,Machine-93,05-03-2025 08:47,05-03-2025 09:08,Electrical Defect,Relay Contactor,20.81978416
Line-6,Machine-93,06-03-2025 10:50,06-03-2025 11:10,Electrical Defect,Relay Contactor,19.7998333
Line-6,Machine-93,06-03-2025 06:00,06-03-2025 06:59,Electrical Defect,Sensor Setting,59.42839813
Line-6,Machine-93,21-03-2025 10:25,21-03-2025 10:40,Electrical Defect,Relay Contactor,14.88338375
Line-6,Machine-93,23-04-2025 08:11,23-04-2025 08:40,Electrical Defect,Dresser unit,29.21526718
Line-6,Machine-93,23-04-2025 12:08,23-04-2025 12:13,Electrical Defect,Hydraulic system,5.237800121
Line-6,Machine-93,27-04-2025 09:26,27-04-2025 09:33,Electrical Defect,Hand wheel Feed,7.191266537
Line-6,Machine-93,10-12-2024 14:40,10-12-2024 14:49,Electrical Defect,Relay Contactor,9.268750191
Line-6,Machine-93,10-12-2024 15:03,10-12-2024 15:11,Electrical Defect,Relay Contactor,8.246733665
Line-6,Machine-93,11-12-2024 14:30,11-12-2024 15:29,Electrical Defect,Wheel spindle,59.75574875
Line-6,Machine-93,21-12-2024 16:45,21-12-2024 17:33,Electrical Defect,Work head unit,47.21253204
Line-6,Machine-93,22-12-2024 19:26,22-12-2024 19:33,Electrical Defect,Relay Contactor,6.640500069
Line-6,Machine-93,31-12-2024 16:59,31-12-2024 17:04,Electrical Defect,Relay Contactor,5.3583498
Line-6,Machine-93,01-01-2025 21:55,01-01-2025 22:19,Electrical Defect,Sensor Setting,23.76773262
Line-6,Machine-93,07-01-2025 18:19,07-01-2025 18:33,Electrical Defect,PP Gauge UNIT,14.57164955
Line-6,Machine-93,07-01-2025 19:51,07-01-2025 20:06,Electrical Defect,PP Gauge UNIT,15.38641644
Line-6,Machine-93,11-01-2025 22:09,11-01-2025 22:22,Electrical Defect,Relay Contactor,13.5819664
Line-6,Machine-93,11-01-2025 22:27,11-01-2025 22:53,Electrical Defect,Relay Contactor,26.21983337
Line-6,Machine-93,11-01-2025 16:37,11-01-2025 16:44,Electrical Defect,Sensor Setting,6.999849796
Line-6,Machine-93,11-01-2025 17:10,11-01-2025 17:26,Electrical Defect,Sensor Setting,15.42111683
Line-6,Machine-93,16-01-2025 16:33,16-01-2025 16:41,Electrical Defect,PP Gauge UNIT,7.513783455
Line-6,Machine-93,18-01-2025 15:45,18-01-2025 16:45,Electrical Defect,Gauge head,59.39221573
Line-6,Machine-93,18-01-2025 17:51,18-01-2025 17:56,Electrical Defect,Gauge head,5.029366493
Line-6,Machine-93,22-01-2025 21:42,22-01-2025 22:17,Electrical Defect,Sensor Setting,34.58800125
Line-6,Machine-93,05-02-2025 14:30,05-02-2025 19:21,Electrical Defect,Machine Control Panel,290.975708
Line-6,Machine-93,11-02-2025 15:38,11-02-2025 15:48,Electrical Defect,Relay Contactor,9.945217133
Line-6,Machine-93,11-02-2025 16:06,11-02-2025 16:11,Electrical Defect,Relay Contactor,5.296350002
Line-6,Machine-93,17-02-2025 21:01,17-02-2025 21:41,Electrical Defect,Stone(Honing) Pressure Unit,39.52536774
Line-6,Machine-93,20-02-2025 14:30,20-02-2025 14:36,Electrical Defect,Gauge unit,6.10858345
Line-6,Machine-93,12-03-2025 15:09,12-03-2025 15:27,Electrical Defect,Leakage,18.4839325
Line-6,Machine-93,19-03-2025 16:09,19-03-2025 16:20,Electrical Defect,Sensor Setting,11.82635021
Line-6,Machine-93,20-03-2025 17:17,20-03-2025 17:41,Electrical Defect,Hand wheel Feed,24.61775017
Line-6,Machine-93,22-03-2025 14:51,22-03-2025 15:23,Electrical Defect,Relay Contactor,32.31634903
Line-6,Machine-93,30-03-2025 18:26,30-03-2025 19:44,Electrical Defect,Overload Current,77.91481781
Line-6,Machine-93,31-03-2025 22:37,31-03-2025 22:43,Electrical Defect,PP Gauge UNIT,6.242899895
Line-6,Machine-93,01-04-2025 15:19,01-04-2025 15:38,Electrical Defect,PP Gauge UNIT,18.34194946
Line-6,Machine-93,26-11-2024 02:49,26-11-2024 02:57,Electrical Defect,Relay Contactor,7.374583244
Line-6,Machine-93,14-12-2024 02:16,14-12-2024 02:21,Electrical Defect,PP Gauge UNIT,5.610633373
Line-6,Machine-93,06-01-2025 23:23,07-01-2025 00:14,Electrical Defect,Overload Current,51.05003357
Line-6,Machine-93,24-01-2025 23:47,24-01-2025 23:58,Electrical Defect,PP Gauge UNIT,10.76651669
Line-6,Machine-93,25-01-2025 00:42,25-01-2025 00:53,Electrical Defect,PP Gauge UNIT,10.28111649
Line-6,Machine-93,24-01-2025 23:19,24-01-2025 23:36,Electrical Defect,Servo drive,16.53668404
Line-6,Machine-93,25-01-2025 03:58,25-01-2025 04:06,Electrical Defect,Servo drive,8.695750237
Line-6,Machine-93,25-01-2025 05:07,25-01-2025 05:46,Electrical Defect,Servo drive,39.33436584
Line-6,Machine-93,15-02-2025 02:58,15-02-2025 03:04,Electrical Defect,Wheel spindle,5.680233479
Line-6,Machine-93,15-02-2025 04:44,15-02-2025 04:51,Electrical Defect,Wheel spindle,7.270050049
Line-6,Machine-93,18-02-2025 03:39,18-02-2025 03:51,Electrical Defect,Intlet conveyor,12.09343338
Line-6,Machine-93,13-03-2025 03:39,13-03-2025 03:54,Electrical Defect,Wheel spindle,14.60193348
Line-6,Machine-93,02-04-2025 23:13,02-04-2025 23:28,Electrical Defect,PP Gauge UNIT,14.81753349
Line-6,Machine-93,13-04-2025 00:32,13-04-2025 01:10,Electrical Defect,Relay Contactor,37.81015015
Line-6,Machine-93,15-04-2025 04:33,15-04-2025 04:49,Electrical Defect,Gauge head,15.90921688
Line-6,Machine-93,19-04-2025 04:28,19-04-2025 04:34,Electrical Defect,PP Gauge UNIT,5.682483196
Line-6,Machine-93,21-04-2025 05:43,21-04-2025 06:00,Electrical Defect,PP Gauge UNIT,16.96901703
Line-6,Machine-94,11-11-2024 12:22,11-11-2024 12:32,Electrical Defect,PP Gauge UNIT,9.614700317
Line-6,Machine-94,12-11-2024 07:22,12-11-2024 07:37,Electrical Defect,Chuck Magnet,14.05770016
Line-6,Machine-94,14-11-2024 07:32,14-11-2024 07:40,Electrical Defect,PP Gauge UNIT,8.414032936
Line-6,Machine-94,14-11-2024 09:32,14-11-2024 09:40,Electrical Defect,PP Gauge UNIT,8.133116722
Line-6,Machine-94,14-11-2024 13:47,14-11-2024 13:53,Electrical Defect,PP Gauge UNIT,5.611533165
Line-6,Machine-94,22-11-2024 09:30,22-11-2024 09:36,Electrical Defect,PP Gauge UNIT,5.904850006
Line-6,Machine-94,25-11-2024 08:14,25-11-2024 08:21,Electrical Defect,PP Gauge UNIT,6.700783253
Line-6,Machine-94,26-11-2024 13:22,26-11-2024 13:28,Electrical Defect,PP Gauge UNIT,5.589433193
Line-6,Machine-94,04-12-2024 13:32,04-12-2024 13:37,Electrical Defect,PP Gauge UNIT,5.395566463
Line-6,Machine-94,05-12-2024 08:50,05-12-2024 08:59,Electrical Defect,PP Gauge UNIT,9.642550468
Line-6,Machine-94,05-12-2024 10:02,05-12-2024 10:08,Electrical Defect,PP Gauge UNIT,5.700099945
Line-6,Machine-94,06-12-2024 07:45,06-12-2024 07:51,Electrical Defect,PP Gauge UNIT,5.149199963
Line-6,Machine-94,08-12-2024 10:56,08-12-2024 11:03,Electrical Defect,PP Gauge UNIT,7.690083504
Line-6,Machine-94,13-12-2024 14:07,13-12-2024 14:13,Electrical Defect,PP Gauge UNIT,6.377666473
Line-6,Machine-94,14-12-2024 10:49,14-12-2024 10:54,Electrical Defect,PP Gauge UNIT,5.781266689
Line-6,Machine-94,16-12-2024 09:56,16-12-2024 10:01,Electrical Defect,PP Gauge UNIT,5.816233158
Line-6,Machine-94,27-12-2024 07:23,27-12-2024 07:29,Electrical Defect,PP Gauge UNIT,5.820966721
Line-6,Machine-94,28-12-2024 08:38,28-12-2024 08:44,Electrical Defect,PP Gauge UNIT,5.880149841
Line-6,Machine-94,28-12-2024 09:21,28-12-2024 09:27,Electrical Defect,PP Gauge UNIT,5.537533283
Line-6,Machine-94,06-01-2025 06:00,06-01-2025 06:10,Electrical Defect,Relay Contactor,10.19466686
Line-6,Machine-94,07-01-2025 08:26,07-01-2025 08:33,Electrical Defect,PP Gauge UNIT,6.133550167
Line-6,Machine-94,08-01-2025 10:09,08-01-2025 10:15,Electrical Defect,PP Gauge UNIT,5.688799858
Line-6,Machine-94,15-01-2025 06:46,15-01-2025 06:53,Electrical Defect,PP Gauge UNIT,6.793683529
Line-6,Machine-94,15-01-2025 11:24,15-01-2025 11:30,Electrical Defect,PP Gauge UNIT,5.849450111
Line-6,Machine-94,17-01-2025 06:27,17-01-2025 06:38,Electrical Defect,PP Gauge UNIT,11.00503349
Line-6,Machine-94,20-01-2025 09:35,20-01-2025 09:42,Electrical Defect,Wheel spindle,6.076300144
Line-6,Machine-94,22-01-2025 12:33,22-01-2025 12:40,Electrical Defect,Relay Contactor,7.391983509
Line-6,Machine-94,22-01-2025 12:56,22-01-2025 13:01,Electrical Defect,Relay Contactor,5.100399971
Line-6,Machine-94,23-01-2025 13:04,23-01-2025 13:54,Electrical Defect,Relay Contactor,50.49571609
Line-6,Machine-94,24-01-2025 08:25,24-01-2025 08:31,Electrical Defect,Loose connection,5.667500019
Line-6,Machine-94,24-01-2025 08:51,24-01-2025 08:56,Electrical Defect,Loose connection,5.357583523
Line-6,Machine-94,25-01-2025 10:05,25-01-2025 10:18,Electrical Defect,Relay Contactor,12.70540047
Line-6,Machine-94,25-01-2025 11:12,25-01-2025 11:18,Electrical Defect,Relay Contactor,5.504833221
Line-6,Machine-94,27-01-2025 13:07,27-01-2025 13:16,Electrical Defect,PP Gauge UNIT,8.622683525
Line-6,Machine-94,01-02-2025 06:13,01-02-2025 06:19,Electrical Defect,PP Gauge UNIT,5.949749947
Line-6,Machine-94,03-02-2025 10:37,03-02-2025 10:44,Electrical Defect,PP Gauge UNIT,6.865366459
Line-6,Machine-94,05-02-2025 06:14,05-02-2025 06:20,Electrical Defect,Leakage,5.845200062
Line-6,Machine-94,15-02-2025 07:30,15-02-2025 07:36,Electrical Defect,PP Gauge UNIT,5.249450207
Line-6,Machine-94,15-02-2025 08:04,15-02-2025 08:15,Electrical Defect,PP Gauge UNIT,11.21140003
Line-6,Machine-94,16-02-2025 08:01,16-02-2025 08:07,Electrical Defect,Relay Contactor,5.886066437
Line-6,Machine-94,25-02-2025 13:47,25-02-2025 13:55,Electrical Defect,PP Gauge UNIT,7.276666641
Line-6,Machine-94,28-02-2025 07:47,28-02-2025 07:55,Electrical Defect,PP Gauge UNIT,8.003582954
Line-6,Machine-94,05-03-2025 07:55,05-03-2025 08:01,Electrical Defect,Relay Contactor,6.962183475
Line-6,Machine-94,05-03-2025 08:35,05-03-2025 08:43,Electrical Defect,Relay Contactor,8.123983383
Line-6,Machine-94,10-03-2025 12:29,10-03-2025 12:35,Electrical Defect,PP Gauge UNIT,6.393883228
Line-6,Machine-94,13-03-2025 11:58,13-03-2025 12:08,Electrical Defect,PP Gauge UNIT,9.776133537
Line-6,Machine-94,15-03-2025 07:40,15-03-2025 07:46,Electrical Defect,PP Gauge UNIT,6.831850052
Line-6,Machine-94,16-03-2025 09:19,16-03-2025 09:31,Electrical Defect,PP Gauge UNIT,12.22756672
Line-6,Machine-94,18-03-2025 06:26,18-03-2025 06:34,Electrical Defect,PP Gauge UNIT,8.124233246
Line-6,Machine-94,20-03-2025 12:41,20-03-2025 12:47,Electrical Defect,PP Gauge UNIT,5.862683296
Line-6,Machine-94,20-03-2025 13:18,20-03-2025 13:29,Electrical Defect,PP Gauge UNIT,11.15209961
Line-6,Machine-94,21-03-2025 06:42,21-03-2025 06:48,Electrical Defect,PP Gauge UNIT,6.459383488
Line-6,Machine-94,21-03-2025 13:59,21-03-2025 14:06,Electrical Defect,PP Gauge UNIT,6.666416645
Line-6,Machine-94,28-03-2025 06:17,28-03-2025 06:27,Electrical Defect,PP Gauge UNIT,9.452766418
Line-6,Machine-94,28-03-2025 06:58,28-03-2025 07:04,Electrical Defect,PP Gauge UNIT,5.512499809
Line-6,Machine-94,29-03-2025 08:48,29-03-2025 08:54,Electrical Defect,PP Gauge UNIT,5.222216606
Line-6,Machine-94,29-03-2025 11:15,29-03-2025 11:25,Electrical Defect,PP Gauge UNIT,10.7192831
Line-6,Machine-94,01-04-2025 06:57,01-04-2025 07:05,Electrical Defect,PP Gauge UNIT,8.078733444
Line-6,Machine-94,01-04-2025 12:16,01-04-2025 12:22,Electrical Defect,PP Gauge UNIT,6.018149853
Line-6,Machine-94,02-04-2025 10:19,02-04-2025 10:25,Electrical Defect,PP Gauge UNIT,6.800683498
Line-6,Machine-94,03-04-2025 09:52,03-04-2025 09:59,Electrical Defect,PP Gauge UNIT,7.671750069
Line-6,Machine-94,03-04-2025 10:40,03-04-2025 10:48,Electrical Defect,PP Gauge UNIT,7.807449818
Line-6,Machine-94,04-04-2025 10:09,04-04-2025 10:16,Electrical Defect,PP Gauge UNIT,7.197666645
Line-6,Machine-94,08-04-2025 06:39,08-04-2025 06:50,Electrical Defect,PP Gauge UNIT,10.21518326
Line-6,Machine-94,08-04-2025 07:00,08-04-2025 07:11,Electrical Defect,PP Gauge UNIT,10.36655045
Line-6,Machine-94,08-04-2025 13:34,08-04-2025 13:41,Electrical Defect,PP Gauge UNIT,7.367766857
Line-6,Machine-94,09-04-2025 11:46,09-04-2025 11:53,Electrical Defect,PP Gauge UNIT,6.926750183
Line-6,Machine-94,15-04-2025 07:48,15-04-2025 07:53,Electrical Defect,PP Gauge UNIT,5.535349846
Line-6,Machine-94,18-04-2025 12:53,18-04-2025 13:05,Electrical Defect,PP Gauge UNIT,12.00718307
Line-6,Machine-94,21-04-2025 11:01,21-04-2025 11:11,Electrical Defect,PP Gauge UNIT,10.21879959
Line-6,Machine-94,22-04-2025 08:34,22-04-2025 08:41,Electrical Defect,PP Gauge UNIT,6.593850136
Line-6,Machine-94,26-04-2025 07:52,26-04-2025 08:10,Electrical Defect,PP Gauge UNIT,17.34151649
Line-6,Machine-94,26-04-2025 08:54,26-04-2025 09:07,Electrical Defect,PP Gauge UNIT,12.97290039
Line-6,Machine-94,04-11-2024 20:07,04-11-2024 20:13,Electrical Defect,PP Gauge UNIT,5.749899864
Line-6,Machine-94,06-11-2024 17:07,06-11-2024 17:15,Electrical Defect,PP Gauge UNIT,8.658349991
Line-6,Machine-94,07-11-2024 15:14,07-11-2024 15:21,Electrical Defect,PP Gauge UNIT,7.450250149
Line-6,Machine-94,07-11-2024 21:59,07-11-2024 22:04,Electrical Defect,PP Gauge UNIT,5.49545002
Line-6,Machine-94,07-11-2024 22:08,07-11-2024 22:17,Electrical Defect,PP Gauge UNIT,8.350333214
Line-6,Machine-94,08-11-2024 21:10,08-11-2024 21:19,Electrical Defect,PP Gauge UNIT,8.636300087
Line-6,Machine-94,10-11-2024 21:21,10-11-2024 21:35,Electrical Defect,PP Gauge UNIT,13.82076645
Line-6,Machine-94,14-11-2024 16:15,14-11-2024 16:21,Electrical Defect,PP Gauge UNIT,5.53000021
Line-6,Machine-94,14-11-2024 19:43,14-11-2024 19:50,Electrical Defect,PP Gauge UNIT,7.358066559
Line-6,Machine-94,16-11-2024 18:02,16-11-2024 18:10,Electrical Defect,PP Gauge UNIT,7.874400139
Line-6,Machine-94,16-11-2024 20:51,16-11-2024 20:59,Electrical Defect,PP Gauge UNIT,7.234899998
Line-6,Machine-94,17-11-2024 17:04,17-11-2024 17:10,Electrical Defect,PP Gauge UNIT,6.915466785
Line-6,Machine-94,17-11-2024 19:07,17-11-2024 19:12,Electrical Defect,PP Gauge UNIT,5.125083447
Line-6,Machine-94,20-11-2024 15:31,20-11-2024 15:37,Electrical Defect,PP Gauge UNIT,6.720133305
Line-6,Machine-94,22-11-2024 15:20,22-11-2024 15:27,Electrical Defect,PP Gauge UNIT,7.602033138
Line-6,Machine-94,06-12-2024 22:38,06-12-2024 22:56,Electrical Defect,PP Gauge UNIT,18.16233253
Line-6,Machine-94,09-12-2024 22:09,09-12-2024 22:15,Electrical Defect,PP Gauge UNIT,6.420616627
Line-6,Machine-94,09-12-2024 22:31,09-12-2024 22:37,Electrical Defect,PP Gauge UNIT,5.297483444
Line-6,Machine-94,22-12-2024 16:45,22-12-2024 16:52,Electrical Defect,PP Gauge UNIT,6.198766708
Line-6,Machine-94,04-01-2025 17:14,04-01-2025 17:26,Electrical Defect,PP Gauge UNIT,12.31371689
Line-6,Machine-94,07-01-2025 22:03,07-01-2025 22:11,Electrical Defect,PP Gauge UNIT,7.67234993
Line-6,Machine-94,16-01-2025 15:54,16-01-2025 16:00,Electrical Defect,PP Gauge UNIT,5.861916542
Line-6,Machine-94,16-01-2025 16:52,16-01-2025 17:03,Electrical Defect,PP Gauge UNIT,11.22771645
Line-6,Machine-94,16-01-2025 21:41,16-01-2025 21:47,Electrical Defect,PP Gauge UNIT,5.339466572
Line-6,Machine-94,18-01-2025 16:46,18-01-2025 17:27,Electrical Defect,Gauge head,41.51531601
Line-6,Machine-94,18-01-2025 17:27,18-01-2025 17:51,Electrical Defect,Gauge head,24.02693367
Line-6,Machine-94,21-01-2025 17:10,21-01-2025 17:17,Electrical Defect,PP Gauge UNIT,7.001083374
Line-6,Machine-94,23-01-2025 17:14,23-01-2025 17:20,Electrical Defect,Sensor Setting,6.078999996
Line-6,Machine-94,24-01-2025 18:06,24-01-2025 18:12,Electrical Defect,PP Gauge UNIT,5.684549809
Line-6,Machine-94,25-01-2025 19:19,25-01-2025 19:47,Electrical Defect,Relay Contactor,28.11086655
Line-6,Machine-94,25-01-2025 16:40,25-01-2025 16:51,Electrical Defect,PP Gauge UNIT,10.78234959
Line-6,Machine-94,27-01-2025 15:39,27-01-2025 15:47,Electrical Defect,PP Gauge UNIT,8.078166962
Line-6,Machine-94,27-01-2025 19:30,27-01-2025 19:36,Electrical Defect,PP Gauge UNIT,5.982833385
Line-6,Machine-94,08-02-2025 16:37,08-02-2025 16:47,Electrical Defect,PP Gauge UNIT,10.57893372
Line-6,Machine-94,11-02-2025 19:13,11-02-2025 19:18,Electrical Defect,PP Gauge UNIT,5.874533176
Line-6,Machine-94,19-02-2025 17:11,19-02-2025 17:18,Electrical Defect,PP Gauge UNIT,7.506466866
Line-6,Machine-94,19-02-2025 20:08,19-02-2025 20:24,Electrical Defect,PP Gauge UNIT,15.70444965
Line-6,Machine-94,20-02-2025 19:36,20-02-2025 19:42,Electrical Defect,PP Gauge UNIT,5.853833199
Line-6,Machine-94,28-02-2025 18:54,28-02-2025 18:59,Electrical Defect,PP Gauge UNIT,5.071016788
Line-6,Machine-94,01-03-2025 17:36,01-03-2025 17:46,Electrical Defect,PP Gauge UNIT,9.946883202
Line-6,Machine-94,02-03-2025 16:10,02-03-2025 16:17,Electrical Defect,PP Gauge UNIT,6.746650219
Line-6,Machine-94,04-03-2025 22:12,04-03-2025 22:25,Electrical Defect,PP Gauge UNIT,12.6147337
Line-6,Machine-94,05-03-2025 15:46,05-03-2025 15:53,Electrical Defect,PP Gauge UNIT,6.751850128
Line-6,Machine-94,05-03-2025 18:04,05-03-2025 18:10,Electrical Defect,PP Gauge UNIT,5.715600014
Line-6,Machine-94,10-03-2025 18:55,10-03-2025 19:01,Electrical Defect,PP Gauge UNIT,6.283616543
Line-6,Machine-94,11-03-2025 15:53,11-03-2025 15:59,Electrical Defect,PP Gauge UNIT,6.22660017
Line-6,Machine-94,12-03-2025 22:06,12-03-2025 22:18,Electrical Defect,PP Gauge UNIT,11.77215004
Line-6,Machine-94,15-03-2025 21:47,15-03-2025 21:53,Electrical Defect,PP Gauge UNIT,5.869450092
Line-6,Machine-94,20-03-2025 17:43,20-03-2025 17:49,Electrical Defect,Wheel spindle,5.070600033
Line-6,Machine-94,24-03-2025 16:41,24-03-2025 16:48,Electrical Defect,PP Gauge UNIT,6.73635006
Line-6,Machine-94,27-03-2025 15:45,27-03-2025 15:51,Electrical Defect,PP Gauge UNIT,6.345433235
Line-6,Machine-94,27-03-2025 20:28,27-03-2025 20:43,Electrical Defect,PP Gauge UNIT,15.37549973
Line-6,Machine-94,28-03-2025 16:45,28-03-2025 16:55,Electrical Defect,PP Gauge UNIT,9.743450165
Line-6,Machine-94,29-03-2025 17:45,29-03-2025 17:54,Electrical Defect,PP Gauge UNIT,8.074749947
Line-6,Machine-94,31-03-2025 22:07,31-03-2025 22:17,Electrical Defect,PP Gauge UNIT,10.46234989
Line-6,Machine-94,01-04-2025 15:03,01-04-2025 15:15,Electrical Defect,PP Gauge UNIT,11.57848358
Line-6,Machine-94,01-04-2025 15:38,01-04-2025 15:44,Electrical Defect,PP Gauge UNIT,6.805049896
Line-6,Machine-94,11-04-2025 16:07,11-04-2025 16:16,Electrical Defect,PP Gauge UNIT,9.113432884
Line-6,Machine-94,11-04-2025 20:41,11-04-2025 20:48,Electrical Defect,PP Gauge UNIT,7.569449902
Line-6,Machine-94,13-04-2025 21:05,13-04-2025 21:05,Electrical Defect,Intlet conveyor,0
Line-6,Machine-94,13-04-2025 18:20,13-04-2025 18:25,Electrical Defect,PP Gauge UNIT,5.109933376
Line-6,Machine-94,15-04-2025 21:56,15-04-2025 22:02,Electrical Defect,PP Gauge UNIT,5.776400089
Line-6,Machine-94,21-04-2025 16:18,21-04-2025 16:26,Electrical Defect,Relay Contactor,7.229700089
Line-6,Machine-94,21-04-2025 21:15,21-04-2025 21:26,Electrical Defect,PP Gauge UNIT,11.20216656
Line-6,Machine-94,22-04-2025 20:16,22-04-2025 20:25,Electrical Defect,PP Gauge UNIT,8.633399963
Line-6,Machine-94,22-04-2025 22:26,22-04-2025 22:32,Electrical Defect,PP Gauge UNIT,6.06431675
Line-6,Machine-94,23-04-2025 16:29,23-04-2025 16:38,Electrical Defect,PP Gauge UNIT,9.373016357
Line-6,Machine-94,23-04-2025 22:18,23-04-2025 22:25,Electrical Defect,PP Gauge UNIT,6.971866608
Line-6,Machine-94,23-04-2025 22:26,23-04-2025 22:35,Electrical Defect,PP Gauge UNIT,9.053783417
Line-6,Machine-94,27-04-2025 18:10,27-04-2025 18:15,Electrical Defect,PP Gauge UNIT,5.879916668
Line-6,Machine-94,10-11-2024 02:25,10-11-2024 02:31,Electrical Defect,PP Gauge UNIT,5.834599972
Line-6,Machine-94,12-11-2024 00:51,12-11-2024 00:58,Electrical Defect,PP Gauge UNIT,7.339133263
Line-6,Machine-94,05-01-2025 00:55,05-01-2025 01:02,Electrical Defect,PP Gauge UNIT,7.227149963
Line-6,Machine-94,05-01-2025 01:55,05-01-2025 02:02,Electrical Defect,PP Gauge UNIT,7.332466602
Line-6,Machine-94,05-01-2025 04:03,05-01-2025 04:09,Electrical Defect,PP Gauge UNIT,5.702133179
Line-6,Machine-94,17-01-2025 03:01,17-01-2025 03:07,Electrical Defect,PP Gauge UNIT,5.828499794
Line-6,Machine-94,19-01-2025 04:57,19-01-2025 05:02,Electrical Defect,PP Gauge UNIT,5.871449947
Line-6,Machine-94,25-01-2025 02:55,25-01-2025 03:03,Electrical Defect,Relay Contactor,8.336099625
Line-6,Machine-94,29-01-2025 00:32,29-01-2025 00:38,Electrical Defect,PP Gauge UNIT,6.149816513
Line-6,Machine-94,12-02-2025 02:10,12-02-2025 02:16,Electrical Defect,PP Gauge UNIT,5.464316845
Line-6,Machine-94,13-02-2025 01:45,13-02-2025 01:50,Electrical Defect,PP Gauge UNIT,5.213766575
Line-6,Machine-94,13-02-2025 03:42,13-02-2025 03:48,Electrical Defect,PP Gauge UNIT,6.09013319
Line-6,Machine-94,13-02-2025 00:34,13-02-2025 00:44,Electrical Defect,Wheel spindle,10.21501637
Line-6,Machine-94,13-02-2025 23:51,13-02-2025 23:57,Electrical Defect,PP Gauge UNIT,5.86683321
Line-6,Machine-94,14-02-2025 01:42,14-02-2025 01:56,Electrical Defect,Wheel spindle,13.9052
Line-6,Machine-94,15-02-2025 00:39,15-02-2025 00:45,Electrical Defect,PP Gauge UNIT,5.367816448
Line-6,Machine-94,15-02-2025 01:44,15-02-2025 01:49,Electrical Defect,PP Gauge UNIT,5.383016586
Line-6,Machine-94,15-02-2025 02:40,15-02-2025 02:49,Electrical Defect,PP Gauge UNIT,8.534099579
Line-6,Machine-94,24-02-2025 02:15,24-02-2025 02:27,Electrical Defect,PP Gauge UNIT,12.26906681
Line-6,Machine-94,01-03-2025 04:20,01-03-2025 04:29,Electrical Defect,PP Gauge UNIT,9.109600067
Line-6,Machine-94,02-03-2025 00:33,02-03-2025 00:45,Electrical Defect,PP Gauge UNIT,12.56499958
Line-6,Machine-94,07-03-2025 00:43,07-03-2025 00:50,Electrical Defect,PP Gauge UNIT,6.169866562
Line-6,Machine-94,07-03-2025 02:28,07-03-2025 02:38,Electrical Defect,PP Gauge UNIT,9.331500053
Line-6,Machine-94,10-03-2025 00:58,10-03-2025 01:04,Electrical Defect,PP Gauge UNIT,5.547266483
Line-6,Machine-94,21-03-2025 00:30,21-03-2025 00:36,Electrical Defect,PP Gauge UNIT,5.840549946
Line-6,Machine-94,22-03-2025 00:10,22-03-2025 00:21,Electrical Defect,PP Gauge UNIT,11.33443356
Line-6,Machine-94,26-03-2025 04:21,26-03-2025 04:30,Electrical Defect,PP Gauge UNIT,9.441116333
Line-6,Machine-94,27-03-2025 23:25,27-03-2025 23:34,Electrical Defect,PP Gauge UNIT,8.940266609
Line-6,Machine-94,28-03-2025 02:56,28-03-2025 03:02,Electrical Defect,PP Gauge UNIT,5.351966858
Line-6,Machine-94,01-04-2025 00:11,01-04-2025 00:18,Electrical Defect,PP Gauge UNIT,6.755716801
Line-6,Machine-94,01-04-2025 23:41,01-04-2025 23:47,Electrical Defect,PP Gauge UNIT,6.420949936
Line-6,Machine-94,02-04-2025 03:44,02-04-2025 03:50,Electrical Defect,PP Gauge UNIT,6.400083542
Line-6,Machine-94,08-04-2025 05:47,08-04-2025 05:53,Electrical Defect,PP Gauge UNIT,5.822733402
Line-6,Machine-94,09-04-2025 23:00,09-04-2025 23:09,Electrical Defect,PP Gauge UNIT,9.050100327
Line-6,Machine-94,12-04-2025 00:20,12-04-2025 00:26,Electrical Defect,PP Gauge UNIT,6.285416603
Line-6,Machine-94,15-04-2025 02:02,15-04-2025 02:09,Electrical Defect,PP Gauge UNIT,6.26853323
Line-6,Machine-94,15-04-2025 23:39,15-04-2025 23:44,Electrical Defect,PP Gauge UNIT,5.074883461
Line-6,Machine-94,16-04-2025 01:39,16-04-2025 01:45,Electrical Defect,PP Gauge UNIT,6.034883499
Line-6,Machine-94,17-04-2025 01:03,17-04-2025 01:09,Electrical Defect,PP Gauge UNIT,5.78093338
Line-6,Machine-94,17-04-2025 23:39,17-04-2025 23:53,Electrical Defect,PP Gauge UNIT,14.05160046
Line-6,Machine-94,18-04-2025 03:11,18-04-2025 03:18,Electrical Defect,PP Gauge UNIT,6.830850124
Line-6,Machine-94,19-04-2025 02:36,19-04-2025 02:47,Electrical Defect,PP Gauge UNIT,11.42770004
Line-6,Machine-94,21-04-2025 23:16,22-04-2025 02:29,Electrical Defect,Relay Contactor,193.1443634
Line-6,Machine-94,24-04-2025 01:29,24-04-2025 01:37,Electrical Defect,PP Gauge UNIT,8.456633568
Line-5,Machine-95,09-11-2024 07:08,09-11-2024 07:14,Electrical Defect,Hydraulic system,6.383366585
Line-5,Machine-95,16-11-2024 13:02,16-11-2024 13:12,Electrical Defect,PP Gauge UNIT,9.757133484
Line-5,Machine-95,17-11-2024 08:33,17-11-2024 09:32,Electrical Defect,Gauge head,58.39298248
Line-5,Machine-95,18-11-2024 08:17,18-11-2024 08:25,Electrical Defect,Loose connection,7.375
Line-5,Machine-95,06-12-2024 11:16,06-12-2024 11:31,Electrical Defect,Panel A.C.,15.3854332
Line-5,Machine-95,15-01-2025 08:40,15-01-2025 08:54,Electrical Defect,PP Gauge UNIT,14.16828346
Line-5,Machine-95,16-01-2025 13:26,16-01-2025 13:33,Electrical Defect,PP Gauge UNIT,6.987450123
Line-5,Machine-95,17-01-2025 07:05,17-01-2025 07:23,Electrical Defect,PP Gauge UNIT,17.74623299
Line-5,Machine-95,17-01-2025 07:57,17-01-2025 08:13,Electrical Defect,PP Gauge UNIT,15.5430336
Line-5,Machine-95,18-01-2025 12:23,18-01-2025 12:38,Electrical Defect,PP Gauge UNIT,14.67128372
Line-5,Machine-95,03-02-2025 08:21,03-02-2025 08:38,Electrical Defect,PP Gauge UNIT,16.63736725
Line-5,Machine-95,03-02-2025 09:39,03-02-2025 09:55,Electrical Defect,PP Gauge UNIT,15.53565025
Line-5,Machine-95,06-02-2025 07:24,06-02-2025 07:37,Electrical Defect,PP Gauge UNIT,13.49923325
Line-5,Machine-95,08-02-2025 08:31,08-02-2025 08:40,Electrical Defect,PP Gauge UNIT,8.773333549
Line-5,Machine-95,10-02-2025 07:00,10-02-2025 07:09,Electrical Defect,Overload Current,8.930566788
Line-5,Machine-95,12-03-2025 09:16,12-03-2025 09:27,Electrical Defect,PP Gauge UNIT,11.31124973
Line-5,Machine-95,17-03-2025 13:25,17-03-2025 13:38,Electrical Defect,PP Gauge UNIT,12.70905018
Line-5,Machine-95,20-03-2025 06:24,20-03-2025 06:38,Electrical Defect,Machine Control Panel,14.22046661
Line-5,Machine-95,10-04-2025 06:17,10-04-2025 06:22,Electrical Defect,PP Gauge UNIT,5.026850224
Line-5,Machine-95,17-04-2025 09:15,17-04-2025 09:27,Electrical Defect,Wheel spindle,11.90705013
Line-5,Machine-95,21-04-2025 11:31,21-04-2025 11:38,Electrical Defect,Relay Contactor,6.657249928
Line-5,Machine-95,23-04-2025 10:01,23-04-2025 10:09,Electrical Defect,PP Gauge UNIT,7.526833534
Line-5,Machine-95,23-04-2025 10:52,23-04-2025 10:58,Electrical Defect,PP Gauge UNIT,6.625016689
Line-5,Machine-95,26-04-2025 12:02,26-04-2025 12:13,Electrical Defect,PP Gauge UNIT,11.69566631
Line-5,Machine-95,06-11-2024 20:35,06-11-2024 20:51,Electrical Defect,PP Gauge UNIT,16.28355026
Line-5,Machine-95,16-11-2024 16:27,16-11-2024 16:32,Electrical Defect,Dresser unit,5.351850033
Line-5,Machine-95,16-11-2024 18:23,16-11-2024 19:33,Electrical Defect,Dresser unit,70.01241302
Line-5,Machine-95,16-11-2024 21:27,16-11-2024 21:35,Electrical Defect,Dresser unit,8.316849709
Line-5,Machine-95,19-11-2024 20:16,19-11-2024 20:22,Electrical Defect,Relay Contactor,6.602416515
Line-5,Machine-95,19-11-2024 21:00,19-11-2024 21:08,Electrical Defect,Relay Contactor,7.438250065
Line-5,Machine-95,02-12-2024 15:46,02-12-2024 15:53,Electrical Defect,PP Gauge UNIT,7.225683212
Line-5,Machine-95,01-01-2025 15:10,01-01-2025 15:27,Electrical Defect,PP Gauge UNIT,16.75916672
Line-5,Machine-95,01-01-2025 15:27,01-01-2025 15:50,Electrical Defect,PP Gauge UNIT,23.08620071
Line-5,Machine-95,10-01-2025 17:33,10-01-2025 17:50,Electrical Defect,PP Gauge UNIT,16.77781677
Line-5,Machine-95,10-01-2025 20:35,10-01-2025 20:51,Electrical Defect,PP Gauge UNIT,15.37368298
Line-5,Machine-95,11-01-2025 17:18,11-01-2025 17:39,Electrical Defect,PP Gauge UNIT,21.12360001
Line-5,Machine-95,16-01-2025 22:19,16-01-2025 22:26,Electrical Defect,PP Gauge UNIT,7.883233547
Line-5,Machine-95,16-01-2025 22:51,16-01-2025 22:57,Electrical Defect,PP Gauge UNIT,5.763466835
Line-5,Machine-95,29-01-2025 18:25,29-01-2025 18:43,Electrical Defect,PP Gauge UNIT,17.77841759
Line-5,Machine-95,30-01-2025 14:32,30-01-2025 14:39,Electrical Defect,PP Gauge UNIT,6.905466557
Line-5,Machine-95,31-01-2025 20:00,31-01-2025 20:14,Electrical Defect,PP Gauge UNIT,14.12265015
Line-5,Machine-95,31-01-2025 22:12,31-01-2025 22:28,Electrical Defect,PP Gauge UNIT,16.48083305
Line-5,Machine-95,15-02-2025 15:07,15-02-2025 15:12,Electrical Defect,PP Gauge UNIT,5.52213335
Line-5,Machine-95,15-02-2025 15:32,15-02-2025 15:39,Electrical Defect,PP Gauge UNIT,7.215566635
Line-5,Machine-95,17-02-2025 15:44,17-02-2025 16:18,Electrical Defect,Demag unit,34.50730133
Line-5,Machine-95,19-02-2025 20:11,19-02-2025 20:22,Electrical Defect,Sensor Setting,11.34986687
Line-5,Machine-95,05-03-2025 22:45,05-03-2025 23:00,Electrical Defect,Overload Current,14.80790043
Line-5,Machine-95,06-03-2025 22:36,06-03-2025 23:00,Electrical Defect,Demag unit,23.86506653
Line-5,Machine-95,07-03-2025 16:55,07-03-2025 17:00,Electrical Defect,Intlet conveyor,5.666466713
Line-5,Machine-95,08-03-2025 19:07,08-03-2025 19:32,Electrical Defect,Relay Contactor,24.97243309
Line-5,Machine-95,09-03-2025 18:32,09-03-2025 18:41,Electrical Defect,PP Gauge UNIT,8.469799995
Line-5,Machine-95,11-03-2025 16:56,11-03-2025 17:16,Electrical Defect,Relay Contactor,19.93781662
Line-5,Machine-95,13-03-2025 16:03,13-03-2025 16:16,Electrical Defect,PP Gauge UNIT,13.25704956
Line-5,Machine-95,23-04-2025 15:11,23-04-2025 15:16,Electrical Defect,PP Gauge UNIT,5.282333374
Line-5,Machine-95,23-04-2025 20:50,23-04-2025 20:55,Electrical Defect,PP Gauge UNIT,5.17753315
Line-5,Machine-95,28-04-2025 17:06,28-04-2025 17:22,Electrical Defect,Overload Current,15.7835331
Line-5,Machine-95,29-04-2025 20:03,29-04-2025 20:08,Electrical Defect,Relay Contactor,5.014166832
Line-5,Machine-95,29-04-2025 20:30,29-04-2025 20:37,Electrical Defect,Relay Contactor,6.884300232
Line-5,Machine-95,29-04-2025 20:53,29-04-2025 21:05,Electrical Defect,Relay Contactor,11.37948322
Line-5,Machine-95,29-04-2025 19:14,29-04-2025 19:22,Electrical Defect,Dresser unit,8.153966904
Line-5,Machine-95,10-11-2024 00:24,10-11-2024 00:37,Electrical Defect,Relay Contactor,12.68133354
Line-5,Machine-95,09-12-2024 02:50,09-12-2024 03:01,Electrical Defect,PP Gauge UNIT,10.46475029
Line-5,Machine-95,09-12-2024 05:05,09-12-2024 05:13,Electrical Defect,PP Gauge UNIT,8.010932922
Line-5,Machine-95,11-12-2024 00:46,11-12-2024 01:07,Electrical Defect,PP Gauge UNIT,21.17991638
Line-5,Machine-95,16-12-2024 05:15,16-12-2024 05:50,Electrical Defect,Relay Contactor,35.4162178
Line-5,Machine-95,21-01-2025 23:44,21-01-2025 23:49,Electrical Defect,PP Gauge UNIT,5.647633553
Line-5,Machine-95,29-01-2025 03:08,29-01-2025 03:35,Electrical Defect,PP Gauge UNIT,27.83293343
Line-5,Machine-95,07-03-2025 00:05,07-03-2025 00:33,Electrical Defect,Sensor Setting,28.52961731
Line-5,Machine-95,13-03-2025 04:53,13-03-2025 05:09,Electrical Defect,PP Gauge UNIT,16.00921631
Line-5,Machine-95,13-03-2025 05:28,13-03-2025 05:41,Electrical Defect,PP Gauge UNIT,12.80084991
Line-5,Machine-95,14-04-2025 05:33,14-04-2025 05:40,Electrical Defect,PP Gauge UNIT,6.755949974
Line-5,Machine-95,17-04-2025 02:25,17-04-2025 02:33,Electrical Defect,PP Gauge UNIT,7.693416595
Line-6,Machine-96,06-11-2024 12:03,06-11-2024 12:11,Electrical Defect,Relay Contactor,7.354616642
Line-6,Machine-96,12-11-2024 08:07,12-11-2024 09:29,Electrical Defect,Demag unit,81.84429932
Line-6,Machine-96,13-12-2024 10:10,13-12-2024 11:18,Electrical Defect,Relay Contactor,67.97111511
Line-6,Machine-96,06-01-2025 22:17,06-01-2025 23:00,Electrical Defect,Work head slide,42.6316185
Line-6,Machine-96,22-01-2025 13:01,22-01-2025 13:22,Electrical Defect,Relay Contactor,20.65651703
Line-6,Machine-96,27-01-2025 06:36,27-01-2025 08:39,Electrical Defect,Relay Contactor,122.8359299
Line-6,Machine-96,16-02-2025 10:49,16-02-2025 10:56,Electrical Defect,Relay Contactor,6.955933571
Line-6,Machine-96,21-02-2025 11:18,21-02-2025 12:47,Electrical Defect,Wheel Head,88.2277832
Line-6,Machine-96,17-04-2025 10:08,17-04-2025 10:15,Electrical Defect,PP Gauge UNIT,6.911349773
Line-6,Machine-96,31-12-2024 17:04,31-12-2024 17:16,Electrical Defect,Relay Contactor,11.37433338
Line-6,Machine-96,07-01-2025 22:26,07-01-2025 22:44,Electrical Defect,PP Gauge UNIT,18.49934959
Line-6,Machine-96,20-01-2025 21:25,20-01-2025 21:48,Electrical Defect,Wheel spindle,23.11833382
Line-6,Machine-96,24-01-2025 16:15,24-01-2025 16:22,Electrical Defect,PP Gauge UNIT,7.184333324
Line-6,Machine-96,13-02-2025 16:10,13-02-2025 16:20,Electrical Defect,Relay Contactor,9.998666763
Line-6,Machine-96,13-02-2025 20:55,13-02-2025 21:05,Electrical Defect,Relay Contactor,9.544083595
Line-6,Machine-96,20-03-2025 16:27,20-03-2025 16:36,Electrical Defect,Hand wheel Feed,8.963116646
Line-6,Machine-96,20-03-2025 16:50,20-03-2025 17:06,Electrical Defect,Wheel spindle,15.39361668
Line-6,Machine-96,25-04-2025 15:48,25-04-2025 16:18,Electrical Defect,Relay Contactor,30.80209923
Line-6,Machine-96,08-12-2024 23:30,08-12-2024 23:37,Electrical Defect,Work head unit,7.28000021
Line-6,Machine-96,09-12-2024 02:03,09-12-2024 02:08,Electrical Defect,Work head unit,5.039999962
Line-6,Machine-96,27-12-2024 03:41,27-12-2024 03:57,Electrical Defect,Wheel spindle,15.59420013
Line-6,Machine-96,28-12-2024 02:10,28-12-2024 02:17,Electrical Defect,Wheel spindle,6.25454998
Line-6,Machine-96,10-01-2025 03:39,10-01-2025 04:15,Electrical Defect,Dresser unit,35.48226547
Line-6,Machine-96,16-01-2025 04:11,16-01-2025 04:40,Electrical Defect,Wheel spindle,28.66601753
Line-6,Machine-96,24-01-2025 23:00,24-01-2025 23:19,Electrical Defect,Servo drive,19.61291695
Line-6,Machine-96,10-02-2025 23:05,10-02-2025 23:10,Electrical Defect,Wheel spindle,5.217466831
Line-6,Machine-96,11-02-2025 00:11,11-02-2025 00:18,Electrical Defect,Wheel spindle,6.332733154
Line-6,Machine-96,11-02-2025 01:14,11-02-2025 01:43,Electrical Defect,Wheel spindle,29.81953239
Line-6,Machine-96,12-02-2025 01:34,12-02-2025 01:41,Electrical Defect,Wheel spindle,6.688149929
Line-6,Machine-96,13-02-2025 03:05,13-02-2025 03:10,Electrical Defect,Relay Contactor,5.075799942
Line-6,Machine-96,12-02-2025 23:46,12-02-2025 23:56,Electrical Defect,Wheel spindle,9.892616272
Line-6,Machine-96,14-02-2025 02:58,14-02-2025 03:34,Electrical Defect,Sensor Setting,36.82659912
Line-6,Machine-96,14-02-2025 23:49,15-02-2025 00:00,Electrical Defect,Wheel spindle,10.90048313
Line-6,Machine-96,15-02-2025 01:57,15-02-2025 02:05,Electrical Defect,Wheel spindle,7.699933529
Line-6,Machine-96,15-02-2025 03:19,15-02-2025 03:27,Electrical Defect,Wheel spindle,8.144499779
Line-6,Machine-96,15-02-2025 04:51,15-02-2025 05:01,Electrical Defect,Wheel spindle,9.59106636
Line-6,Machine-96,15-02-2025 23:28,15-02-2025 23:50,Electrical Defect,Relay Contactor,21.76156616
Line-6,Machine-96,02-04-2025 01:42,02-04-2025 01:58,Electrical Defect,PP Gauge UNIT,15.27846622
Line-6,Machine-96,02-04-2025 02:33,02-04-2025 02:45,Electrical Defect,PP Gauge UNIT,11.95011711
Line-6,Machine-96,22-04-2025 03:16,22-04-2025 03:26,Electrical Defect,Relay Contactor,9.70328331
Line-17,Machine-97,09-11-2024 08:09,09-11-2024 08:45,Electrical Defect,Sensor Setting,36.18560028
Line-17,Machine-97,19-11-2024 07:00,19-11-2024 07:20,Electrical Defect,Relay Contactor,20.25715065
Line-17,Machine-97,19-11-2024 07:52,19-11-2024 08:18,Electrical Defect,Machine Control Panel,26.2287674
Line-17,Machine-97,03-12-2024 08:13,03-12-2024 08:36,Electrical Defect,Relay Contactor,23.00496674
Line-17,Machine-97,12-12-2024 06:00,12-12-2024 06:30,Electrical Defect,Relay Contactor,30.00090027
Line-17,Machine-97,10-01-2025 09:47,10-01-2025 10:11,Electrical Defect,Traverse Unit,24.00211716
Line-17,Machine-97,11-01-2025 14:00,11-01-2025 14:30,Electrical Defect,Relay Contactor,30
Line-17,Machine-97,21-02-2025 09:54,21-02-2025 10:30,Electrical Defect,Panel A.C.,35.99741745
Line-17,Machine-97,24-11-2024 15:40,24-11-2024 22:55,Electrical Defect,Servo drive,435.6608276
Line-17,Machine-97,21-02-2025 14:30,21-02-2025 17:55,Electrical Defect,Machine Control Panel,205.3174896
Line-17,Machine-97,16-04-2025 03:40,16-04-2025 04:01,Electrical Defect,Relay Contactor,20.99546623
Line-8,Machine-1,13-11-2024 06:00,13-11-2024 10:30,Mechanical Defect,Filter,269.9886475
Line-8,Machine-1,04-12-2024 09:00,04-12-2024 09:25,Mechanical Defect,Pneumatics,25.00213242
Line-8,Machine-1,04-12-2024 06:00,04-12-2024 09:00,Mechanical Defect,Coolant system,179.9983978
Line-8,Machine-1,06-01-2025 06:00,06-01-2025 14:30,Mechanical Defect,Work Head,510
Line-8,Machine-1,15-01-2025 07:42,15-01-2025 08:00,Mechanical Defect,Pneumatics,18.00811577
Line-8,Machine-1,12-02-2025 11:30,12-02-2025 11:56,Mechanical Defect,Pneumatics,26.0097332
Line-8,Machine-1,20-02-2025 10:00,20-02-2025 10:18,Mechanical Defect,Dresser unit,18.00053406
Line-8,Machine-1,20-02-2025 10:30,20-02-2025 10:58,Mechanical Defect,Dresser unit,27.99869919
Line-8,Machine-1,28-02-2025 13:02,28-02-2025 13:32,Mechanical Defect,Grinding wheel,30.00758362
Line-8,Machine-1,08-12-2024 16:30,08-12-2024 17:17,Mechanical Defect,Coolant system,47
Line-8,Machine-1,09-12-2024 14:30,09-12-2024 18:00,Mechanical Defect,Coolant system,210
Line-8,Machine-1,19-12-2024 16:25,19-12-2024 18:00,Mechanical Defect,Dresser unit,94.98423004
Line-8,Machine-1,21-12-2024 20:40,21-12-2024 21:11,Mechanical Defect,Pneumatics,31.00453377
Line-8,Machine-1,22-12-2024 22:40,22-12-2024 22:55,Mechanical Defect,Pneumatics,15.00783348
Line-8,Machine-1,13-01-2025 19:00,13-01-2025 19:26,Mechanical Defect,Pneumatics,25.9889164
Line-8,Machine-1,20-01-2025 22:00,20-01-2025 22:10,Mechanical Defect,Grinding wheel,10.00143337
Line-8,Machine-1,20-01-2025 21:00,20-01-2025 21:12,Mechanical Defect,Hydraulics,11.99256706
Line-8,Machine-1,04-02-2025 15:22,04-02-2025 15:55,Mechanical Defect,Dresser unit,32.9950676
Line-8,Machine-1,17-02-2025 18:49,17-02-2025 19:44,Mechanical Defect,Ball Screw,54.9961319
Line-8,Machine-1,16-03-2025 21:46,16-03-2025 22:01,Mechanical Defect,Dresser unit,15.00360012
Line-8,Machine-1,21-03-2025 14:47,21-03-2025 15:30,Mechanical Defect,Conveyor,43.00081635
Line-8,Machine-1,07-11-2024 23:30,08-11-2024 00:30,Mechanical Defect,Dresser unit,60.00296783
Line-8,Machine-1,08-11-2024 01:30,08-11-2024 03:00,Mechanical Defect,Wheel Head,90
Line-8,Machine-1,14-11-2024 03:00,14-11-2024 03:28,Mechanical Defect,Grinding wheel,27.99946594
Line-8,Machine-1,24-11-2024 05:23,24-11-2024 05:35,Mechanical Defect,Dresser unit,12.00413322
Line-8,Machine-1,27-11-2024 04:40,27-11-2024 05:15,Mechanical Defect,Dresser unit,34.99163437
Line-8,Machine-1,27-11-2024 02:20,27-11-2024 03:25,Mechanical Defect,Automation,64.9966507
Line-8,Machine-1,04-12-2024 01:10,04-12-2024 01:30,Mechanical Defect,Pneumatics,20.0149498
Line-8,Machine-1,04-12-2024 02:00,04-12-2024 02:22,Mechanical Defect,Pneumatics,22.00238419
Line-8,Machine-1,04-12-2024 03:10,04-12-2024 04:30,Mechanical Defect,Coolant system,79.9985199
Line-8,Machine-1,14-12-2024 05:15,14-12-2024 05:45,Mechanical Defect,Pneumatics,29.99446678
Line-8,Machine-1,21-12-2024 02:00,21-12-2024 02:30,Mechanical Defect,Automation,30
Line-8,Machine-1,21-12-2024 04:10,21-12-2024 04:44,Mechanical Defect,Automation,34
Line-8,Machine-1,17-01-2025 01:00,17-01-2025 01:32,Mechanical Defect,Coolant system,31.99878311
Line-8,Machine-1,17-01-2025 02:00,17-01-2025 02:38,Mechanical Defect,Coolant system,37.99396515
Line-8,Machine-1,17-01-2025 03:00,17-01-2025 06:00,Mechanical Defect,Coolant system,180.0054779
Line-8,Machine-1,20-02-2025 05:00,20-02-2025 05:10,Mechanical Defect,Dresser unit,9.997866631
Line-8,Machine-1,28-02-2025 03:30,28-02-2025 03:48,Mechanical Defect,Grinding wheel,17.99391747
Line-8,Machine-1,28-02-2025 04:30,28-02-2025 04:45,Mechanical Defect,Grinding wheel,15.00846672
Line-8,Machine-1,02-04-2025 00:30,02-04-2025 02:30,Mechanical Defect,Dresser unit,119.9867325
Line-8,Machine-2,24-12-2024 06:25,24-12-2024 07:00,Mechanical Defect,Dresser unit,35.00178146
Line-8,Machine-2,26-12-2024 10:40,26-12-2024 11:40,Mechanical Defect,Hydraulics,60
Line-8,Machine-2,07-01-2025 08:00,07-01-2025 08:27,Mechanical Defect,Hydraulics,27.00704956
Line-8,Machine-2,11-01-2025 10:30,11-01-2025 10:53,Mechanical Defect,Grinding wheel,23.0063839
Line-8,Machine-2,11-01-2025 10:20,11-01-2025 10:30,Mechanical Defect,Hydraulics,9.999166489
Line-8,Machine-2,15-01-2025 08:00,15-01-2025 08:39,Mechanical Defect,Hydraulics,38.99891663
Line-8,Machine-2,20-01-2025 08:30,20-01-2025 09:00,Mechanical Defect,Pneumatics,30.0063839
Line-8,Machine-2,22-01-2025 09:55,22-01-2025 10:20,Mechanical Defect,Hydraulics,25.00346756
Line-8,Machine-2,23-01-2025 11:40,23-01-2025 12:41,Mechanical Defect,Coolant system,61
Line-8,Machine-2,27-01-2025 06:00,27-01-2025 08:40,Mechanical Defect,Hydraulics,159.9897156
Line-8,Machine-2,29-01-2025 08:00,29-01-2025 08:22,Mechanical Defect,Hydraulics,21.98600006
Line-8,Machine-2,03-02-2025 06:51,03-02-2025 07:06,Mechanical Defect,Hydraulics,15.00666714
Line-8,Machine-2,22-02-2025 07:00,22-02-2025 07:17,Mechanical Defect,Pneumatics,17.00466728
Line-8,Machine-2,16-03-2025 06:00,16-03-2025 06:25,Mechanical Defect,Dresser unit,24.99751663
Line-8,Machine-2,21-03-2025 08:22,21-03-2025 08:33,Mechanical Defect,Hydraulics,11.57788372
Line-8,Machine-2,01-05-2025 09:39,01-05-2025 10:15,Mechanical Defect,Hydraulics,35.99361801
Line-8,Machine-2,12-11-2024 15:30,12-11-2024 16:00,Mechanical Defect,Dresser unit,29.99626732
Line-8,Machine-2,08-12-2024 20:13,08-12-2024 21:00,Mechanical Defect,Coolant system,47
Line-8,Machine-2,08-12-2024 22:20,08-12-2024 23:00,Mechanical Defect,Coolant system,40
Line-8,Machine-2,19-12-2024 14:45,19-12-2024 15:20,Mechanical Defect,Hydraulics,35.00835037
Line-8,Machine-2,19-12-2024 18:25,19-12-2024 19:07,Mechanical Defect,Hydraulics,41.98391724
Line-8,Machine-2,29-12-2024 17:30,29-12-2024 20:30,Mechanical Defect,Hydraulics,179.9991608
Line-8,Machine-2,30-12-2024 20:40,30-12-2024 21:00,Mechanical Defect,Hydraulics,19.99441719
Line-8,Machine-2,30-12-2024 21:00,30-12-2024 21:42,Mechanical Defect,Hydraulics,42.00559998
Line-8,Machine-2,06-01-2025 21:40,06-01-2025 22:02,Mechanical Defect,Pneumatics,21.98583412
Line-8,Machine-2,13-01-2025 18:00,13-01-2025 18:30,Mechanical Defect,Hydraulics,30.00133324
Line-8,Machine-2,23-01-2025 22:00,23-01-2025 22:25,Mechanical Defect,Dresser unit,25.0074501
Line-8,Machine-2,23-01-2025 17:00,23-01-2025 17:20,Mechanical Defect,Hydraulics,20.00880051
Line-8,Machine-2,23-01-2025 19:00,23-01-2025 19:20,Mechanical Defect,Hydraulics,20.00426674
Line-8,Machine-2,15-02-2025 17:30,15-02-2025 17:55,Mechanical Defect,Dresser unit,24.99105072
Line-8,Machine-2,18-02-2025 17:30,18-02-2025 18:25,Mechanical Defect,Dresser unit,55.00361633
Line-8,Machine-2,22-02-2025 18:30,22-02-2025 20:16,Mechanical Defect,Dresser unit,106
Line-8,Machine-2,23-02-2025 16:22,23-02-2025 16:37,Mechanical Defect,Pneumatics,14.99101639
Line-8,Machine-2,08-12-2024 23:00,09-12-2024 00:45,Mechanical Defect,Coolant system,104.9980469
Line-8,Machine-2,09-12-2024 03:31,09-12-2024 04:15,Mechanical Defect,Coolant system,43.99861526
Line-8,Machine-2,18-12-2024 05:00,18-12-2024 05:20,Mechanical Defect,Wheel Head,20.00436592
Line-8,Machine-2,08-01-2025 00:00,08-01-2025 00:40,Mechanical Defect,Pneumatics,39.99359894
Line-8,Machine-2,21-01-2025 02:17,21-01-2025 02:38,Mechanical Defect,Coolant system,21.79201698
Line-8,Machine-2,22-01-2025 03:10,22-01-2025 03:15,Mechanical Defect,Hydraulics,4.99119997
Line-8,Machine-2,22-01-2025 23:30,23-01-2025 00:00,Mechanical Defect,Coolant system,30.00063324
Line-8,Machine-2,24-01-2025 01:30,24-01-2025 01:44,Mechanical Defect,Dresser unit,14.15036678
Line-8,Machine-2,31-01-2025 03:21,31-01-2025 03:51,Mechanical Defect,Filter,29.99351692
Line-8,Machine-2,31-01-2025 23:11,31-01-2025 23:50,Mechanical Defect,Hydraulics,39.01156616
Line-8,Machine-2,23-02-2025 23:00,23-02-2025 23:24,Mechanical Defect,Conveyor,23.99873352
Line-8,Machine-2,03-03-2025 00:00,03-03-2025 00:30,Mechanical Defect,Pneumatics,29.9936161
Line-8,Machine-2,12-03-2025 04:00,12-03-2025 04:30,Mechanical Defect,Dresser unit,30.00033379
Line-8,Machine-2,16-03-2025 01:50,16-03-2025 02:20,Mechanical Defect,Dresser unit,29.98586655
Line-8,Machine-2,16-03-2025 05:45,16-03-2025 06:00,Mechanical Defect,Dresser unit,14.98756695
Line-8,Machine-2,17-03-2025 03:45,17-03-2025 04:30,Mechanical Defect,Dresser unit,44.99954987
Line-8,Machine-2,17-03-2025 04:30,17-03-2025 05:30,Mechanical Defect,Dresser unit,59.99946594
Line-8,Machine-2,12-04-2025 03:40,12-04-2025 04:04,Mechanical Defect,Coolant system,24
Line-8,Machine-3,08-11-2024 06:00,08-11-2024 06:35,Mechanical Defect,Grinding wheel,35.0025177
Line-8,Machine-3,09-11-2024 08:00,09-11-2024 08:40,Mechanical Defect,Grinding wheel,40.01309967
Line-8,Machine-3,12-11-2024 06:00,12-11-2024 14:29,Mechanical Defect,Work Head,509.3292847
Line-8,Machine-3,19-11-2024 06:00,19-11-2024 06:29,Mechanical Defect,Hydraulics,29.00333405
Line-8,Machine-3,20-11-2024 11:30,20-11-2024 13:00,Mechanical Defect,Hydraulics,90.47866821
Line-8,Machine-3,21-11-2024 07:00,21-11-2024 07:51,Mechanical Defect,Hydraulics,50.99786758
Line-8,Machine-3,24-11-2024 07:30,24-11-2024 14:30,Mechanical Defect,Work Head,420.0033264
Line-8,Machine-3,10-12-2024 06:00,10-12-2024 13:58,Mechanical Defect,Work Head,478.8578796
Line-8,Machine-3,20-12-2024 10:30,20-12-2024 11:28,Mechanical Defect,Pneumatics,58.00066757
Line-8,Machine-3,22-12-2024 06:50,22-12-2024 07:26,Mechanical Defect,Pneumatics,36.0068512
Line-8,Machine-3,28-12-2024 13:30,28-12-2024 13:44,Mechanical Defect,Hydraulics,14.27711678
Line-8,Machine-3,01-01-2025 06:00,01-01-2025 14:30,Mechanical Defect,Work Head,510
Line-8,Machine-3,02-01-2025 06:00,02-01-2025 14:30,Mechanical Defect,Work Head,510
Line-8,Machine-3,03-01-2025 06:00,03-01-2025 14:30,Mechanical Defect,Work Head,510.318512
Line-8,Machine-3,04-01-2025 06:00,04-01-2025 14:30,Mechanical Defect,Work Head,510
Line-8,Machine-3,07-01-2025 13:30,07-01-2025 14:00,Mechanical Defect,Demag,29.99518394
Line-8,Machine-3,10-01-2025 11:30,10-01-2025 12:00,Mechanical Defect,Hydraulics,30.0004158
Line-8,Machine-3,10-01-2025 08:00,10-01-2025 08:13,Mechanical Defect,Pneumatics,12.99600029
Line-8,Machine-3,10-01-2025 09:00,10-01-2025 09:14,Mechanical Defect,Pneumatics,14.01039982
Line-8,Machine-3,10-01-2025 10:00,10-01-2025 10:13,Mechanical Defect,Pneumatics,12.99106693
Line-8,Machine-3,13-01-2025 10:35,13-01-2025 11:00,Mechanical Defect,Pneumatics,25.0038166
Line-8,Machine-3,22-01-2025 10:00,22-01-2025 10:20,Mechanical Defect,Hydraulics,20.00625038
Line-8,Machine-3,29-01-2025 10:00,29-01-2025 10:30,Mechanical Defect,Hydraulics,29.99119949
Line-8,Machine-3,12-02-2025 06:00,12-02-2025 08:20,Mechanical Defect,Hydraulics,140.0088501
Line-8,Machine-3,12-02-2025 10:45,12-02-2025 11:30,Mechanical Defect,Hydraulics,45.00278473
Line-8,Machine-3,17-02-2025 06:00,17-02-2025 06:39,Mechanical Defect,Hydraulics,38.99963379
Line-8,Machine-3,17-02-2025 10:30,17-02-2025 11:00,Mechanical Defect,Hydraulics,30.00793266
Line-8,Machine-3,26-02-2025 09:00,26-02-2025 09:15,Mechanical Defect,Hydraulics,14.99654961
Line-8,Machine-3,26-02-2025 12:15,26-02-2025 12:30,Mechanical Defect,Filter,15.00953293
Line-8,Machine-3,28-02-2025 08:00,28-02-2025 08:10,Mechanical Defect,Coolant system,9.996666908
Line-8,Machine-3,28-02-2025 12:40,28-02-2025 12:50,Mechanical Defect,Coolant system,10.00103378
Line-8,Machine-3,09-03-2025 08:00,09-03-2025 08:10,Mechanical Defect,Work Head,10.00294971
Line-8,Machine-3,10-03-2025 13:30,10-03-2025 13:50,Mechanical Defect,Work Spindle,19.99880028
Line-8,Machine-3,12-03-2025 06:00,12-03-2025 06:25,Mechanical Defect,Hydraulics,24.99141693
Line-8,Machine-3,12-03-2025 11:30,12-03-2025 11:51,Mechanical Defect,Hydraulics,21.00423241
Line-8,Machine-3,13-03-2025 06:00,13-03-2025 06:47,Mechanical Defect,Hydraulics,47.00188446
Line-8,Machine-3,13-03-2025 10:30,13-03-2025 11:17,Mechanical Defect,Hydraulics,47.00456619
Line-8,Machine-3,15-03-2025 06:03,15-03-2025 12:07,Mechanical Defect,Work Head,364.4159241
Line-8,Machine-3,20-03-2025 11:32,20-03-2025 12:10,Mechanical Defect,Hydraulics,38.33436584
Line-8,Machine-3,22-03-2025 11:25,22-03-2025 12:12,Mechanical Defect,Work Head,47.00844955
Line-8,Machine-3,06-04-2025 11:50,06-04-2025 12:43,Mechanical Defect,Coolant system,53.01488495
Line-8,Machine-3,20-04-2025 07:27,20-04-2025 14:30,Mechanical Defect,Work Head,423.1860962
Line-8,Machine-3,29-04-2025 07:00,29-04-2025 07:23,Mechanical Defect,Hydraulics,23.00851631
Line-8,Machine-3,08-11-2024 21:48,08-11-2024 22:20,Mechanical Defect,Grinding wheel,32.00559998
Line-8,Machine-3,20-11-2024 17:30,20-11-2024 17:50,Mechanical Defect,Hydraulics,19.98746681
Line-8,Machine-3,22-11-2024 15:30,22-11-2024 15:55,Mechanical Defect,Pneumatics,25.00024986
Line-8,Machine-3,23-11-2024 17:30,23-11-2024 18:05,Mechanical Defect,Hydraulics,34.99741745
Line-8,Machine-3,24-11-2024 14:30,24-11-2024 17:30,Mechanical Defect,Work Head,180
Line-8,Machine-3,26-11-2024 15:14,26-11-2024 16:30,Mechanical Defect,Coolant system,76.00113678
Line-8,Machine-3,26-11-2024 17:00,26-11-2024 18:30,Mechanical Defect,Coolant system,89.99003601
Line-8,Machine-3,09-12-2024 19:17,09-12-2024 22:00,Mechanical Defect,Work Head,163
Line-8,Machine-3,13-12-2024 16:33,13-12-2024 18:30,Mechanical Defect,Work Head,117
Line-8,Machine-3,19-12-2024 21:45,19-12-2024 22:00,Mechanical Defect,Work Head,15.00909996
Line-8,Machine-3,21-12-2024 19:45,21-12-2024 20:00,Mechanical Defect,Hydraulics,14.99104977
Line-8,Machine-3,21-12-2024 22:20,21-12-2024 22:50,Mechanical Defect,Hydraulics,30.00468254
Line-8,Machine-3,29-12-2024 20:30,29-12-2024 23:00,Mechanical Defect,Hydraulics,150
Line-8,Machine-3,01-01-2025 14:30,01-01-2025 23:00,Mechanical Defect,Work Head,510
Line-8,Machine-3,03-01-2025 14:30,03-01-2025 23:00,Mechanical Defect,Work Head,510
Line-8,Machine-3,04-01-2025 14:30,04-01-2025 23:00,Mechanical Defect,Work Head,510
Line-8,Machine-3,24-01-2025 14:30,24-01-2025 16:00,Mechanical Defect,Dresser unit,90.00363159
Line-8,Machine-3,24-01-2025 16:00,24-01-2025 17:30,Mechanical Defect,Hydraulics,89.98556519
Line-8,Machine-3,24-01-2025 17:30,24-01-2025 22:00,Mechanical Defect,Hydraulics,269.9877319
Line-8,Machine-3,28-01-2025 20:25,28-01-2025 20:50,Mechanical Defect,Hydraulics,25.0052166
Line-8,Machine-3,15-02-2025 18:00,15-02-2025 18:25,Mechanical Defect,Hydraulics,24.99918365
Line-8,Machine-3,10-03-2025 14:30,10-03-2025 15:25,Mechanical Defect,Hydraulics,55.0009346
Line-8,Machine-3,13-03-2025 16:04,13-03-2025 16:43,Mechanical Defect,Hydraulics,39
Line-8,Machine-3,15-03-2025 14:30,15-03-2025 14:40,Mechanical Defect,Work Head,9.999732971
Line-8,Machine-3,15-03-2025 14:45,15-03-2025 15:30,Mechanical Defect,Work Head,44.99304962
Line-8,Machine-3,15-03-2025 16:00,15-03-2025 18:00,Mechanical Defect,Work Head,120.008934
Line-8,Machine-3,21-03-2025 16:00,21-03-2025 16:23,Mechanical Defect,Work Head,22.99814987
Line-8,Machine-3,24-03-2025 19:00,24-03-2025 19:37,Mechanical Defect,Conveyor,36.99968338
Line-8,Machine-3,29-03-2025 18:00,29-03-2025 19:45,Mechanical Defect,Gauge Unit,104.9905472
Line-8,Machine-3,29-03-2025 19:50,29-03-2025 20:05,Mechanical Defect,Gauge Unit,14.98871708
Line-8,Machine-3,31-03-2025 16:58,31-03-2025 17:50,Mechanical Defect,Hydraulics,52.01291656
Line-8,Machine-3,26-04-2025 21:00,26-04-2025 21:15,Mechanical Defect,Hydraulics,15.00860023
Line-8,Machine-3,29-04-2025 16:00,29-04-2025 16:10,Mechanical Defect,Hydraulics,10.00096703
Line-8,Machine-3,29-04-2025 16:50,29-04-2025 17:10,Mechanical Defect,Hydraulics,20.00333405
Line-8,Machine-3,09-11-2024 00:00,09-11-2024 02:00,Mechanical Defect,Grinding wheel,120.000267
Line-8,Machine-3,09-11-2024 23:00,10-11-2024 05:00,Mechanical Defect,Dresser unit,360
Line-8,Machine-3,12-11-2024 23:00,12-11-2024 23:30,Mechanical Defect,Hydraulics,29.99959946
Line-8,Machine-3,13-11-2024 05:40,13-11-2024 06:00,Mechanical Defect,Hydraulics,19.99401665
Line-8,Machine-3,15-11-2024 23:00,15-11-2024 23:29,Mechanical Defect,Hydraulics,29.00346756
Line-8,Machine-3,16-11-2024 03:50,16-11-2024 04:30,Mechanical Defect,Hydraulics,39.99745178
Line-8,Machine-3,20-11-2024 23:00,20-11-2024 23:12,Mechanical Defect,Hydraulics,12.00553322
Line-8,Machine-3,21-11-2024 23:30,21-11-2024 23:50,Mechanical Defect,Pneumatics,19.99938393
Line-8,Machine-3,27-11-2024 04:00,27-11-2024 04:24,Mechanical Defect,Hydraulics,24.00304985
Line-8,Machine-3,09-12-2024 04:24,09-12-2024 05:59,Mechanical Defect,Work Head,95.60006714
Line-8,Machine-3,18-12-2024 04:00,18-12-2024 04:20,Mechanical Defect,Hydraulics,20.00453377
Line-8,Machine-3,01-01-2025 05:20,01-01-2025 06:00,Mechanical Defect,Work Head,40
Line-8,Machine-3,01-01-2025 23:00,02-01-2025 06:00,Mechanical Defect,Work Head,420
Line-8,Machine-3,02-01-2025 23:00,03-01-2025 06:00,Mechanical Defect,Work Head,420
Line-8,Machine-3,03-01-2025 23:00,04-01-2025 06:00,Mechanical Defect,Work Head,420
Line-8,Machine-3,04-01-2025 23:00,05-01-2025 06:00,Mechanical Defect,Work Head,420
Line-8,Machine-3,20-01-2025 23:00,20-01-2025 23:47,Mechanical Defect,Hydraulics,47.13548279
Line-8,Machine-3,23-01-2025 01:35,23-01-2025 02:24,Mechanical Defect,Hydraulics,49.51176834
Line-8,Machine-3,23-01-2025 03:09,23-01-2025 03:49,Mechanical Defect,Hydraulics,40.3817482
Line-8,Machine-3,25-01-2025 01:37,25-01-2025 02:00,Mechanical Defect,Hydraulics,23.07776642
Line-8,Machine-3,11-02-2025 04:23,11-02-2025 05:00,Mechanical Defect,Hydraulics,37.53563309
Line-8,Machine-3,12-02-2025 05:20,12-02-2025 05:50,Mechanical Defect,Hydraulics,29.99703407
Line-8,Machine-3,17-02-2025 05:40,17-02-2025 06:00,Mechanical Defect,Hydraulics,19.99171638
Line-8,Machine-3,17-02-2025 02:30,17-02-2025 02:43,Mechanical Defect,Pneumatics,13.00683308
Line-8,Machine-3,02-03-2025 01:00,02-03-2025 01:17,Mechanical Defect,Pneumatics,17.00399971
Line-8,Machine-3,06-03-2025 02:10,06-03-2025 04:00,Mechanical Defect,Hydraulics,110.0018311
Line-8,Machine-3,06-03-2025 05:45,06-03-2025 06:00,Mechanical Defect,Hydraulics,15.00138378
Line-8,Machine-3,12-03-2025 01:30,12-03-2025 02:30,Mechanical Defect,Hydraulics,60.85616684
Line-8,Machine-3,13-03-2025 02:07,13-03-2025 02:26,Mechanical Defect,Hydraulics,19.82493401
Line-8,Machine-3,14-03-2025 02:45,14-03-2025 03:45,Mechanical Defect,Hydraulics,60.0056839
Line-8,Machine-3,25-03-2025 23:00,26-03-2025 00:30,Mechanical Defect,Work Head,90.00016785
Line-8,Machine-3,12-04-2025 01:00,12-04-2025 01:54,Mechanical Defect,Work Head,54
Line-8,Machine-3,19-04-2025 01:00,19-04-2025 01:23,Mechanical Defect,Conveyor,22.9940834
Line-8,Machine-3,20-04-2025 00:45,20-04-2025 01:00,Mechanical Defect,Work Head,15.00753307
Line-8,Machine-3,20-04-2025 01:24,20-04-2025 02:05,Mechanical Defect,Work Head,41.08981705
Line-8,Machine-3,21-04-2025 00:45,21-04-2025 01:05,Mechanical Defect,Gauge Unit,19.98513412
Line-8,Machine-3,20-04-2025 23:00,21-04-2025 00:45,Mechanical Defect,Work Head,105.0048828
Line-8,Machine-4,03-12-2024 09:00,03-12-2024 09:46,Mechanical Defect,Conveyor,45.9974823
Line-8,Machine-4,22-12-2024 08:27,22-12-2024 09:00,Mechanical Defect,Conveyor,33.00658417
Line-8,Machine-4,01-02-2025 10:30,01-02-2025 10:58,Mechanical Defect,Dresser unit,27.98883247
Line-8,Machine-4,05-02-2025 06:00,05-02-2025 06:17,Mechanical Defect,Stone Pressing Unit,17.00313377
Line-8,Machine-4,05-02-2025 13:14,05-02-2025 14:30,Mechanical Defect,Stone Pressing Unit,76.44503021
Line-8,Machine-4,06-02-2025 07:45,06-02-2025 08:10,Mechanical Defect,Stone Pressing Unit,24.99625015
Line-8,Machine-4,10-02-2025 11:00,10-02-2025 11:30,Mechanical Defect,Stone holder,29.9995842
Line-8,Machine-4,11-02-2025 09:00,11-02-2025 09:09,Mechanical Defect,Grinding wheel,9.732266426
Line-8,Machine-4,11-02-2025 07:15,11-02-2025 07:26,Mechanical Defect,Hydraulics,10.99576664
Line-8,Machine-4,11-02-2025 08:30,11-02-2025 08:48,Mechanical Defect,Hydraulics,17.99216652
Line-8,Machine-4,11-02-2025 09:00,11-02-2025 14:30,Mechanical Defect,Work Spindle,329.9998474
Line-8,Machine-4,21-02-2025 06:00,21-02-2025 06:45,Mechanical Defect,Stone Pressing Unit,44.99696732
Line-8,Machine-4,23-02-2025 06:00,23-02-2025 07:00,Mechanical Defect,Hydraulics,59.99298477
Line-8,Machine-4,23-02-2025 06:45,23-02-2025 07:30,Mechanical Defect,Hydraulics,44.98341751
Line-8,Machine-4,23-02-2025 07:30,23-02-2025 11:30,Mechanical Defect,Stone holder,240
Line-8,Machine-4,02-03-2025 07:35,02-03-2025 08:00,Mechanical Defect,Hydraulics,25.00068283
Line-8,Machine-4,02-03-2025 09:48,02-03-2025 10:48,Mechanical Defect,Stone Pressing Unit,60.45711517
Line-8,Machine-4,16-03-2025 06:40,16-03-2025 07:00,Mechanical Defect,Hydraulics,20.00723267
Line-8,Machine-4,29-03-2025 09:00,29-03-2025 09:22,Mechanical Defect,Hydraulics,21.9884491
Line-8,Machine-4,29-03-2025 11:00,29-03-2025 11:30,Mechanical Defect,Stone holder,30.00096703
Line-8,Machine-4,30-03-2025 08:00,30-03-2025 08:22,Mechanical Defect,Hydraulics,22.01375008
Line-8,Machine-4,01-04-2025 06:10,01-04-2025 06:39,Mechanical Defect,Hydraulics,29.00441742
Line-8,Machine-4,05-04-2025 06:40,05-04-2025 07:04,Mechanical Defect,Hydraulics,24.01054955
Line-8,Machine-4,06-04-2025 06:10,06-04-2025 06:45,Mechanical Defect,Hydraulics,34.98754883
Line-8,Machine-4,14-11-2024 20:30,14-11-2024 22:30,Mechanical Defect,Hydraulics,119.9854813
Line-8,Machine-4,18-11-2024 14:30,18-11-2024 16:00,Mechanical Defect,Hydraulics,90.00398254
Line-8,Machine-4,05-12-2024 15:30,05-12-2024 15:58,Mechanical Defect,Oscillation,27.99029922
Line-8,Machine-4,06-12-2024 16:30,06-12-2024 16:50,Mechanical Defect,Grinding wheel,19.9899826
Line-8,Machine-4,25-12-2024 16:00,25-12-2024 16:21,Mechanical Defect,Automation,20.99493408
Line-8,Machine-4,30-12-2024 15:40,30-12-2024 16:30,Mechanical Defect,Stone Pressing Unit,49.99720001
Line-8,Machine-4,30-12-2024 17:00,30-12-2024 17:30,Mechanical Defect,Stone Pressing Unit,29.99693298
Line-8,Machine-4,30-12-2024 18:30,30-12-2024 18:57,Mechanical Defect,Stone Pressing Unit,26.99626732
Line-8,Machine-4,30-12-2024 19:00,30-12-2024 19:39,Mechanical Defect,Stone Pressing Unit,38.99866486
Line-8,Machine-4,31-12-2024 16:00,31-12-2024 17:00,Mechanical Defect,Stone holder,60
Line-8,Machine-4,06-01-2025 17:38,06-01-2025 18:52,Mechanical Defect,Hydraulics,74.61508179
Line-8,Machine-4,06-01-2025 19:00,06-01-2025 19:30,Mechanical Defect,Hydraulics,30.91043282
Line-8,Machine-4,21-01-2025 15:30,21-01-2025 15:58,Mechanical Defect,Work Spindle,28.00523376
Line-8,Machine-4,21-01-2025 16:30,21-01-2025 19:00,Mechanical Defect,Work Spindle,149.9869843
Line-8,Machine-4,31-01-2025 15:27,31-01-2025 16:10,Mechanical Defect,Stone holder,42.99869919
Line-8,Machine-4,31-01-2025 16:13,31-01-2025 16:35,Mechanical Defect,Stone holder,22.00203323
Line-8,Machine-4,05-02-2025 14:30,05-02-2025 20:00,Mechanical Defect,Stone holder,329.9993896
Line-8,Machine-4,10-02-2025 21:30,10-02-2025 22:30,Mechanical Defect,Stone Pressing Unit,59.994133
Line-8,Machine-4,12-02-2025 18:03,12-02-2025 18:45,Mechanical Defect,Grinding wheel,42.00500107
Line-8,Machine-4,12-02-2025 19:50,12-02-2025 20:19,Mechanical Defect,Hydraulics,28.99211693
Line-8,Machine-4,19-02-2025 17:21,19-02-2025 20:54,Mechanical Defect,Stone holder,213.366684
Line-8,Machine-4,23-02-2025 15:20,23-02-2025 15:35,Mechanical Defect,Hydraulics,15.90973377
Line-8,Machine-4,26-02-2025 18:24,26-02-2025 18:42,Mechanical Defect,Hydraulics,18.00306702
Line-8,Machine-4,27-02-2025 17:20,27-02-2025 17:50,Mechanical Defect,Hydraulics,30.00626755
Line-8,Machine-4,22-03-2025 18:00,22-03-2025 20:00,Mechanical Defect,Aerolide slide,120
Line-8,Machine-4,29-03-2025 16:30,29-03-2025 16:50,Mechanical Defect,Hydraulics,20.01321602
Line-8,Machine-4,01-04-2025 21:51,01-04-2025 22:12,Mechanical Defect,Hydraulics,21.93528366
Line-8,Machine-4,08-04-2025 16:00,08-04-2025 16:23,Mechanical Defect,Lubrication,23.00510025
Line-8,Machine-4,15-11-2024 01:00,15-11-2024 01:24,Mechanical Defect,Transfer Unit,24.00146675
Line-8,Machine-4,18-11-2024 00:37,18-11-2024 01:00,Mechanical Defect,Conveyor,23.005867
Line-8,Machine-4,23-11-2024 02:45,23-11-2024 03:00,Mechanical Defect,Pneumatics,15.00825024
Line-8,Machine-4,07-12-2024 03:30,07-12-2024 04:00,Mechanical Defect,Stone Pressing Unit,29.99956703
Line-8,Machine-4,23-01-2025 23:00,24-01-2025 00:23,Mechanical Defect,Stone holder,83.40841675
Line-8,Machine-4,05-02-2025 02:03,05-02-2025 03:00,Mechanical Defect,Stone Pressing Unit,56.55886841
Line-8,Machine-4,10-02-2025 23:00,10-02-2025 23:25,Mechanical Defect,Stone Pressing Unit,25.0063324
Line-8,Machine-4,15-02-2025 00:28,15-02-2025 00:47,Mechanical Defect,Hydraulics,19.55760002
Line-8,Machine-4,15-02-2025 01:30,15-02-2025 01:35,Mechanical Defect,Stone Pressing Unit,4.986383438
Line-8,Machine-4,21-02-2025 05:40,21-02-2025 06:00,Mechanical Defect,Stone holder,19.99720001
Line-8,Machine-4,23-02-2025 00:00,23-02-2025 01:00,Mechanical Defect,Hydraulics,60.00533295
Line-8,Machine-4,26-02-2025 04:30,26-02-2025 04:40,Mechanical Defect,Hydraulics,10.01438332
Line-8,Machine-4,01-03-2025 00:18,01-03-2025 00:38,Mechanical Defect,Lubrication,20.00351715
Line-8,Machine-4,05-03-2025 23:00,05-03-2025 23:20,Mechanical Defect,Hydraulics,20.00236702
Line-8,Machine-4,16-03-2025 23:00,17-03-2025 01:00,Mechanical Defect,Stone holder,120
Line-8,Machine-4,19-03-2025 02:00,19-03-2025 02:22,Mechanical Defect,Hydraulics,22.00013351
Line-8,Machine-4,21-03-2025 05:00,21-03-2025 05:12,Mechanical Defect,Hydraulics,11.99253368
Line-8,Machine-4,23-03-2025 05:00,23-03-2025 05:12,Mechanical Defect,Hydraulics,11.99171638
Line-8,Machine-4,31-03-2025 01:55,31-03-2025 02:12,Mechanical Defect,Hydraulics,16.99961662
Line-8,Machine-4,03-04-2025 23:00,03-04-2025 23:48,Mechanical Defect,Hydraulics,48.00028229
Line-8,Machine-4,04-04-2025 03:30,04-04-2025 04:00,Mechanical Defect,Hydraulics,29.9966507
Line-8,Machine-4,20-04-2025 02:40,20-04-2025 03:00,Mechanical Defect,Hydraulics,20.00930023
Line-8,Machine-4,21-04-2025 01:45,21-04-2025 02:00,Mechanical Defect,Hydraulics,15.00039959
Line-8,Machine-4,25-04-2025 23:30,25-04-2025 23:50,Mechanical Defect,Hydraulics,19.99021721
Line-8,Machine-4,29-04-2025 00:00,29-04-2025 00:35,Mechanical Defect,Hydraulics,35.0013504
Line-8,Machine-5,17-11-2024 06:57,17-11-2024 07:35,Mechanical Defect,Gauge Unit,38.00120163
Line-8,Machine-5,16-12-2024 12:30,16-12-2024 13:10,Mechanical Defect,Coolant system,39.99611664
Line-8,Machine-5,17-12-2024 08:00,17-12-2024 08:35,Mechanical Defect,Work Spindle,35.00495148
Line-8,Machine-5,17-12-2024 09:00,17-12-2024 09:48,Mechanical Defect,Work Spindle,47.99576569
Line-8,Machine-5,19-12-2024 10:30,19-12-2024 11:30,Mechanical Defect,Work Head,60.00310135
Line-8,Machine-5,22-12-2024 11:05,22-12-2024 11:31,Mechanical Defect,Gauge Unit,25.99593353
Line-8,Machine-5,24-12-2024 13:40,24-12-2024 14:20,Mechanical Defect,Gauge Unit,40
Line-8,Machine-5,24-12-2024 13:30,24-12-2024 13:50,Mechanical Defect,Pneumatics,19.99323273
Line-8,Machine-5,25-12-2024 06:00,25-12-2024 06:23,Mechanical Defect,Gauge Unit,23.00326729
Line-8,Machine-5,01-01-2025 10:00,01-01-2025 13:30,Mechanical Defect,Work Head,210
Line-8,Machine-5,02-01-2025 06:00,02-01-2025 06:10,Mechanical Defect,Dresser unit,9.99944973
Line-8,Machine-5,03-01-2025 11:00,03-01-2025 12:00,Mechanical Defect,Coolant system,60.00201797
Line-8,Machine-5,04-01-2025 10:45,04-01-2025 11:10,Mechanical Defect,Hydraulics,25.00653267
Line-8,Machine-5,07-03-2025 08:11,07-03-2025 08:46,Mechanical Defect,Coolant system,35.0027504
Line-8,Machine-5,08-03-2025 09:20,08-03-2025 09:34,Mechanical Defect,Conveyor,13.9928503
Line-8,Machine-5,08-03-2025 10:50,08-03-2025 12:30,Mechanical Defect,Coolant system,99.99473572
Line-8,Machine-5,10-03-2025 06:00,10-03-2025 10:00,Mechanical Defect,Work Head,240
Line-8,Machine-5,10-03-2025 06:00,10-03-2025 08:00,Mechanical Defect,Work Head,120.0050201
Line-8,Machine-5,10-03-2025 10:00,10-03-2025 10:13,Mechanical Defect,Work Head,13.01141644
Line-8,Machine-5,11-03-2025 07:15,11-03-2025 09:20,Mechanical Defect,Work Head,125
Line-8,Machine-5,21-03-2025 10:28,21-03-2025 10:38,Mechanical Defect,Pneumatics,9.998800278
Line-8,Machine-5,22-03-2025 06:00,22-03-2025 06:45,Mechanical Defect,Work Head,44.99488449
Line-8,Machine-5,01-05-2025 10:00,01-05-2025 11:27,Mechanical Defect,Coolant system,86.98336792
Line-8,Machine-5,13-11-2024 14:30,13-11-2024 19:00,Mechanical Defect,Grinding wheel,270
Line-8,Machine-5,13-12-2024 14:30,13-12-2024 15:51,Mechanical Defect,Coolant system,81
Line-8,Machine-5,22-12-2024 18:55,22-12-2024 19:16,Mechanical Defect,Stone holder,21.00281715
Line-8,Machine-5,25-12-2024 16:00,25-12-2024 16:30,Mechanical Defect,Gauge Unit,29.73808289
Line-8,Machine-5,01-01-2025 14:30,01-01-2025 15:30,Mechanical Defect,Grinding wheel,60.007267
Line-8,Machine-5,01-01-2025 15:30,01-01-2025 16:00,Mechanical Defect,Work Head,30.00558281
Line-8,Machine-5,09-03-2025 19:17,09-03-2025 22:19,Mechanical Defect,Grinding wheel,181.4985352
Line-8,Machine-5,21-03-2025 17:00,21-03-2025 17:21,Mechanical Defect,Work Head,21.00839996
Line-8,Machine-5,21-03-2025 20:00,21-03-2025 20:25,Mechanical Defect,Work Head,25.00983238
Line-8,Machine-5,21-03-2025 21:00,21-03-2025 21:32,Mechanical Defect,Work Head,32.00051498
Line-8,Machine-5,21-03-2025 22:30,21-03-2025 23:00,Mechanical Defect,Work Head,29.99041748
Line-8,Machine-5,24-03-2025 16:30,24-03-2025 19:30,Mechanical Defect,Work Head,180.0078278
Line-8,Machine-5,18-04-2025 17:00,18-04-2025 20:40,Mechanical Defect,Coolant system,220.0107269
Line-8,Machine-5,29-04-2025 19:00,29-04-2025 19:30,Mechanical Defect,Gauge Unit,30.00296593
Line-8,Machine-5,11-12-2024 23:00,12-12-2024 00:00,Mechanical Defect,Gauge Unit,59.99655151
Line-8,Machine-5,17-12-2024 05:45,17-12-2024 06:00,Mechanical Defect,Work Head,14.99244976
Line-8,Machine-5,18-12-2024 03:30,18-12-2024 03:40,Mechanical Defect,Coolant system,10
Line-8,Machine-5,06-01-2025 23:00,06-01-2025 23:42,Mechanical Defect,Automation,42
Line-8,Machine-5,18-01-2025 23:00,18-01-2025 23:20,Mechanical Defect,Hydraulics,20.0048008
Line-8,Machine-5,26-02-2025 01:00,26-02-2025 01:42,Mechanical Defect,Pneumatics,41.99833298
Line-8,Machine-5,09-03-2025 23:00,09-03-2025 23:40,Mechanical Defect,Work Head,39.98839951
Line-8,Machine-5,10-03-2025 03:13,10-03-2025 03:40,Mechanical Defect,Work Head,26.99893379
Line-8,Machine-5,21-03-2025 23:00,21-03-2025 23:36,Mechanical Defect,Work Head,36.00853348
Line-8,Machine-5,22-03-2025 01:00,22-03-2025 01:24,Mechanical Defect,Work Head,24.00371742
Line-8,Machine-5,23-03-2025 01:30,23-03-2025 02:10,Mechanical Defect,Work Head,39.99133301
Line-8,Machine-6,12-11-2024 06:00,12-11-2024 06:40,Mechanical Defect,Stone holder,39.99396515
Line-8,Machine-6,12-11-2024 08:30,12-11-2024 10:00,Mechanical Defect,Stone holder,90.28469849
Line-8,Machine-6,20-12-2024 11:30,20-12-2024 14:30,Mechanical Defect,Stone holder,180.0061798
Line-8,Machine-6,22-12-2024 07:00,22-12-2024 07:29,Mechanical Defect,Stone holder,28.99193382
Line-8,Machine-6,04-02-2025 08:00,04-02-2025 08:10,Mechanical Defect,Hydraulics,9.991033554
Line-8,Machine-6,08-03-2025 13:20,08-03-2025 14:30,Mechanical Defect,Stone holder,69.98891449
Line-8,Machine-6,09-03-2025 06:00,09-03-2025 06:20,Mechanical Defect,Conveyor,19.98518372
Line-8,Machine-6,09-03-2025 09:00,09-03-2025 14:29,Mechanical Defect,Conveyor,329.1321716
Line-8,Machine-6,20-12-2024 17:00,20-12-2024 17:23,Mechanical Defect,Stone holder,22.99693298
Line-8,Machine-6,22-12-2024 16:00,22-12-2024 16:06,Mechanical Defect,Stone holder,6.005449772
Line-8,Machine-6,22-12-2024 16:30,22-12-2024 16:35,Mechanical Defect,Stone holder,4.998933315
Line-8,Machine-6,22-12-2024 20:42,22-12-2024 23:00,Mechanical Defect,Stone holder,138.5079956
Line-8,Machine-6,08-01-2025 22:30,08-01-2025 22:38,Mechanical Defect,Hydraulics,8.811200142
Line-8,Machine-6,21-03-2025 18:40,21-03-2025 18:46,Mechanical Defect,Conveyor,5.994666576
Line-8,Machine-6,21-03-2025 19:00,21-03-2025 19:23,Mechanical Defect,Conveyor,23.00026703
Line-8,Machine-6,25-04-2025 21:30,25-04-2025 22:00,Mechanical Defect,Work Head,30.00219917
Line-8,Machine-6,27-04-2025 15:46,27-04-2025 16:06,Mechanical Defect,Pneumatics,19.99410057
Line-8,Machine-6,10-11-2024 03:30,10-11-2024 06:00,Mechanical Defect,Stone holder,150.0111237
Line-8,Machine-6,16-12-2024 02:20,16-12-2024 02:35,Mechanical Defect,Coolant system,15.01376629
Line-8,Machine-6,16-12-2024 03:22,16-12-2024 03:57,Mechanical Defect,Coolant system,35.61341476
Line-8,Machine-6,17-12-2024 23:00,17-12-2024 23:30,Mechanical Defect,Coolant system,30.00029945
Line-8,Machine-6,18-12-2024 00:00,18-12-2024 00:19,Mechanical Defect,Coolant system,18.99611664
Line-8,Machine-6,18-12-2024 01:00,18-12-2024 01:11,Mechanical Defect,Coolant system,10.99266624
Line-8,Machine-6,18-12-2024 02:00,18-12-2024 02:17,Mechanical Defect,Coolant system,16.98906708
Line-8,Machine-6,18-12-2024 05:00,18-12-2024 05:20,Mechanical Defect,Coolant system,20.01186752
Line-8,Machine-6,23-12-2024 00:00,23-12-2024 00:53,Mechanical Defect,Stone holder,52.9950676
Line-8,Machine-6,22-12-2024 23:00,23-12-2024 00:30,Mechanical Defect,Stone Pressing Unit,90.01065063
Line-8,Machine-6,07-01-2025 03:30,07-01-2025 04:05,Mechanical Defect,Automation,35.00239944
Line-8,Machine-6,07-01-2025 04:30,07-01-2025 04:50,Mechanical Defect,Automation,20.00553322
Line-8,Machine-6,08-01-2025 23:00,08-01-2025 23:12,Mechanical Defect,Automation,12.00051689
Line-8,Machine-6,26-02-2025 04:30,26-02-2025 05:13,Mechanical Defect,Pneumatics,42.98996735
Line-8,Machine-6,26-02-2025 05:30,26-02-2025 06:00,Mechanical Defect,Pneumatics,30.01119995
Line-8,Machine-6,05-03-2025 23:00,05-03-2025 23:36,Mechanical Defect,Hydraulics,36
Line-8,Machine-6,10-03-2025 00:20,10-03-2025 02:45,Mechanical Defect,Work Head,145.2245178
Line-8,Machine-6,10-03-2025 04:00,10-03-2025 04:15,Mechanical Defect,Work Head,15.00011635
Line-8,Machine-6,10-03-2025 05:00,10-03-2025 05:15,Mechanical Defect,Work Head,14.99816704
Line-8,Machine-6,10-03-2025 05:43,10-03-2025 06:00,Mechanical Defect,Work Head,16.99530029
Line-8,Machine-6,29-04-2025 00:00,29-04-2025 00:43,Mechanical Defect,Grinding wheel,42.99779892
Line-3,Machine-7,06-11-2024 06:07,06-11-2024 06:17,Mechanical Defect,Lubrication,9.882249832
Line-3,Machine-7,24-01-2025 10:44,24-01-2025 10:52,Mechanical Defect,Conveyor,8.011716843
Line-3,Machine-7,09-03-2025 11:17,09-03-2025 11:34,Mechanical Defect,Conveyor,16.46459961
Line-3,Machine-7,14-11-2024 18:54,14-11-2024 19:01,Mechanical Defect,Automation,7.365316868
Line-3,Machine-7,14-11-2024 22:26,14-11-2024 22:32,Mechanical Defect,Automation,6.501516819
Line-3,Machine-7,16-11-2024 22:22,16-11-2024 22:27,Mechanical Defect,Automation,5.482466698
Line-3,Machine-7,20-03-2025 21:48,20-03-2025 22:03,Mechanical Defect,Work Spindle,14.30253315
Line-3,Machine-7,16-04-2025 21:57,16-04-2025 23:00,Mechanical Defect,Wheel Head,62.67829895
Line-3,Machine-7,26-04-2025 19:20,26-04-2025 19:47,Mechanical Defect,Pneumatics,27.5407505
Line-3,Machine-7,01-12-2024 03:58,01-12-2024 04:06,Mechanical Defect,Automation,7.431783199
Line-3,Machine-7,11-01-2025 05:01,11-01-2025 05:07,Mechanical Defect,Automation,6.255033493
Line-3,Machine-7,29-01-2025 01:38,29-01-2025 01:46,Mechanical Defect,Coolant system,8.018333435
Line-3,Machine-7,02-03-2025 05:09,02-03-2025 05:17,Mechanical Defect,Conveyor,8.794966698
Line-3,Machine-7,09-03-2025 01:02,09-03-2025 01:56,Mechanical Defect,Lubrication,53.68370056
Line-1,Machine-8,10-11-2024 09:45,10-11-2024 10:46,Mechanical Defect,Hydraulics,60.89649963
Line-1,Machine-8,14-11-2024 06:03,14-11-2024 06:20,Mechanical Defect,Hydraulics,16.65595055
Line-1,Machine-8,14-11-2024 08:22,14-11-2024 08:39,Mechanical Defect,Hydraulics,16.61054993
Line-1,Machine-8,14-11-2024 09:51,14-11-2024 11:14,Mechanical Defect,Hydraulics,83.14448547
Line-1,Machine-8,15-11-2024 07:44,15-11-2024 07:50,Mechanical Defect,Automation,6.609366894
Line-1,Machine-8,15-11-2024 11:31,15-11-2024 11:40,Mechanical Defect,Automation,9.757916451
Line-1,Machine-8,16-11-2024 06:00,16-11-2024 06:08,Mechanical Defect,Automation,8.654733658
Line-1,Machine-8,16-11-2024 13:33,16-11-2024 13:46,Mechanical Defect,Automation,13.10006714
Line-1,Machine-8,17-12-2024 07:15,17-12-2024 07:58,Mechanical Defect,Grinding wheel,42.77656555
Line-1,Machine-8,06-01-2025 06:31,06-01-2025 06:40,Mechanical Defect,Orientation unit,9.139033318
Line-1,Machine-8,06-01-2025 08:38,06-01-2025 08:44,Mechanical Defect,Orientation unit,6.426000118
Line-1,Machine-8,07-01-2025 09:58,07-01-2025 10:09,Mechanical Defect,Hopper,11.38290024
Line-1,Machine-8,08-01-2025 14:06,08-01-2025 14:18,Mechanical Defect,Orientation unit,11.91883373
Line-1,Machine-8,15-01-2025 08:59,15-01-2025 10:12,Mechanical Defect,Orientation unit,72.98376465
Line-1,Machine-8,15-01-2025 10:30,15-01-2025 11:07,Mechanical Defect,Orientation unit,37.69696808
Line-1,Machine-8,17-01-2025 06:10,17-01-2025 06:30,Mechanical Defect,Orientation unit,20.11651611
Line-1,Machine-8,17-01-2025 11:29,17-01-2025 11:37,Mechanical Defect,Orientation unit,8.649900436
Line-1,Machine-8,23-01-2025 06:00,23-01-2025 09:48,Mechanical Defect,Work Head,228.5316315
Line-1,Machine-8,23-01-2025 09:48,23-01-2025 12:26,Mechanical Defect,Work Spindle,158.1748962
Line-1,Machine-8,28-01-2025 06:00,28-01-2025 06:35,Mechanical Defect,Gauge Unit,35.63841629
Line-1,Machine-8,28-01-2025 06:36,28-01-2025 09:14,Mechanical Defect,Gauge Unit,158.8474884
Line-1,Machine-8,29-01-2025 06:00,29-01-2025 07:08,Mechanical Defect,Work Head,68.19393158
Line-1,Machine-8,31-01-2025 07:08,31-01-2025 07:18,Mechanical Defect,Orientation unit,9.552466393
Line-1,Machine-8,31-01-2025 08:01,31-01-2025 08:11,Mechanical Defect,Orientation unit,9.789883614
Line-1,Machine-8,31-01-2025 09:21,31-01-2025 09:36,Mechanical Defect,Orientation unit,14.91870022
Line-1,Machine-8,03-02-2025 10:10,03-02-2025 10:18,Mechanical Defect,Lubrication,7.814983368
Line-1,Machine-8,10-02-2025 11:51,10-02-2025 14:01,Mechanical Defect,Work Head,130.2176361
Line-1,Machine-8,14-02-2025 06:22,14-02-2025 06:28,Mechanical Defect,Hydraulics,6.346433163
Line-1,Machine-8,20-02-2025 09:31,20-02-2025 10:35,Mechanical Defect,Dresser unit,64.582901
Line-1,Machine-8,20-02-2025 10:36,20-02-2025 11:11,Mechanical Defect,Dresser unit,34.93336487
Line-1,Machine-8,09-03-2025 06:00,09-03-2025 14:30,Mechanical Defect,Wheel Head,509.9659729
Line-1,Machine-8,12-03-2025 06:00,12-03-2025 14:30,Mechanical Defect,Dresser unit,509.9671631
Line-1,Machine-8,16-03-2025 10:41,16-03-2025 11:47,Mechanical Defect,Dresser unit,65.67301941
Line-1,Machine-8,16-03-2025 11:48,16-03-2025 12:00,Mechanical Defect,Dresser unit,11.45283318
Line-1,Machine-8,16-03-2025 12:01,16-03-2025 12:47,Mechanical Defect,Dresser unit,46.53436661
Line-1,Machine-8,16-03-2025 12:54,16-03-2025 12:59,Mechanical Defect,Dresser unit,5.62594986
Line-1,Machine-8,16-03-2025 13:11,16-03-2025 13:24,Mechanical Defect,Dresser unit,13.78828335
Line-1,Machine-8,16-03-2025 13:25,16-03-2025 13:33,Mechanical Defect,Dresser unit,8.399816513
Line-1,Machine-8,16-03-2025 13:33,16-03-2025 13:56,Mechanical Defect,Dresser unit,22.98746681
Line-1,Machine-8,16-03-2025 13:57,16-03-2025 14:30,Mechanical Defect,Dresser unit,32.96813202
Line-1,Machine-8,16-03-2025 07:25,16-03-2025 07:38,Mechanical Defect,Coolant system,12.42011642
Line-1,Machine-8,16-03-2025 07:46,16-03-2025 07:54,Mechanical Defect,Coolant system,8.889017105
Line-1,Machine-8,17-03-2025 11:24,17-03-2025 12:00,Mechanical Defect,Grinding wheel,36.33184814
Line-1,Machine-8,03-04-2025 06:29,03-04-2025 07:01,Mechanical Defect,Grinding wheel,31.86761665
Line-1,Machine-8,03-04-2025 07:02,03-04-2025 07:08,Mechanical Defect,Grinding wheel,5.443266869
Line-1,Machine-8,03-04-2025 07:10,03-04-2025 07:27,Mechanical Defect,Grinding wheel,17.34998322
Line-1,Machine-8,24-04-2025 08:36,24-04-2025 08:41,Mechanical Defect,Orientation unit,5.692516804
Line-1,Machine-8,13-11-2024 17:52,13-11-2024 19:02,Mechanical Defect,Hydraulics,70.36070251
Line-1,Machine-8,16-11-2024 15:58,16-11-2024 16:16,Mechanical Defect,Automation,17.60029984
Line-1,Machine-8,16-11-2024 21:39,16-11-2024 21:46,Mechanical Defect,Automation,7.279166698
Line-1,Machine-8,30-11-2024 17:21,30-11-2024 17:31,Mechanical Defect,Automation,10.44296646
Line-1,Machine-8,30-11-2024 17:50,30-11-2024 17:58,Mechanical Defect,Automation,7.539850235
Line-1,Machine-8,07-12-2024 22:31,07-12-2024 23:00,Mechanical Defect,Orientation unit,29.0627327
Line-1,Machine-8,12-12-2024 15:41,12-12-2024 15:51,Mechanical Defect,Automation,9.761449814
Line-1,Machine-8,15-12-2024 20:34,15-12-2024 20:40,Mechanical Defect,Coolant system,6.138183117
Line-1,Machine-8,18-12-2024 14:42,18-12-2024 15:25,Mechanical Defect,Coolant system,42.63418198
Line-1,Machine-8,08-03-2025 21:54,08-03-2025 22:43,Mechanical Defect,Work Head,49.03351593
Line-1,Machine-8,08-03-2025 22:46,08-03-2025 23:00,Mechanical Defect,Work Head,13.96549988
Line-1,Machine-8,09-03-2025 14:30,09-03-2025 23:00,Mechanical Defect,Wheel Slide,509.9658813
Line-1,Machine-8,10-03-2025 14:30,10-03-2025 20:57,Mechanical Defect,Dresser unit,387.3783264
Line-1,Machine-8,11-03-2025 14:33,11-03-2025 15:22,Mechanical Defect,Aerolide slide,49.32698441
Line-1,Machine-8,11-03-2025 15:27,11-03-2025 16:00,Mechanical Defect,Aerolide slide,32.93783188
Line-1,Machine-8,11-03-2025 16:02,11-03-2025 16:14,Mechanical Defect,Aerolide slide,11.38883305
Line-1,Machine-8,11-03-2025 16:15,11-03-2025 23:00,Mechanical Defect,Aerolide slide,404.8415527
Line-1,Machine-8,12-03-2025 17:41,12-03-2025 17:53,Mechanical Defect,Aerolide slide,11.95978355
Line-1,Machine-8,12-03-2025 17:53,12-03-2025 18:25,Mechanical Defect,Aerolide slide,32.24346542
Line-1,Machine-8,12-03-2025 18:26,12-03-2025 20:20,Mechanical Defect,Aerolide slide,113.7850647
Line-1,Machine-8,13-03-2025 20:35,13-03-2025 20:43,Mechanical Defect,Orientation unit,8.316399574
Line-1,Machine-8,16-03-2025 14:30,16-03-2025 17:34,Mechanical Defect,Dresser unit,184.6287537
Line-1,Machine-8,26-03-2025 17:36,26-03-2025 18:36,Mechanical Defect,Dresser unit,60
Line-1,Machine-8,26-03-2025 19:16,26-03-2025 20:01,Mechanical Defect,Dresser unit,45.42124939
Line-1,Machine-8,26-03-2025 20:06,26-03-2025 20:18,Mechanical Defect,Dresser unit,12.49161625
Line-1,Machine-8,26-03-2025 20:24,26-03-2025 20:41,Mechanical Defect,Dresser unit,16.97851753
Line-1,Machine-8,26-03-2025 20:42,26-03-2025 21:00,Mechanical Defect,Dresser unit,17.74444962
Line-1,Machine-8,26-03-2025 21:00,26-03-2025 21:49,Mechanical Defect,Dresser unit,48.88108444
Line-1,Machine-8,26-03-2025 21:53,26-03-2025 23:00,Mechanical Defect,Dresser unit,66.12371826
Line-1,Machine-8,01-04-2025 22:19,01-04-2025 22:35,Mechanical Defect,Dresser unit,15.85204983
Line-1,Machine-8,16-04-2025 21:14,16-04-2025 21:22,Mechanical Defect,Conveyor,8.118733406
Line-1,Machine-8,14-11-2024 03:50,14-11-2024 03:55,Mechanical Defect,Automation,5.511183262
Line-1,Machine-8,21-11-2024 04:07,21-11-2024 04:14,Mechanical Defect,Transfer Unit,7.116916656
Line-1,Machine-8,21-11-2024 04:18,21-11-2024 04:24,Mechanical Defect,Traverse Unit,5.505516529
Line-1,Machine-8,21-11-2024 04:40,21-11-2024 04:47,Mechanical Defect,Traverse Unit,6.089033127
Line-1,Machine-8,21-11-2024 05:06,21-11-2024 05:17,Mechanical Defect,Traverse Unit,10.80826664
Line-1,Machine-8,01-12-2024 03:44,01-12-2024 03:52,Mechanical Defect,Automation,8.523133278
Line-1,Machine-8,01-12-2024 04:57,01-12-2024 05:08,Mechanical Defect,Automation,11.37541676
Line-1,Machine-8,07-12-2024 23:26,07-12-2024 23:50,Mechanical Defect,Orientation unit,24.15768242
Line-1,Machine-8,14-12-2024 01:48,14-12-2024 01:57,Mechanical Defect,Hopper,8.611133575
Line-1,Machine-8,14-12-2024 02:17,14-12-2024 02:31,Mechanical Defect,Hopper,14.51831627
Line-1,Machine-8,14-12-2024 02:41,14-12-2024 03:44,Mechanical Defect,Hopper,62.91571808
Line-1,Machine-8,21-12-2024 00:12,21-12-2024 00:18,Mechanical Defect,Automation,5.967333317
Line-1,Machine-8,21-12-2024 00:35,21-12-2024 00:42,Mechanical Defect,Automation,6.686616898
Line-1,Machine-8,21-12-2024 00:44,21-12-2024 00:51,Mechanical Defect,Automation,6.765666485
Line-1,Machine-8,21-12-2024 01:17,21-12-2024 01:49,Mechanical Defect,Automation,31.45921707
Line-1,Machine-8,21-12-2024 01:51,21-12-2024 02:01,Mechanical Defect,Automation,10.04576683
Line-1,Machine-8,21-12-2024 03:01,21-12-2024 03:08,Mechanical Defect,Automation,7.124233246
Line-1,Machine-8,21-12-2024 04:40,21-12-2024 04:45,Mechanical Defect,Automation,5.498066902
Line-1,Machine-8,27-12-2024 05:05,27-12-2024 05:15,Mechanical Defect,Automation,9.345316887
Line-1,Machine-8,17-01-2025 01:59,17-01-2025 02:34,Mechanical Defect,Orientation unit,35.12473297
Line-1,Machine-8,17-01-2025 03:08,17-01-2025 03:33,Mechanical Defect,Orientation unit,24.88981628
Line-1,Machine-8,23-01-2025 00:31,23-01-2025 02:51,Mechanical Defect,Oscillation,140.1721039
Line-1,Machine-8,28-01-2025 00:12,28-01-2025 00:27,Mechanical Defect,Dresser unit,14.13073349
Line-1,Machine-8,28-01-2025 00:27,28-01-2025 00:34,Mechanical Defect,Dresser unit,6.750549793
Line-1,Machine-8,28-01-2025 04:08,28-01-2025 04:50,Mechanical Defect,Dresser unit,41.32603455
Line-1,Machine-8,29-01-2025 00:23,29-01-2025 00:39,Mechanical Defect,Orientation unit,16.00841713
Line-1,Machine-8,29-01-2025 05:40,29-01-2025 06:00,Mechanical Defect,Automation,19.91744995
Line-1,Machine-8,01-02-2025 23:48,01-02-2025 23:54,Mechanical Defect,Conveyor,5.646616459
Line-1,Machine-8,01-02-2025 23:58,02-02-2025 00:12,Mechanical Defect,Conveyor,13.72403336
Line-1,Machine-8,02-02-2025 03:02,02-02-2025 03:08,Mechanical Defect,Conveyor,5.655233383
Line-1,Machine-8,09-03-2025 01:18,09-03-2025 01:37,Mechanical Defect,Wheel Slide,18.22900009
Line-1,Machine-8,09-03-2025 01:48,09-03-2025 01:53,Mechanical Defect,Wheel Slide,5.588733196
Line-1,Machine-8,09-03-2025 04:19,09-03-2025 04:24,Mechanical Defect,Wheel Slide,5.189283371
Line-1,Machine-8,11-03-2025 23:00,11-03-2025 23:35,Mechanical Defect,Aerolide slide,35.83364868
Line-1,Machine-8,11-03-2025 23:36,11-03-2025 23:45,Mechanical Defect,Aerolide slide,9.119649887
Line-1,Machine-8,12-03-2025 00:42,12-03-2025 02:00,Mechanical Defect,Aerolide slide,78.89743042
Line-1,Machine-8,12-03-2025 02:00,12-03-2025 06:00,Mechanical Defect,Aerolide slide,239.1433258
Line-1,Machine-8,23-03-2025 04:12,23-03-2025 04:46,Mechanical Defect,Dresser unit,33.94010162
Line-1,Machine-8,26-03-2025 23:00,27-03-2025 02:06,Mechanical Defect,Dresser unit,186.6306152
Line-1,Machine-8,29-03-2025 23:00,30-03-2025 01:00,Mechanical Defect,Work Head,120
Line-1,Machine-8,03-04-2025 01:39,03-04-2025 02:45,Mechanical Defect,Dresser unit,65.9490509
Line-7,Machine-9,15-11-2024 13:00,15-11-2024 13:08,Mechanical Defect,Automation,7.252616882
Line-7,Machine-9,12-12-2024 13:52,12-12-2024 14:30,Mechanical Defect,Dresser unit,38.06361771
Line-7,Machine-9,18-12-2024 11:47,18-12-2024 13:24,Mechanical Defect,Stone holder,96.52251434
Line-7,Machine-9,19-12-2024 06:17,19-12-2024 06:23,Mechanical Defect,Grinding wheel,6.376533508
Line-7,Machine-9,19-12-2024 06:29,19-12-2024 06:38,Mechanical Defect,Grinding wheel,9.093416214
Line-7,Machine-9,19-12-2024 06:57,19-12-2024 07:05,Mechanical Defect,Grinding wheel,7.958600044
Line-7,Machine-9,19-12-2024 07:35,19-12-2024 07:41,Mechanical Defect,Grinding wheel,5.492266655
Line-7,Machine-9,06-01-2025 12:26,06-01-2025 12:36,Mechanical Defect,Work Head,9.694800377
Line-7,Machine-9,06-01-2025 12:37,06-01-2025 12:42,Mechanical Defect,Work Head,5.020233154
Line-7,Machine-9,06-01-2025 12:42,06-01-2025 14:30,Mechanical Defect,Work Head,107.285553
Line-7,Machine-9,09-01-2025 11:48,09-01-2025 11:53,Mechanical Defect,Conveyor,5.083883286
Line-7,Machine-9,09-01-2025 12:06,09-01-2025 12:15,Mechanical Defect,Conveyor,9.087349892
Line-7,Machine-9,27-01-2025 13:55,27-01-2025 14:17,Mechanical Defect,Stone Pressing Unit,22.24696732
Line-7,Machine-9,10-03-2025 08:22,10-03-2025 08:27,Mechanical Defect,Automation,5.222433567
Line-7,Machine-9,10-03-2025 10:02,10-03-2025 10:12,Mechanical Defect,Automation,10.29364967
Line-7,Machine-9,10-03-2025 10:48,10-03-2025 11:05,Mechanical Defect,Automation,17.16513252
Line-7,Machine-9,10-03-2025 13:36,10-03-2025 13:43,Mechanical Defect,Automation,6.978950024
Line-7,Machine-9,11-03-2025 11:20,11-03-2025 12:03,Mechanical Defect,Pneumatics,42.15076828
Line-7,Machine-9,26-04-2025 06:48,26-04-2025 07:11,Mechanical Defect,Aerolide slide,23.05521584
Line-7,Machine-9,26-04-2025 08:42,26-04-2025 08:57,Mechanical Defect,Aerolide slide,14.87121677
Line-7,Machine-9,15-11-2024 20:35,15-11-2024 21:38,Mechanical Defect,Traverse Unit,62.4771843
Line-7,Machine-9,15-11-2024 21:58,15-11-2024 22:03,Mechanical Defect,Automation,5.403716564
Line-7,Machine-9,06-01-2025 14:30,06-01-2025 17:01,Mechanical Defect,Work Head,151.8670044
Line-7,Machine-9,15-01-2025 18:30,15-01-2025 19:38,Mechanical Defect,Conveyor,67.86898041
Line-7,Machine-9,20-01-2025 18:43,20-01-2025 18:50,Mechanical Defect,Dresser unit,7.043633461
Line-7,Machine-9,12-11-2024 03:58,12-11-2024 04:05,Mechanical Defect,Conveyor,7.240799904
Line-7,Machine-9,13-11-2024 03:39,13-11-2024 03:46,Mechanical Defect,Automation,6.705733299
Line-7,Machine-9,13-11-2024 04:09,13-11-2024 04:15,Mechanical Defect,Automation,6.105199814
Line-7,Machine-9,04-12-2024 02:22,04-12-2024 02:28,Mechanical Defect,Automation,5.446000099
Line-7,Machine-9,04-12-2024 04:35,04-12-2024 04:42,Mechanical Defect,Automation,6.817933559
Line-7,Machine-9,04-12-2024 04:56,04-12-2024 05:03,Mechanical Defect,Automation,6.894483566
Line-7,Machine-9,04-12-2024 05:40,04-12-2024 05:47,Mechanical Defect,Automation,7.006066799
Line-7,Machine-9,09-01-2025 00:17,09-01-2025 00:31,Mechanical Defect,Automation,13.89914989
Line-7,Machine-9,09-01-2025 00:54,09-01-2025 01:18,Mechanical Defect,Automation,23.91973305
Line-7,Machine-9,09-01-2025 01:23,09-01-2025 01:31,Mechanical Defect,Automation,7.654316902
Line-7,Machine-9,09-01-2025 04:08,09-01-2025 04:25,Mechanical Defect,Automation,16.85000038
Line-7,Machine-9,09-01-2025 04:28,09-01-2025 04:44,Mechanical Defect,Automation,15.72071648
Line-7,Machine-9,09-01-2025 04:53,09-01-2025 04:59,Mechanical Defect,Automation,6.424499989
Line-7,Machine-9,09-01-2025 05:53,09-01-2025 06:00,Mechanical Defect,Automation,7.063966751
Line-7,Machine-9,27-04-2025 00:29,27-04-2025 00:34,Mechanical Defect,Aerolide slide,5.766983509
Line-7,Machine-9,27-04-2025 01:59,27-04-2025 02:06,Mechanical Defect,Aerolide slide,7.051683426
Line-7,Machine-9,27-04-2025 02:26,27-04-2025 02:51,Mechanical Defect,Aerolide slide,24.5976162
Line-7,Machine-9,27-04-2025 03:26,27-04-2025 03:39,Mechanical Defect,Aerolide slide,12.70653343
Line-2,Machine-10,11-11-2024 10:51,11-11-2024 10:57,Mechanical Defect,Automation,6.283116817
Line-2,Machine-10,11-11-2024 13:38,11-11-2024 13:52,Mechanical Defect,Automation,13.70075035
Line-2,Machine-10,12-11-2024 09:43,12-11-2024 09:48,Mechanical Defect,Automation,5.004433155
Line-2,Machine-10,12-11-2024 14:18,12-11-2024 14:25,Mechanical Defect,Automation,6.589099884
Line-2,Machine-10,14-11-2024 07:51,14-11-2024 07:56,Mechanical Defect,Automation,5.066616535
Line-2,Machine-10,14-11-2024 10:12,14-11-2024 10:18,Mechanical Defect,Automation,6.166866779
Line-2,Machine-10,14-11-2024 11:13,14-11-2024 11:23,Mechanical Defect,Automation,9.910733223
Line-2,Machine-10,14-11-2024 13:19,14-11-2024 13:29,Mechanical Defect,Automation,10.20013332
Line-2,Machine-10,21-11-2024 13:03,21-11-2024 14:30,Mechanical Defect,Stone Pressing Unit,87.14911652
Line-2,Machine-10,30-11-2024 08:41,30-11-2024 10:06,Mechanical Defect,Stone holder,84.80713654
Line-2,Machine-10,31-12-2024 09:05,31-12-2024 09:20,Mechanical Defect,Hydraulics,15.10029984
Line-2,Machine-10,21-01-2025 10:32,21-01-2025 10:59,Mechanical Defect,Grinding wheel,26.57436752
Line-2,Machine-10,29-01-2025 06:00,29-01-2025 06:21,Mechanical Defect,Stone Pressing Unit,21.04823303
Line-2,Machine-10,29-01-2025 06:21,29-01-2025 06:45,Mechanical Defect,Stone Pressing Unit,23.53725052
Line-2,Machine-10,29-01-2025 09:33,29-01-2025 09:46,Mechanical Defect,Stone Pressing Unit,12.71595001
Line-2,Machine-10,29-01-2025 10:38,29-01-2025 10:51,Mechanical Defect,Stone Pressing Unit,12.41580009
Line-2,Machine-10,10-02-2025 11:51,10-02-2025 11:56,Mechanical Defect,Chiller,5.624533176
Line-2,Machine-10,12-02-2025 06:36,12-02-2025 08:12,Mechanical Defect,Stone Pressing Unit,96.2511673
Line-2,Machine-10,13-02-2025 08:36,13-02-2025 09:01,Mechanical Defect,Orientation unit,24.61388397
Line-2,Machine-10,05-04-2025 07:44,05-04-2025 07:51,Mechanical Defect,Hydraulics,7.489349842
Line-2,Machine-10,05-04-2025 09:31,05-04-2025 09:49,Mechanical Defect,Hydraulics,18.59041595
Line-2,Machine-10,05-04-2025 09:09,05-04-2025 09:21,Mechanical Defect,Aerolide slide,11.30191708
Line-2,Machine-10,26-04-2025 07:27,26-04-2025 07:55,Mechanical Defect,Wheel Head,27.79360008
Line-2,Machine-10,11-11-2024 18:09,11-11-2024 18:15,Mechanical Defect,Automation,6.460916519
Line-2,Machine-10,11-11-2024 22:11,11-11-2024 22:17,Mechanical Defect,Automation,5.564816475
Line-2,Machine-10,14-11-2024 17:15,14-11-2024 17:27,Mechanical Defect,Conveyor,12.62086678
Line-2,Machine-10,05-12-2024 21:39,05-12-2024 22:15,Mechanical Defect,Conveyor,36.01675034
Line-2,Machine-10,13-12-2024 14:30,13-12-2024 16:46,Mechanical Defect,Stone holder,136.7000275
Line-2,Machine-10,17-12-2024 20:42,17-12-2024 21:43,Mechanical Defect,Coolant system,60.35508347
Line-2,Machine-10,21-12-2024 16:00,21-12-2024 16:31,Mechanical Defect,Coolant system,31.19128418
Line-2,Machine-10,25-12-2024 22:46,25-12-2024 22:54,Mechanical Defect,Automation,7.493850231
Line-2,Machine-10,02-01-2025 16:06,02-01-2025 16:21,Mechanical Defect,Work Head,15.05125046
Line-2,Machine-10,02-01-2025 16:25,02-01-2025 17:07,Mechanical Defect,Work Head,41.88055038
Line-2,Machine-10,03-01-2025 18:17,03-01-2025 18:30,Mechanical Defect,Hydraulics,13.09406662
Line-2,Machine-10,23-01-2025 14:30,23-01-2025 21:26,Mechanical Defect,Oscillation,416.1366272
Line-2,Machine-10,06-02-2025 20:29,06-02-2025 20:37,Mechanical Defect,Stone holder,7.802333355
Line-2,Machine-10,06-02-2025 21:13,06-02-2025 21:51,Mechanical Defect,Stone holder,37.66746521
Line-2,Machine-10,06-02-2025 20:13,06-02-2025 20:21,Mechanical Defect,Stone Pressing Unit,8.059416771
Line-2,Machine-10,06-02-2025 20:22,06-02-2025 20:29,Mechanical Defect,Stone Pressing Unit,6.432750225
Line-2,Machine-10,29-03-2025 22:34,29-03-2025 22:50,Mechanical Defect,Automation,15.77565002
Line-2,Machine-10,13-11-2024 02:32,13-11-2024 02:50,Mechanical Defect,Stone holder,17.4336338
Line-2,Machine-10,22-11-2024 03:24,22-11-2024 04:12,Mechanical Defect,Conveyor,47.70096588
Line-2,Machine-10,01-12-2024 23:50,02-12-2024 00:33,Mechanical Defect,Stone holder,43.26150131
Line-2,Machine-10,02-12-2024 04:37,02-12-2024 05:12,Mechanical Defect,Stone holder,35.02101517
Line-2,Machine-10,04-12-2024 02:15,04-12-2024 02:26,Mechanical Defect,Automation,10.6833334
Line-2,Machine-10,04-12-2024 03:16,04-12-2024 03:21,Mechanical Defect,Automation,5.5121665
Line-2,Machine-10,05-12-2024 23:29,06-12-2024 00:32,Mechanical Defect,Traverse Unit,63.80648422
Line-2,Machine-10,06-12-2024 00:34,06-12-2024 00:56,Mechanical Defect,Traverse Unit,22.3315506
Line-2,Machine-10,06-12-2024 00:56,06-12-2024 01:02,Mechanical Defect,Traverse Unit,5.755066872
Line-2,Machine-10,17-12-2024 03:54,17-12-2024 04:05,Mechanical Defect,Conveyor,11.16381645
Line-2,Machine-10,02-01-2025 23:28,02-01-2025 23:53,Mechanical Defect,Oscillation,24.87033272
Line-2,Machine-10,29-01-2025 04:51,29-01-2025 05:01,Mechanical Defect,Oscillation,9.536867142
Line-2,Machine-10,07-02-2025 03:09,07-02-2025 03:39,Mechanical Defect,Stone Pressing Unit,30.24875069
Line-2,Machine-10,07-02-2025 03:39,07-02-2025 04:02,Mechanical Defect,Stone Pressing Unit,22.78554916
Line-2,Machine-10,12-02-2025 01:20,12-02-2025 02:20,Mechanical Defect,Stone Pressing Unit,60.25813293
Line-2,Machine-10,26-02-2025 02:44,26-02-2025 02:52,Mechanical Defect,Stone Pressing Unit,7.667749882
Line-2,Machine-10,26-02-2025 03:39,26-02-2025 03:49,Mechanical Defect,Stone Pressing Unit,10.319767
Line-2,Machine-10,09-03-2025 03:26,09-03-2025 04:29,Mechanical Defect,Hopper,63.13768387
Line-2,Machine-10,14-03-2025 05:42,14-03-2025 06:00,Mechanical Defect,Automation,17.68248367
Line-2,Machine-10,06-04-2025 00:02,06-04-2025 01:17,Mechanical Defect,Oscillation,75
Line-2,Machine-10,02-05-2025 05:37,02-05-2025 06:00,Mechanical Defect,Stone holder,22.44206619
Line-3,Machine-11,27-01-2025 06:00,27-01-2025 06:17,Mechanical Defect,Coolant system,17.51481628
Line-3,Machine-11,08-02-2025 11:40,08-02-2025 11:45,Mechanical Defect,Coolant system,5.01396656
Line-3,Machine-11,08-02-2025 11:52,08-02-2025 11:57,Mechanical Defect,Coolant system,5.250216484
Line-3,Machine-11,14-02-2025 11:25,14-02-2025 14:13,Mechanical Defect,Stone Pressing Unit,167.9444733
Line-3,Machine-11,20-03-2025 12:41,20-03-2025 14:30,Mechanical Defect,Oscillation,108.2525482
Line-3,Machine-11,29-03-2025 10:07,29-03-2025 11:14,Mechanical Defect,Stone Pressing Unit,66.77436829
Line-3,Machine-11,01-04-2025 13:17,01-04-2025 13:31,Mechanical Defect,Grinding wheel,14.05113316
Line-3,Machine-11,05-12-2024 20:21,05-12-2024 21:06,Mechanical Defect,Conveyor,45.47046661
Line-3,Machine-11,03-03-2025 14:50,03-03-2025 16:27,Mechanical Defect,Grinding wheel,96.88676453
Line-3,Machine-11,20-03-2025 14:30,20-03-2025 15:06,Mechanical Defect,Oscillation,36.68208313
Line-3,Machine-11,20-03-2025 16:55,20-03-2025 17:59,Mechanical Defect,Oscillation,63.95083237
Line-3,Machine-11,14-11-2024 01:50,14-11-2024 01:58,Mechanical Defect,Automation,7.735883236
Line-3,Machine-11,18-02-2025 00:33,18-02-2025 00:41,Mechanical Defect,Stone Pressing Unit,7.957783222
Line-3,Machine-11,18-02-2025 00:53,18-02-2025 01:02,Mechanical Defect,Stone Pressing Unit,9.389650345
Line-3,Machine-11,31-03-2025 23:00,31-03-2025 23:36,Mechanical Defect,Oscillation,36
Line-3,Machine-11,11-04-2025 02:02,11-04-2025 02:12,Mechanical Defect,Stone Pressing Unit,9.373883247
Line-3,Machine-12,20-11-2024 13:17,20-11-2024 14:30,Mechanical Defect,Traverse Unit,73.27204895
Line-3,Machine-12,06-01-2025 11:05,06-01-2025 11:16,Mechanical Defect,Orientation unit,11.25090027
Line-3,Machine-12,12-02-2025 09:14,12-02-2025 09:29,Mechanical Defect,Conveyor,15.33903313
Line-3,Machine-12,13-02-2025 06:38,13-02-2025 07:41,Mechanical Defect,Conveyor,62.28383255
Line-3,Machine-12,13-02-2025 11:35,13-02-2025 11:41,Mechanical Defect,Automation,6.455066681
Line-3,Machine-12,13-02-2025 11:57,13-02-2025 12:22,Mechanical Defect,Automation,24.73056602
Line-3,Machine-12,13-02-2025 12:22,13-02-2025 12:29,Mechanical Defect,Automation,6.535999775
Line-3,Machine-12,13-02-2025 12:34,13-02-2025 12:59,Mechanical Defect,Automation,24.75096703
Line-3,Machine-12,14-02-2025 09:41,14-02-2025 10:50,Mechanical Defect,Conveyor,68.71828461
Line-3,Machine-12,14-02-2025 10:52,14-02-2025 11:08,Mechanical Defect,Conveyor,16.70493317
Line-3,Machine-12,14-11-2024 15:04,14-11-2024 15:12,Mechanical Defect,Automation,8.473083496
Line-3,Machine-12,22-12-2024 19:55,22-12-2024 20:02,Mechanical Defect,Conveyor,6.767816544
Line-3,Machine-12,25-12-2024 21:31,25-12-2024 21:55,Mechanical Defect,Automation,24.45446587
Line-3,Machine-12,27-01-2025 21:14,27-01-2025 21:24,Mechanical Defect,Conveyor,10.40001678
Line-3,Machine-12,22-02-2025 19:12,22-02-2025 19:34,Mechanical Defect,Work Head,22.59070015
Line-3,Machine-12,26-03-2025 17:47,26-03-2025 18:11,Mechanical Defect,Orientation unit,23.61223412
Line-3,Machine-12,13-04-2025 20:20,13-04-2025 20:39,Mechanical Defect,Conveyor,19.5402832
Line-3,Machine-12,17-04-2025 21:33,17-04-2025 22:04,Mechanical Defect,Automation,30.95216751
Line-3,Machine-12,30-04-2025 14:59,30-04-2025 15:22,Mechanical Defect,Orientation unit,22.73856735
Line-3,Machine-12,10-01-2025 05:44,10-01-2025 05:53,Mechanical Defect,Automation,8.610699654
Line-3,Machine-12,22-02-2025 00:40,22-02-2025 01:27,Mechanical Defect,Work Spindle,46.18441772
Line-3,Machine-12,25-02-2025 02:54,25-02-2025 04:02,Mechanical Defect,Stone Pressing Unit,67.63925171
Line-3,Machine-13,03-11-2024 10:57,03-11-2024 11:22,Mechanical Defect,Lubrication,25.16320038
Line-3,Machine-13,15-11-2024 06:40,15-11-2024 07:24,Mechanical Defect,Work Head,44.1048317
Line-3,Machine-13,15-11-2024 10:33,15-11-2024 10:45,Mechanical Defect,Automation,12.27883339
Line-3,Machine-13,21-11-2024 06:00,21-11-2024 06:12,Mechanical Defect,Lubrication,11.71363354
Line-3,Machine-13,27-01-2025 06:59,27-01-2025 07:06,Mechanical Defect,Coolant system,6.571533203
Line-3,Machine-13,10-02-2025 09:35,10-02-2025 10:10,Mechanical Defect,Conveyor,35
Line-3,Machine-13,09-03-2025 12:57,09-03-2025 13:22,Mechanical Defect,Hydraulics,25.10961723
Line-3,Machine-13,20-03-2025 12:26,20-03-2025 12:32,Mechanical Defect,Oscillation,5.767116547
Line-3,Machine-13,01-04-2025 10:52,01-04-2025 11:25,Mechanical Defect,Stone holder,33.15166855
Line-3,Machine-13,02-04-2025 06:14,02-04-2025 06:23,Mechanical Defect,Conveyor,8.312999725
Line-3,Machine-13,16-11-2024 17:54,16-11-2024 18:17,Mechanical Defect,Automation,22.74830055
Line-3,Machine-13,05-12-2024 21:45,05-12-2024 22:01,Mechanical Defect,Hydraulics,15.32313347
Line-3,Machine-13,13-12-2024 18:01,13-12-2024 18:31,Mechanical Defect,Hydraulics,29.44865036
Line-3,Machine-13,15-12-2024 21:28,15-12-2024 21:39,Mechanical Defect,Lubrication,10.91998291
Line-3,Machine-13,25-01-2025 19:12,25-01-2025 19:25,Mechanical Defect,Demag,13.50364971
Line-3,Machine-13,30-03-2025 15:13,30-03-2025 15:36,Mechanical Defect,Lubrication,22.87236595
Line-3,Machine-13,30-03-2025 19:48,30-03-2025 19:58,Mechanical Defect,Lubrication,9.730816841
Line-3,Machine-13,24-04-2025 14:30,24-04-2025 16:10,Mechanical Defect,Work Head,100
Line-3,Machine-13,24-04-2025 16:10,24-04-2025 17:02,Mechanical Defect,Work Head,52.01873398
Line-3,Machine-13,26-04-2025 19:47,26-04-2025 20:01,Mechanical Defect,Grinding wheel,14.24118328
Line-3,Machine-13,14-11-2024 02:14,14-11-2024 02:22,Mechanical Defect,Automation,7.843699932
Line-3,Machine-13,14-11-2024 02:31,14-11-2024 02:42,Mechanical Defect,Automation,10.54671669
Line-3,Machine-13,01-12-2024 04:12,01-12-2024 04:19,Mechanical Defect,Automation,6.352683544
Line-3,Machine-13,16-12-2024 03:40,16-12-2024 03:46,Mechanical Defect,Conveyor,6.306300163
Line-3,Machine-13,16-12-2024 05:00,16-12-2024 05:06,Mechanical Defect,Conveyor,6.28673315
Line-3,Machine-13,16-12-2024 05:09,16-12-2024 05:16,Mechanical Defect,Conveyor,6.282983303
Line-3,Machine-13,11-01-2025 05:53,11-01-2025 06:00,Mechanical Defect,Automation,6.946133137
Line-3,Machine-13,20-02-2025 03:14,20-02-2025 03:35,Mechanical Defect,Lubrication,20.70273399
Line-3,Machine-13,01-04-2025 02:54,01-04-2025 03:00,Mechanical Defect,Oscillation,6.866583347
Line-3,Machine-13,11-04-2025 01:52,11-04-2025 01:59,Mechanical Defect,Stone Pressing Unit,7.115866661
Line-2,Machine-14,11-11-2024 06:11,11-11-2024 06:16,Mechanical Defect,Automation,5.423799992
Line-2,Machine-14,11-11-2024 10:43,11-11-2024 10:48,Mechanical Defect,Automation,5.184083462
Line-2,Machine-14,13-11-2024 07:42,13-11-2024 08:03,Mechanical Defect,Automation,20.79908371
Line-2,Machine-14,13-11-2024 08:05,13-11-2024 08:22,Mechanical Defect,Automation,17.54878426
Line-2,Machine-14,21-11-2024 11:23,21-11-2024 11:37,Mechanical Defect,Hopper,14.13024998
Line-2,Machine-14,21-11-2024 12:06,21-11-2024 12:20,Mechanical Defect,Hopper,13.98073292
Line-2,Machine-14,24-11-2024 08:46,24-11-2024 09:13,Mechanical Defect,Dresser unit,27.59620094
Line-2,Machine-14,07-12-2024 13:40,07-12-2024 13:52,Mechanical Defect,Automation,12.03381634
Line-2,Machine-14,10-12-2024 06:56,10-12-2024 07:03,Mechanical Defect,Automation,6.382166862
Line-2,Machine-14,10-12-2024 07:07,10-12-2024 07:23,Mechanical Defect,Automation,15.52285004
Line-2,Machine-14,10-12-2024 08:08,10-12-2024 08:14,Mechanical Defect,Automation,6.963183403
Line-2,Machine-14,13-12-2024 13:06,13-12-2024 14:30,Mechanical Defect,Grinding wheel,83.21338654
Line-2,Machine-14,14-12-2024 07:51,14-12-2024 07:59,Mechanical Defect,Hydraulics,8.102966309
Line-2,Machine-14,14-12-2024 08:00,14-12-2024 08:35,Mechanical Defect,Hydraulics,34.3297348
Line-2,Machine-14,04-01-2025 06:00,04-01-2025 09:21,Mechanical Defect,Work Head,201.8078003
Line-2,Machine-14,13-01-2025 06:53,13-01-2025 10:08,Mechanical Defect,Hydraulics,195.146347
Line-2,Machine-14,13-02-2025 10:48,13-02-2025 11:04,Mechanical Defect,Hopper,15.92416668
Line-2,Machine-14,13-02-2025 08:33,13-02-2025 08:43,Mechanical Defect,Automation,10.06719971
Line-2,Machine-14,13-02-2025 09:30,13-02-2025 09:37,Mechanical Defect,Automation,6.483766556
Line-2,Machine-14,13-02-2025 11:22,13-02-2025 11:30,Mechanical Defect,Automation,7.527683258
Line-2,Machine-14,13-02-2025 11:40,13-02-2025 11:50,Mechanical Defect,Automation,9.741867065
Line-2,Machine-14,13-02-2025 12:14,13-02-2025 12:23,Mechanical Defect,Automation,9.089799881
Line-2,Machine-14,13-02-2025 14:03,13-02-2025 14:18,Mechanical Defect,Automation,15.10114956
Line-2,Machine-14,14-02-2025 06:24,14-02-2025 06:32,Mechanical Defect,Hydraulics,8.003232956
Line-2,Machine-14,14-02-2025 06:44,14-02-2025 06:59,Mechanical Defect,Hopper,14.59325027
Line-2,Machine-14,14-02-2025 07:05,14-02-2025 07:15,Mechanical Defect,Hopper,10.15823364
Line-2,Machine-14,14-02-2025 08:10,14-02-2025 08:23,Mechanical Defect,Hopper,13.64873314
Line-2,Machine-14,23-02-2025 06:00,23-02-2025 06:29,Mechanical Defect,Automation,29.35991669
Line-2,Machine-14,26-02-2025 11:10,26-02-2025 11:41,Mechanical Defect,Hydraulics,30.80941582
Line-2,Machine-14,12-03-2025 13:49,12-03-2025 14:02,Mechanical Defect,Automation,13.35223293
Line-2,Machine-14,19-03-2025 13:59,19-03-2025 14:06,Mechanical Defect,Lubrication,6.875999928
Line-2,Machine-14,05-04-2025 12:32,05-04-2025 13:37,Mechanical Defect,Wheel Slide,65.5667038
Line-2,Machine-14,05-04-2025 13:39,05-04-2025 14:30,Mechanical Defect,Wheel Slide,50.60554886
Line-2,Machine-14,13-04-2025 09:03,13-04-2025 09:09,Mechanical Defect,Automation,5.504049778
Line-2,Machine-14,15-04-2025 06:35,15-04-2025 06:41,Mechanical Defect,Hopper,6.114233494
Line-2,Machine-14,15-04-2025 09:32,15-04-2025 09:47,Mechanical Defect,Hopper,15.37771702
Line-2,Machine-14,15-04-2025 09:52,15-04-2025 10:03,Mechanical Defect,Hopper,11.2112999
Line-2,Machine-14,15-04-2025 11:23,15-04-2025 12:16,Mechanical Defect,Hopper,53.68460083
Line-2,Machine-14,15-04-2025 13:33,15-04-2025 13:55,Mechanical Defect,Hopper,22.06591606
Line-2,Machine-14,18-04-2025 06:17,18-04-2025 08:40,Mechanical Defect,Grinding wheel,142.8097687
Line-2,Machine-14,22-04-2025 12:11,22-04-2025 12:42,Mechanical Defect,Conveyor,30.76736641
Line-2,Machine-14,24-04-2025 06:00,24-04-2025 06:18,Mechanical Defect,Grinding wheel,18.69961739
Line-2,Machine-14,26-04-2025 06:50,26-04-2025 06:57,Mechanical Defect,Hopper,6.864333153
Line-2,Machine-14,26-04-2025 06:58,26-04-2025 07:10,Mechanical Defect,Hopper,11.59133339
Line-2,Machine-14,26-04-2025 07:56,26-04-2025 08:08,Mechanical Defect,Hopper,11.69091702
Line-2,Machine-14,26-04-2025 10:51,26-04-2025 10:56,Mechanical Defect,Hopper,5.274449825
Line-2,Machine-14,26-04-2025 11:38,26-04-2025 11:44,Mechanical Defect,Hopper,6.633316517
Line-2,Machine-14,12-11-2024 17:43,12-11-2024 21:34,Mechanical Defect,Grinding wheel,230.4653168
Line-2,Machine-14,13-11-2024 22:17,13-11-2024 22:23,Mechanical Defect,Automation,6.12624979
Line-2,Machine-14,14-11-2024 18:12,14-11-2024 18:25,Mechanical Defect,Oscillation,12.55258369
Line-2,Machine-14,14-11-2024 18:29,14-11-2024 19:01,Mechanical Defect,Oscillation,31.68379974
Line-2,Machine-14,03-12-2024 21:40,03-12-2024 22:23,Mechanical Defect,Stone Pressing Unit,42.72501755
Line-2,Machine-14,05-12-2024 16:32,05-12-2024 16:45,Mechanical Defect,Hopper,12.94493294
Line-2,Machine-14,05-12-2024 17:05,05-12-2024 17:13,Mechanical Defect,Hopper,7.82553339
Line-2,Machine-14,05-12-2024 17:42,05-12-2024 17:49,Mechanical Defect,Hopper,6.916833401
Line-2,Machine-14,05-12-2024 18:26,05-12-2024 19:01,Mechanical Defect,Hopper,34.83921814
Line-2,Machine-14,05-12-2024 20:26,05-12-2024 20:44,Mechanical Defect,Hopper,17.88360023
Line-2,Machine-14,07-12-2024 16:12,07-12-2024 16:49,Mechanical Defect,Dresser unit,36.44536591
Line-2,Machine-14,21-12-2024 18:23,21-12-2024 18:54,Mechanical Defect,Conveyor,31.23814964
Line-2,Machine-14,21-12-2024 19:01,21-12-2024 19:38,Mechanical Defect,Conveyor,37.08846664
Line-2,Machine-14,25-12-2024 22:41,25-12-2024 23:00,Mechanical Defect,Hydraulics,18.44269943
Line-2,Machine-14,16-01-2025 21:38,16-01-2025 21:52,Mechanical Defect,Hydraulics,14.41278362
Line-2,Machine-14,16-01-2025 21:57,16-01-2025 22:03,Mechanical Defect,Hydraulics,6.580900192
Line-2,Machine-14,23-01-2025 19:06,23-01-2025 19:18,Mechanical Defect,Hopper,12.01319981
Line-2,Machine-14,06-02-2025 14:30,06-02-2025 16:08,Mechanical Defect,Coolant system,98.26478577
Line-2,Machine-14,11-02-2025 18:43,11-02-2025 19:12,Mechanical Defect,Hopper,29.0233326
Line-2,Machine-14,20-02-2025 22:18,20-02-2025 22:59,Mechanical Defect,Coolant system,40.81958389
Line-2,Machine-14,28-02-2025 22:29,28-02-2025 22:35,Mechanical Defect,Hydraulics,6.115866661
Line-2,Machine-14,28-03-2025 16:44,28-03-2025 16:56,Mechanical Defect,Automation,12.92224979
Line-2,Machine-14,07-11-2024 04:09,07-11-2024 05:30,Mechanical Defect,Grinding wheel,81.76023102
Line-2,Machine-14,25-12-2024 23:00,25-12-2024 23:22,Mechanical Defect,Hydraulics,22.80283356
Line-2,Machine-14,05-01-2025 04:21,05-01-2025 04:26,Mechanical Defect,Hydraulics,5.39501667
Line-2,Machine-14,07-01-2025 23:57,08-01-2025 00:58,Mechanical Defect,Wheel Head,61.32455063
Line-2,Machine-14,08-01-2025 01:09,08-01-2025 01:29,Mechanical Defect,Wheel Head,20.41038322
Line-2,Machine-14,24-01-2025 03:38,24-01-2025 04:14,Mechanical Defect,Hopper,36.59659958
Line-2,Machine-14,01-02-2025 00:17,01-02-2025 00:39,Mechanical Defect,Hopper,21.98016739
Line-2,Machine-14,05-02-2025 03:07,05-02-2025 04:39,Mechanical Defect,Coolant system,92.21363068
Line-2,Machine-14,21-02-2025 02:33,21-02-2025 02:41,Mechanical Defect,Coolant system,7.778133392
Line-2,Machine-14,21-02-2025 23:00,22-02-2025 06:00,Mechanical Defect,Wheel Head,419.9576721
Line-2,Machine-14,23-02-2025 04:26,23-02-2025 04:47,Mechanical Defect,Automation,20.70955086
Line-2,Machine-14,23-02-2025 04:50,23-02-2025 04:59,Mechanical Defect,Automation,9.631983757
Line-2,Machine-14,23-02-2025 05:40,23-02-2025 06:00,Mechanical Defect,Automation,19.14523315
Line-2,Machine-14,23-02-2025 23:00,23-02-2025 23:37,Mechanical Defect,Conveyor,37.06866837
Line-2,Machine-14,14-03-2025 05:41,14-03-2025 06:00,Mechanical Defect,Automation,18.11748314
Line-2,Machine-14,13-04-2025 01:09,13-04-2025 01:17,Mechanical Defect,Automation,8.171116829
Line-2,Machine-14,13-04-2025 01:54,13-04-2025 02:04,Mechanical Defect,Automation,9.745166779
Line-2,Machine-14,13-04-2025 02:43,13-04-2025 02:54,Mechanical Defect,Automation,11.30928326
Line-5,Machine-15,22-11-2024 09:11,22-11-2024 09:28,Mechanical Defect,Work Head,16.78286743
Line-5,Machine-15,12-12-2024 06:00,12-12-2024 06:42,Mechanical Defect,Coolant system,42.84090042
Line-5,Machine-15,12-12-2024 07:26,12-12-2024 07:33,Mechanical Defect,Coolant system,7.017733097
Line-5,Machine-15,03-02-2025 06:59,03-02-2025 07:07,Mechanical Defect,Lubrication,8.00660038
Line-5,Machine-15,11-03-2025 07:58,11-03-2025 08:21,Mechanical Defect,Hydraulics,22.44169998
Line-5,Machine-15,21-11-2024 14:30,21-11-2024 15:57,Mechanical Defect,Coolant system,86.86371613
Line-5,Machine-15,05-12-2024 21:26,05-12-2024 21:32,Mechanical Defect,Pneumatics,5.965283394
Line-5,Machine-15,12-12-2024 02:41,12-12-2024 03:26,Mechanical Defect,Grinding wheel,45.19621658
Line-5,Machine-15,12-12-2024 05:30,12-12-2024 06:00,Mechanical Defect,Grinding wheel,29.81166649
Line-5,Machine-15,19-12-2024 00:07,19-12-2024 00:14,Mechanical Defect,Conveyor,6.591350079
Line-5,Machine-15,28-04-2025 23:27,28-04-2025 23:46,Mechanical Defect,Hydraulics,19.35320091
Line-5,Machine-16,01-01-2025 14:00,01-01-2025 14:10,Mechanical Defect,Work Head,10.00686646
Line-5,Machine-16,16-02-2025 06:00,16-02-2025 07:00,Mechanical Defect,Coolant system,60.17005157
Line-5,Machine-16,18-02-2025 08:30,18-02-2025 09:16,Mechanical Defect,Coolant system,46.30076599
Line-5,Machine-16,09-03-2025 12:00,09-03-2025 14:30,Mechanical Defect,Gauge Unit,150
Line-5,Machine-16,09-03-2025 11:00,09-03-2025 12:00,Mechanical Defect,Coolant system,60
Line-5,Machine-16,20-03-2025 06:08,20-03-2025 07:20,Mechanical Defect,Demag,72.00878143
Line-5,Machine-16,21-03-2025 10:40,21-03-2025 11:32,Mechanical Defect,Coolant system,51.22551727
Line-5,Machine-16,22-03-2025 09:01,22-03-2025 09:25,Mechanical Defect,Work Head,23.31466675
Line-5,Machine-16,19-04-2025 06:25,19-04-2025 06:48,Mechanical Defect,Work Head,23.2789669
Line-5,Machine-16,24-04-2025 06:00,24-04-2025 07:23,Mechanical Defect,Work Spindle,83.7468338
Line-5,Machine-16,07-11-2024 16:00,07-11-2024 17:00,Mechanical Defect,Gauge Unit,59.99653244
Line-5,Machine-16,07-11-2024 17:00,07-11-2024 18:00,Mechanical Defect,Gauge Unit,60.01158524
Line-5,Machine-16,07-11-2024 19:00,07-11-2024 20:51,Mechanical Defect,Work Head,110.9902496
Line-5,Machine-16,16-11-2024 20:20,16-11-2024 22:44,Mechanical Defect,Work Head,143.9755554
Line-5,Machine-16,31-12-2024 20:30,31-12-2024 21:00,Mechanical Defect,Work Head,30.00625038
Line-5,Machine-16,02-03-2025 18:40,02-03-2025 18:56,Mechanical Defect,Coolant system,15.99541664
Line-5,Machine-16,10-03-2025 14:30,10-03-2025 23:00,Mechanical Defect,Work Head,510
Line-5,Machine-16,21-03-2025 15:30,21-03-2025 20:30,Mechanical Defect,Gauge Unit,300.4230652
Line-5,Machine-16,16-04-2025 17:30,16-04-2025 18:00,Mechanical Defect,Gauge Unit,29.99968338
Line-5,Machine-16,24-04-2025 14:30,24-04-2025 17:00,Mechanical Defect,Work Spindle,149.9930573
Line-5,Machine-16,16-11-2024 23:00,17-11-2024 01:00,Mechanical Defect,Work Head,120.0032806
Line-5,Machine-16,19-11-2024 04:30,19-11-2024 05:15,Mechanical Defect,Grinding wheel,45.90985107
Line-5,Machine-16,29-11-2024 00:00,29-11-2024 00:15,Mechanical Defect,Conveyor,14.9977169
Line-5,Machine-16,29-11-2024 01:00,29-11-2024 01:08,Mechanical Defect,Conveyor,8.002316475
Line-5,Machine-16,29-11-2024 02:00,29-11-2024 02:10,Mechanical Defect,Conveyor,9.996566772
Line-5,Machine-16,29-11-2024 03:00,29-11-2024 03:08,Mechanical Defect,Conveyor,8.009699821
Line-5,Machine-16,11-02-2025 00:30,11-02-2025 01:07,Mechanical Defect,Conveyor,37.00611496
Line-5,Machine-16,05-03-2025 23:00,06-03-2025 00:00,Mechanical Defect,Work Head,60
Line-5,Machine-16,07-03-2025 23:00,08-03-2025 05:53,Mechanical Defect,Work Head,413.0006104
Line-5,Machine-16,15-04-2025 01:00,15-04-2025 01:28,Mechanical Defect,Coolant system,28
Line-9,Machine-17,13-11-2024 07:34,13-11-2024 09:25,Mechanical Defect,Grinding wheel,111.1893845
Line-9,Machine-17,31-12-2024 07:38,31-12-2024 07:50,Mechanical Defect,Stone holder,12.08794975
Line-9,Machine-17,31-12-2024 08:11,31-12-2024 08:18,Mechanical Defect,Stone holder,7.234133244
Line-9,Machine-17,31-12-2024 12:36,31-12-2024 12:46,Mechanical Defect,Stone holder,9.581083298
Line-9,Machine-17,31-12-2024 12:50,31-12-2024 12:55,Mechanical Defect,Stone holder,5.570766449
Line-9,Machine-17,03-01-2025 11:17,03-01-2025 12:08,Mechanical Defect,Automation,50.83874893
Line-9,Machine-17,21-01-2025 10:23,21-01-2025 10:39,Mechanical Defect,Automation,15.33131695
Line-9,Machine-17,26-02-2025 10:49,26-02-2025 11:02,Mechanical Defect,Hopper,13.3166666
Line-9,Machine-17,28-02-2025 07:52,28-02-2025 07:57,Mechanical Defect,Lubrication,5.013183117
Line-9,Machine-17,10-03-2025 08:53,10-03-2025 09:05,Mechanical Defect,Lubrication,12.13930035
Line-9,Machine-17,06-04-2025 07:43,06-04-2025 07:55,Mechanical Defect,Hopper,12.10029984
Line-9,Machine-17,10-04-2025 07:21,10-04-2025 07:44,Mechanical Defect,Panel AC,23.51726723
Line-9,Machine-17,21-04-2025 10:57,21-04-2025 11:03,Mechanical Defect,Gauge Unit,6.044133186
Line-9,Machine-17,15-11-2024 17:20,15-11-2024 17:45,Mechanical Defect,Automation,25.37490082
Line-9,Machine-17,16-11-2024 16:11,16-11-2024 16:19,Mechanical Defect,Automation,7.157466888
Line-9,Machine-17,16-11-2024 18:22,16-11-2024 18:27,Mechanical Defect,Automation,5.618549824
Line-9,Machine-17,05-12-2024 20:22,05-12-2024 20:32,Mechanical Defect,Conveyor,9.588482857
Line-9,Machine-17,06-01-2025 21:16,06-01-2025 21:34,Mechanical Defect,Hopper,18.33209991
Line-9,Machine-17,11-01-2025 19:35,11-01-2025 21:13,Mechanical Defect,Hydraulics,97.94508362
Line-9,Machine-17,20-01-2025 19:48,20-01-2025 20:36,Mechanical Defect,Grinding wheel,47.95301819
Line-9,Machine-17,30-01-2025 15:33,30-01-2025 15:57,Mechanical Defect,Coolant system,23.92486572
Line-9,Machine-17,08-02-2025 17:29,08-02-2025 17:36,Mechanical Defect,Demag,7.109766483
Line-9,Machine-17,08-02-2025 18:35,08-02-2025 18:42,Mechanical Defect,Demag,7.436616898
Line-9,Machine-17,17-11-2024 05:53,17-11-2024 05:58,Mechanical Defect,Automation,5.316633224
Line-9,Machine-17,23-11-2024 04:42,23-11-2024 06:00,Mechanical Defect,Wheel Head,78.61920166
Line-9,Machine-17,24-11-2024 03:11,24-11-2024 03:31,Mechanical Defect,Conveyor,19.75239944
Line-9,Machine-17,19-12-2024 23:33,19-12-2024 23:42,Mechanical Defect,Conveyor,9.487050056
Line-9,Machine-17,20-12-2024 01:32,20-12-2024 01:39,Mechanical Defect,Conveyor,7.386583328
Line-9,Machine-17,20-12-2024 04:57,20-12-2024 05:02,Mechanical Defect,Conveyor,5.183016777
Line-9,Machine-17,21-12-2024 05:15,21-12-2024 05:25,Mechanical Defect,Automation,9.083932877
Line-9,Machine-17,02-02-2025 04:56,02-02-2025 05:01,Mechanical Defect,Conveyor,5.051816463
Line-9,Machine-17,02-02-2025 05:40,02-02-2025 05:50,Mechanical Defect,Conveyor,9.91566658
Line-9,Machine-17,02-02-2025 05:50,02-02-2025 06:00,Mechanical Defect,Conveyor,9.876700401
Line-9,Machine-17,03-03-2025 05:26,03-03-2025 05:44,Mechanical Defect,Hopper,18.03919983
Line-9,Machine-17,17-03-2025 03:39,17-03-2025 03:51,Mechanical Defect,Hydraulics,11.98301697
Line-9,Machine-17,14-04-2025 01:26,14-04-2025 01:34,Mechanical Defect,Hopper,8.138633728
Line-9,Machine-18,13-11-2024 12:18,13-11-2024 12:53,Mechanical Defect,Demag,34.93444824
Line-9,Machine-18,04-12-2024 09:58,04-12-2024 10:07,Mechanical Defect,Hopper,8.115249634
Line-9,Machine-18,04-12-2024 10:19,04-12-2024 10:24,Mechanical Defect,Hopper,5.119433403
Line-9,Machine-18,04-12-2024 14:14,04-12-2024 14:23,Mechanical Defect,Automation,9.1846838
Line-9,Machine-18,21-12-2024 07:45,21-12-2024 10:09,Mechanical Defect,Work Spindle,143.9228668
Line-9,Machine-18,25-12-2024 07:33,25-12-2024 07:39,Mechanical Defect,Lubrication,6.365116596
Line-9,Machine-18,31-12-2024 06:25,31-12-2024 06:38,Mechanical Defect,Stone holder,13.18731689
Line-9,Machine-18,01-01-2025 06:13,01-01-2025 06:28,Mechanical Defect,Conveyor,15.36746693
Line-9,Machine-18,21-01-2025 06:00,21-01-2025 06:08,Mechanical Defect,Automation,8.180832863
Line-9,Machine-18,21-01-2025 06:10,21-01-2025 06:22,Mechanical Defect,Automation,12.08843327
Line-9,Machine-18,21-01-2025 06:31,21-01-2025 06:57,Mechanical Defect,Automation,25.7425499
Line-9,Machine-18,21-01-2025 08:28,21-01-2025 08:50,Mechanical Defect,Automation,21.5500164
Line-9,Machine-18,21-01-2025 09:09,21-01-2025 09:21,Mechanical Defect,Automation,12.05043316
Line-9,Machine-18,21-01-2025 11:47,21-01-2025 11:53,Mechanical Defect,Automation,6.780149937
Line-9,Machine-18,22-01-2025 14:10,22-01-2025 14:30,Mechanical Defect,Automation,19.75366592
Line-9,Machine-18,19-04-2025 09:01,19-04-2025 10:51,Mechanical Defect,Demag,110.4920654
Line-9,Machine-18,29-04-2025 11:22,29-04-2025 12:52,Mechanical Defect,Dresser unit,90.23439789
Line-9,Machine-18,12-11-2024 16:30,12-11-2024 17:12,Mechanical Defect,Demag,42.20895004
Line-9,Machine-18,15-11-2024 18:27,15-11-2024 19:33,Mechanical Defect,Automation,65.45161438
Line-9,Machine-18,16-11-2024 17:12,16-11-2024 17:23,Mechanical Defect,Automation,11.3462162
Line-9,Machine-18,05-12-2024 21:59,05-12-2024 22:07,Mechanical Defect,Conveyor,8.089850426
Line-9,Machine-18,25-12-2024 21:10,25-12-2024 21:19,Mechanical Defect,Automation,8.47111702
Line-9,Machine-18,05-03-2025 16:08,05-03-2025 16:35,Mechanical Defect,Lubrication,26.82850075
Line-9,Machine-18,14-11-2024 04:20,14-11-2024 04:42,Mechanical Defect,Automation,21.8231163
Line-9,Machine-18,19-12-2024 05:48,19-12-2024 05:54,Mechanical Defect,Coolant system,5.363483429
Line-9,Machine-18,20-12-2024 04:22,20-12-2024 04:29,Mechanical Defect,Conveyor,7.595950127
Line-9,Machine-18,31-12-2024 03:19,31-12-2024 03:42,Mechanical Defect,Lubrication,22.73134995
Line-9,Machine-18,21-01-2025 05:20,21-01-2025 05:43,Mechanical Defect,Conveyor,23.23343277
Line-9,Machine-18,21-01-2025 05:52,21-01-2025 06:00,Mechanical Defect,Conveyor,7.814483166
Line-9,Machine-18,28-01-2025 05:39,28-01-2025 05:45,Mechanical Defect,Conveyor,5.624816895
Line-9,Machine-18,23-02-2025 02:42,23-02-2025 02:48,Mechanical Defect,Demag,5.808333397
Line-9,Machine-18,13-04-2025 03:18,13-04-2025 03:29,Mechanical Defect,Hopper,10.94524956
Line-9,Machine-19,16-11-2024 12:31,16-11-2024 12:36,Mechanical Defect,Automation,5.27763319
Line-9,Machine-19,25-12-2024 07:20,25-12-2024 07:33,Mechanical Defect,Lubrication,12.67150021
Line-9,Machine-19,01-01-2025 09:05,01-01-2025 09:16,Mechanical Defect,Conveyor,10.49466705
Line-9,Machine-19,11-01-2025 10:06,11-01-2025 12:30,Mechanical Defect,Aerolide slide,143.5091095
Line-9,Machine-19,20-01-2025 06:41,20-01-2025 07:03,Mechanical Defect,Conveyor,22.19716644
Line-9,Machine-19,21-01-2025 08:18,21-01-2025 08:28,Mechanical Defect,Automation,10.7439003
Line-9,Machine-19,29-01-2025 11:41,29-01-2025 14:30,Mechanical Defect,Dresser unit,168.8692017
Line-9,Machine-19,04-02-2025 10:42,04-02-2025 11:00,Mechanical Defect,Lubrication,18.72974968
Line-9,Machine-19,13-02-2025 08:12,13-02-2025 08:58,Mechanical Defect,Automation,45.32860184
Line-9,Machine-19,11-04-2025 06:19,11-04-2025 06:41,Mechanical Defect,Pneumatics,21.35309982
Line-9,Machine-19,11-04-2025 06:45,11-04-2025 06:55,Mechanical Defect,Pneumatics,9.182966232
Line-9,Machine-19,20-04-2025 10:18,20-04-2025 10:25,Mechanical Defect,Conveyor,7.101966858
Line-9,Machine-19,21-04-2025 09:53,21-04-2025 10:57,Mechanical Defect,Gauge Unit,63.90211487
Line-9,Machine-19,22-04-2025 11:18,22-04-2025 14:04,Mechanical Defect,Dresser unit,165.8204956
Line-9,Machine-19,23-04-2025 13:47,23-04-2025 13:52,Mechanical Defect,Panel AC,5.08949995
Line-9,Machine-19,29-04-2025 12:52,29-04-2025 13:38,Mechanical Defect,Dresser unit,45.43595123
Line-9,Machine-19,12-11-2024 20:00,12-11-2024 20:13,Mechanical Defect,Demag,12.50218296
Line-9,Machine-19,15-11-2024 17:45,15-11-2024 17:58,Mechanical Defect,Automation,13.08048344
Line-9,Machine-19,15-11-2024 20:19,15-11-2024 20:26,Mechanical Defect,Automation,6.486666679
Line-9,Machine-19,16-11-2024 16:44,16-11-2024 16:50,Mechanical Defect,Automation,5.871550083
Line-9,Machine-19,25-12-2024 20:49,25-12-2024 20:55,Mechanical Defect,Automation,6.283483505
Line-9,Machine-19,29-01-2025 14:30,29-01-2025 17:14,Mechanical Defect,Dresser unit,164.7081909
Line-9,Machine-19,08-02-2025 15:51,08-02-2025 15:58,Mechanical Defect,Demag,7.073633194
Line-9,Machine-19,08-02-2025 17:14,08-02-2025 17:24,Mechanical Defect,Demag,10.40351677
Line-9,Machine-19,27-03-2025 15:50,27-03-2025 20:00,Mechanical Defect,Dresser unit,250.1354218
Line-9,Machine-19,19-11-2024 23:08,19-11-2024 23:30,Mechanical Defect,Lubrication,21.72553253
Line-9,Machine-19,24-11-2024 03:31,24-11-2024 03:38,Mechanical Defect,Conveyor,7.884833336
Line-9,Machine-19,19-12-2024 05:13,19-12-2024 05:19,Mechanical Defect,Coolant system,5.641816616
Line-9,Machine-19,21-01-2025 05:06,21-01-2025 05:20,Mechanical Defect,Conveyor,13.75160027
Line-9,Machine-19,24-01-2025 02:00,24-01-2025 02:34,Mechanical Defect,Lubrication,33.83481598
Line-9,Machine-19,09-04-2025 03:50,09-04-2025 04:48,Mechanical Defect,Grinding wheel,57.23433304
Line-9,Machine-20,24-11-2024 06:53,24-11-2024 08:52,Mechanical Defect,Oscillation,118.2931976
Line-9,Machine-20,31-12-2024 06:19,31-12-2024 06:25,Mechanical Defect,Stone holder,5.953133106
Line-9,Machine-20,31-12-2024 07:05,31-12-2024 07:18,Mechanical Defect,Stone holder,12.61406708
Line-9,Machine-20,31-12-2024 07:23,31-12-2024 07:30,Mechanical Defect,Stone holder,7.131183147
Line-9,Machine-20,01-01-2025 06:00,01-01-2025 06:13,Mechanical Defect,Conveyor,12.73308372
Line-9,Machine-20,01-01-2025 08:55,01-01-2025 09:00,Mechanical Defect,Conveyor,5.118800163
Line-9,Machine-20,21-01-2025 07:30,21-01-2025 07:36,Mechanical Defect,Automation,5.926816463
Line-9,Machine-20,21-01-2025 09:39,21-01-2025 09:49,Mechanical Defect,Automation,9.949950218
Line-9,Machine-20,21-01-2025 13:40,21-01-2025 13:46,Mechanical Defect,Automation,5.773566723
Line-9,Machine-20,22-01-2025 11:20,22-01-2025 11:29,Mechanical Defect,Automation,8.142499924
Line-9,Machine-20,05-04-2025 06:00,05-04-2025 07:03,Mechanical Defect,Stone holder,63.61339951
Line-9,Machine-20,23-04-2025 14:17,23-04-2025 14:29,Mechanical Defect,Panel AC,12.37346649
Line-9,Machine-20,12-11-2024 16:05,12-11-2024 16:30,Mechanical Defect,Demag,24.6938839
Line-9,Machine-20,15-11-2024 16:16,15-11-2024 16:23,Mechanical Defect,Automation,7.436649799
Line-9,Machine-20,15-11-2024 20:26,15-11-2024 20:31,Mechanical Defect,Automation,5.526516438
Line-9,Machine-20,16-11-2024 19:11,16-11-2024 19:17,Mechanical Defect,Automation,5.483133316
Line-9,Machine-20,25-12-2024 17:48,25-12-2024 17:58,Mechanical Defect,Automation,10.05834961
Line-9,Machine-20,25-12-2024 19:03,25-12-2024 19:09,Mechanical Defect,Automation,6.123966694
Line-9,Machine-20,08-02-2025 18:54,08-02-2025 19:15,Mechanical Defect,Demag,20.06270027
Line-9,Machine-20,01-04-2025 17:10,01-04-2025 18:08,Mechanical Defect,Conveyor,58.21879959
Line-9,Machine-20,14-04-2025 16:07,14-04-2025 16:14,Mechanical Defect,Oscillation,7.394916534
Line-9,Machine-20,17-11-2024 04:32,17-11-2024 04:38,Mechanical Defect,Automation,6.670949936
Line-9,Machine-20,20-12-2024 04:12,20-12-2024 04:17,Mechanical Defect,Conveyor,5.147816658
Line-9,Machine-20,02-02-2025 05:18,02-02-2025 05:40,Mechanical Defect,Conveyor,21.81796646
Line-9,Machine-20,17-03-2025 03:51,17-03-2025 03:57,Mechanical Defect,Hydraulics,6.021116734
Line-4,Machine-21,01-12-2024 13:27,01-12-2024 13:56,Mechanical Defect,Stone Pressing Unit,29.17234993
Line-4,Machine-21,04-12-2024 11:01,04-12-2024 11:07,Mechanical Defect,Automation,5.380666733
Line-4,Machine-21,13-12-2024 09:24,13-12-2024 09:35,Mechanical Defect,Ball Screw,10.8661499
Line-4,Machine-21,16-12-2024 08:53,16-12-2024 09:42,Mechanical Defect,Hydraulics,48.59465027
Line-4,Machine-21,19-12-2024 06:37,19-12-2024 06:55,Mechanical Defect,Panel AC,17.87236595
Line-4,Machine-21,02-01-2025 10:51,02-01-2025 10:58,Mechanical Defect,Work Head,6.099883556
Line-4,Machine-21,02-01-2025 11:09,02-01-2025 11:16,Mechanical Defect,Work Head,6.586200237
Line-4,Machine-21,02-01-2025 11:21,02-01-2025 11:29,Mechanical Defect,Work Head,7.527900219
Line-4,Machine-21,02-01-2025 12:06,02-01-2025 14:02,Mechanical Defect,Work Head,115.7089462
Line-4,Machine-21,16-01-2025 10:16,16-01-2025 11:06,Mechanical Defect,Stone holder,49.5412674
Line-4,Machine-21,27-01-2025 10:48,27-01-2025 11:22,Mechanical Defect,Lubrication,34.64131546
Line-4,Machine-21,13-02-2025 13:21,13-02-2025 13:26,Mechanical Defect,Coolant system,5.338283539
Line-4,Machine-21,13-02-2025 13:27,13-02-2025 13:33,Mechanical Defect,Coolant system,6.128216743
Line-4,Machine-21,13-02-2025 13:35,13-02-2025 14:30,Mechanical Defect,Coolant system,54.54843521
Line-4,Machine-21,04-03-2025 10:49,04-03-2025 11:13,Mechanical Defect,Dresser unit,23.69778252
Line-4,Machine-21,04-03-2025 11:17,04-03-2025 14:28,Mechanical Defect,Dresser unit,191.3468628
Line-4,Machine-21,19-11-2024 15:10,19-11-2024 16:49,Mechanical Defect,Stone Pressing Unit,98.85227966
Line-4,Machine-21,20-11-2024 16:57,20-11-2024 17:05,Mechanical Defect,Coolant system,7.531650066
Line-4,Machine-21,05-12-2024 22:32,05-12-2024 22:52,Mechanical Defect,Conveyor,20.016716
Line-4,Machine-21,19-12-2024 20:34,19-12-2024 21:13,Mechanical Defect,Stone Pressing Unit,39.18143463
Line-4,Machine-21,22-12-2024 17:07,22-12-2024 17:12,Mechanical Defect,Conveyor,5.797016621
Line-4,Machine-21,22-12-2024 22:37,22-12-2024 22:48,Mechanical Defect,Conveyor,10.83218288
Line-4,Machine-21,06-01-2025 14:30,06-01-2025 15:04,Mechanical Defect,Work Head,34.11863327
Line-4,Machine-21,09-01-2025 20:23,09-01-2025 22:10,Mechanical Defect,Stone Pressing Unit,107.0918655
Line-4,Machine-21,04-03-2025 16:36,04-03-2025 17:07,Mechanical Defect,Dresser unit,30.28079987
Line-4,Machine-21,04-03-2025 19:19,04-03-2025 19:28,Mechanical Defect,Dresser unit,9.68686676
Line-4,Machine-21,04-03-2025 19:52,04-03-2025 20:00,Mechanical Defect,Dresser unit,8.008916855
Line-4,Machine-21,16-12-2024 05:09,16-12-2024 05:16,Mechanical Defect,Conveyor,6.863049984
Line-4,Machine-21,28-01-2025 05:19,28-01-2025 05:26,Mechanical Defect,Conveyor,7.733533382
Line-4,Machine-21,13-02-2025 00:22,13-02-2025 00:29,Mechanical Defect,Automation,7.202583313
Line-4,Machine-21,13-02-2025 03:27,13-02-2025 03:48,Mechanical Defect,Automation,20.41793251
Line-9,Machine-22,04-12-2024 09:40,04-12-2024 09:47,Mechanical Defect,Orientation unit,6.703333378
Line-9,Machine-22,23-04-2025 14:08,23-04-2025 14:16,Mechanical Defect,Panel AC,8.330149651
Line-9,Machine-22,30-04-2025 11:46,30-04-2025 12:33,Mechanical Defect,Work Spindle,46.45643234
Line-9,Machine-22,30-04-2025 12:45,30-04-2025 13:24,Mechanical Defect,Work Spindle,38.2417984
Line-9,Machine-22,10-11-2024 16:38,10-11-2024 17:22,Mechanical Defect,Wheel Head,43.93505096
Line-9,Machine-22,11-11-2024 15:00,11-11-2024 17:04,Mechanical Defect,Pneumatics,124.3051529
Line-9,Machine-22,13-12-2024 15:38,13-12-2024 15:53,Mechanical Defect,Stone holder,14.99696636
Line-9,Machine-22,07-01-2025 15:16,07-01-2025 16:30,Mechanical Defect,Wheel Head,74.33630371
Line-9,Machine-22,07-01-2025 16:45,07-01-2025 17:22,Mechanical Defect,Wheel Head,37.54930115
Line-9,Machine-22,15-11-2024 03:03,15-11-2024 03:09,Mechanical Defect,Automation,6.170100212
Line-9,Machine-22,15-11-2024 05:12,15-11-2024 05:19,Mechanical Defect,Automation,6.309933186
Line-9,Machine-22,19-12-2024 02:07,19-12-2024 02:12,Mechanical Defect,Coolant system,5.3822999
Line-9,Machine-22,20-12-2024 23:40,20-12-2024 23:46,Mechanical Defect,Automation,6.400716782
Line-9,Machine-22,21-12-2024 05:53,21-12-2024 05:58,Mechanical Defect,Automation,5.125283241
Line-9,Machine-22,25-01-2025 03:55,25-01-2025 04:06,Mechanical Defect,Hopper,10.50588322
Line-9,Machine-22,12-02-2025 03:07,12-02-2025 03:19,Mechanical Defect,Oscillation,11.537467
Line-9,Machine-22,11-02-2025 23:35,11-02-2025 23:43,Mechanical Defect,Stone Pressing Unit,8.48671627
Line-9,Machine-22,11-02-2025 23:57,12-02-2025 00:09,Mechanical Defect,Stone Pressing Unit,11.85761642
Line-9,Machine-22,12-02-2025 01:25,12-02-2025 01:52,Mechanical Defect,Stone Pressing Unit,26.84295082
Line-9,Machine-22,06-04-2025 03:40,06-04-2025 03:53,Mechanical Defect,Conveyor,13.17500019
Line-1,Machine-23,06-01-2025 07:16,06-01-2025 07:23,Mechanical Defect,Conveyor,6.911033154
Line-1,Machine-23,22-01-2025 10:20,22-01-2025 11:11,Mechanical Defect,Work Head,51.15581512
Line-1,Machine-23,13-02-2025 11:36,13-02-2025 13:26,Mechanical Defect,Grinding wheel,110.488884
Line-1,Machine-23,13-02-2025 13:28,13-02-2025 13:38,Mechanical Defect,Grinding wheel,10.05436707
Line-1,Machine-23,25-02-2025 06:00,25-02-2025 06:34,Mechanical Defect,Aerolide slide,34.74658203
Line-1,Machine-23,15-03-2025 06:51,15-03-2025 14:30,Mechanical Defect,Work Spindle,458.4317322
Line-1,Machine-23,07-03-2025 14:42,07-03-2025 14:59,Mechanical Defect,Coolant system,16.78873253
Line-1,Machine-23,07-03-2025 14:59,07-03-2025 15:06,Mechanical Defect,Coolant system,7.215983391
Line-1,Machine-23,16-04-2025 22:39,16-04-2025 22:49,Mechanical Defect,Conveyor,9.883067131
Line-1,Machine-23,21-04-2025 18:27,21-04-2025 19:17,Mechanical Defect,Grinding wheel,50.06706619
Line-1,Machine-23,01-12-2024 03:00,01-12-2024 03:09,Mechanical Defect,Automation,9.014816284
Line-1,Machine-23,21-02-2025 05:46,21-02-2025 05:59,Mechanical Defect,Conveyor,13.34031677
Line-1,Machine-23,25-02-2025 04:26,25-02-2025 06:00,Mechanical Defect,Dresser unit,93.99655151
Line-1,Machine-23,09-03-2025 00:32,09-03-2025 01:18,Mechanical Defect,Coolant system,46.13801575
Line-1,Machine-23,06-04-2025 02:31,06-04-2025 02:39,Mechanical Defect,Conveyor,7.71570015
Line-4,Machine-24,12-11-2024 07:25,12-11-2024 08:16,Mechanical Defect,Demag,50.86655045
Line-4,Machine-24,14-11-2024 12:06,14-11-2024 12:26,Mechanical Defect,Automation,20.30719948
Line-4,Machine-24,14-11-2024 13:23,14-11-2024 13:36,Mechanical Defect,Automation,12.8588829
Line-4,Machine-24,15-11-2024 13:43,15-11-2024 13:48,Mechanical Defect,Automation,5.494900227
Line-4,Machine-24,16-11-2024 09:54,16-11-2024 10:02,Mechanical Defect,Hopper,7.990133286
Line-4,Machine-24,16-11-2024 11:14,16-11-2024 11:27,Mechanical Defect,Hopper,12.85990047
Line-4,Machine-24,16-11-2024 11:33,16-11-2024 12:20,Mechanical Defect,Hopper,46.85499954
Line-4,Machine-24,16-11-2024 14:12,16-11-2024 14:19,Mechanical Defect,Hopper,7.044883251
Line-4,Machine-24,24-11-2024 11:16,24-11-2024 11:45,Mechanical Defect,Automation,29.01713371
Line-4,Machine-24,17-12-2024 09:48,17-12-2024 10:14,Mechanical Defect,Hydraulics,25.1923008
Line-4,Machine-24,21-12-2024 08:36,21-12-2024 09:45,Mechanical Defect,Hydraulics,69.11100006
Line-4,Machine-24,28-12-2024 14:13,28-12-2024 14:30,Mechanical Defect,Hopper,16.24643326
Line-4,Machine-24,30-12-2024 12:51,30-12-2024 12:57,Mechanical Defect,Hopper,5.815100193
Line-4,Machine-24,23-01-2025 12:19,23-01-2025 12:24,Mechanical Defect,Lubrication,5.15045023
Line-4,Machine-24,13-02-2025 11:34,13-02-2025 11:44,Mechanical Defect,Coolant system,9.934650421
Line-4,Machine-24,13-02-2025 14:08,13-02-2025 14:13,Mechanical Defect,Coolant system,5.486983299
Line-4,Machine-24,01-03-2025 13:14,01-03-2025 14:03,Mechanical Defect,Dresser unit,49.29639816
Line-4,Machine-24,01-04-2025 08:34,01-04-2025 09:44,Mechanical Defect,Pneumatics,70.37670135
Line-4,Machine-24,24-04-2025 12:36,24-04-2025 12:51,Mechanical Defect,Hydraulics,14.66583347
Line-4,Machine-24,24-04-2025 14:17,24-04-2025 14:24,Mechanical Defect,Hydraulics,6.748233318
Line-4,Machine-24,11-11-2024 16:33,11-11-2024 16:56,Mechanical Defect,Automation,22.35219955
Line-4,Machine-24,11-11-2024 17:27,11-11-2024 17:37,Mechanical Defect,Automation,10.36114979
Line-4,Machine-24,13-11-2024 19:08,13-11-2024 22:29,Mechanical Defect,Dresser unit,200.8451691
Line-4,Machine-24,14-11-2024 15:19,14-11-2024 15:24,Mechanical Defect,Hopper,5.544400215
Line-4,Machine-24,16-11-2024 14:37,16-11-2024 14:42,Mechanical Defect,Hopper,5.020400047
Line-4,Machine-24,16-11-2024 14:59,16-11-2024 15:13,Mechanical Defect,Hopper,13.2675333
Line-4,Machine-24,16-11-2024 15:41,16-11-2024 15:56,Mechanical Defect,Hopper,15.37065029
Line-4,Machine-24,16-11-2024 16:51,16-11-2024 17:00,Mechanical Defect,Hopper,9.881699562
Line-4,Machine-24,16-11-2024 19:09,16-11-2024 19:26,Mechanical Defect,Hopper,16.58546638
Line-4,Machine-24,16-11-2024 21:13,16-11-2024 21:25,Mechanical Defect,Hopper,12.0814333
Line-4,Machine-24,19-11-2024 19:30,19-11-2024 19:47,Mechanical Defect,Conveyor,17.93465042
Line-4,Machine-24,24-11-2024 21:34,24-11-2024 21:45,Mechanical Defect,Coolant system,10.9833498
Line-4,Machine-24,08-01-2025 22:23,08-01-2025 23:00,Mechanical Defect,Dresser unit,36.72658157
Line-4,Machine-24,31-01-2025 19:11,31-01-2025 20:46,Mechanical Defect,Grinding wheel,94.44633484
Line-4,Machine-24,07-02-2025 17:48,07-02-2025 18:12,Mechanical Defect,Work Head,24.21999931
Line-4,Machine-24,09-11-2024 00:12,09-11-2024 00:34,Mechanical Defect,Work Spindle,22.49066734
Line-4,Machine-24,10-11-2024 04:19,10-11-2024 05:01,Mechanical Defect,Stone Pressing Unit,41.80221558
Line-4,Machine-24,14-11-2024 04:17,14-11-2024 04:26,Mechanical Defect,Grinding wheel,9.599450111
Line-4,Machine-24,14-11-2024 05:28,14-11-2024 05:44,Mechanical Defect,Automation,16.5237999
Line-4,Machine-24,14-11-2024 04:52,14-11-2024 05:24,Mechanical Defect,Demag,32.13909912
Line-4,Machine-24,16-12-2024 02:44,16-12-2024 02:50,Mechanical Defect,Conveyor,6.292733192
Line-4,Machine-24,31-12-2024 23:40,01-01-2025 00:09,Mechanical Defect,Hydraulics,29.4130497
Line-4,Machine-24,05-01-2025 03:48,05-01-2025 04:25,Mechanical Defect,Hydraulics,36.57600021
Line-4,Machine-24,18-02-2025 00:47,18-02-2025 01:44,Mechanical Defect,Hydraulics,57.15504837
Line-4,Machine-24,23-02-2025 05:53,23-02-2025 06:00,Mechanical Defect,Automation,6.708650112
Line-4,Machine-24,06-03-2025 00:48,06-03-2025 00:54,Mechanical Defect,Lubrication,6.341899872
Line-1,Machine-25,04-01-2025 06:00,04-01-2025 08:01,Mechanical Defect,Grinding wheel,120.9866638
Line-1,Machine-25,07-01-2025 06:07,07-01-2025 06:15,Mechanical Defect,Conveyor,8.168749809
Line-1,Machine-25,12-02-2025 12:48,12-02-2025 14:13,Mechanical Defect,Grinding wheel,84.60166931
Line-1,Machine-25,13-02-2025 11:22,13-02-2025 11:31,Mechanical Defect,Grinding wheel,9.090966225
Line-1,Machine-25,11-04-2025 09:26,11-04-2025 10:12,Mechanical Defect,Lubrication,45.88956833
Line-1,Machine-25,01-05-2025 09:13,01-05-2025 09:51,Mechanical Defect,Work Head,37.36458206
Line-1,Machine-25,15-11-2024 14:40,15-11-2024 15:25,Mechanical Defect,Conveyor,44.87998199
Line-1,Machine-25,15-11-2024 20:06,15-11-2024 20:17,Mechanical Defect,Automation,10.83106709
Line-1,Machine-25,13-01-2025 20:13,13-01-2025 20:36,Mechanical Defect,Automation,23.24731636
Line-1,Machine-25,05-03-2025 19:13,05-03-2025 19:42,Mechanical Defect,Hydraulics,28.86883354
Line-1,Machine-25,21-03-2025 21:23,21-03-2025 23:00,Mechanical Defect,Grinding wheel,96.93638611
Line-1,Machine-25,09-04-2025 21:01,09-04-2025 21:40,Mechanical Defect,Hydraulics,39.02428436
Line-1,Machine-25,08-11-2024 01:48,08-11-2024 03:48,Mechanical Defect,Grinding wheel,119.8476334
Line-1,Machine-25,16-11-2024 23:18,16-11-2024 23:29,Mechanical Defect,Automation,10.97560024
Line-1,Machine-25,30-01-2025 01:14,30-01-2025 01:22,Mechanical Defect,Automation,7.869766712
Line-1,Machine-25,30-01-2025 01:24,30-01-2025 01:31,Mechanical Defect,Automation,6.773616791
Line-1,Machine-25,30-01-2025 01:35,30-01-2025 01:40,Mechanical Defect,Automation,5.039500237
Line-1,Machine-25,16-03-2025 01:28,16-03-2025 02:30,Mechanical Defect,Conveyor,62
Line-10,Machine-26,18-12-2024 06:14,18-12-2024 07:07,Mechanical Defect,Gauge Unit,52.34280014
Line-10,Machine-26,22-12-2024 08:34,22-12-2024 09:01,Mechanical Defect,Automation,26.51614952
Line-10,Machine-26,03-01-2025 09:43,03-01-2025 14:30,Mechanical Defect,Work Head,286.6859436
Line-10,Machine-26,21-01-2025 13:17,21-01-2025 13:37,Mechanical Defect,Demag,19.8883667
Line-10,Machine-26,23-01-2025 14:14,23-01-2025 14:30,Mechanical Defect,Chiller,15.31143379
Line-10,Machine-26,15-11-2024 18:32,15-11-2024 18:37,Mechanical Defect,Automation,5.25361681
Line-10,Machine-26,15-11-2024 18:42,15-11-2024 18:59,Mechanical Defect,Automation,16.67334938
Line-10,Machine-26,15-11-2024 19:32,15-11-2024 19:37,Mechanical Defect,Automation,5.270116806
Line-10,Machine-26,15-11-2024 21:27,15-11-2024 21:39,Mechanical Defect,Automation,11.37286663
Line-10,Machine-26,10-01-2025 20:20,10-01-2025 20:31,Mechanical Defect,Gauge Unit,11.10980034
Line-10,Machine-26,10-01-2025 20:35,10-01-2025 20:53,Mechanical Defect,Gauge Unit,17.49168396
Line-10,Machine-26,10-01-2025 19:47,10-01-2025 20:04,Mechanical Defect,Lubrication,17.45663261
Line-10,Machine-26,18-03-2025 15:41,18-03-2025 16:01,Mechanical Defect,Coolant system,20.54784966
Line-10,Machine-26,13-04-2025 16:36,13-04-2025 16:49,Mechanical Defect,Work Head,13.67293358
Line-10,Machine-26,13-04-2025 16:50,13-04-2025 17:17,Mechanical Defect,Work Head,27.26725006
Line-10,Machine-26,15-11-2024 04:57,15-11-2024 05:04,Mechanical Defect,Automation,6.862166882
Line-10,Machine-27,22-11-2024 12:14,22-11-2024 12:38,Mechanical Defect,Lubrication,24.01283264
Line-10,Machine-27,21-01-2025 13:37,21-01-2025 13:45,Mechanical Defect,Demag,8.090100288
Line-10,Machine-27,05-04-2025 09:58,05-04-2025 10:11,Mechanical Defect,Demag,12.87633324
Line-10,Machine-27,11-11-2024 19:55,11-11-2024 20:01,Mechanical Defect,Hydraulics,6.25093317
Line-10,Machine-27,11-11-2024 20:58,11-11-2024 21:16,Mechanical Defect,Hydraulics,18.6319828
Line-10,Machine-27,11-11-2024 21:42,11-11-2024 22:25,Mechanical Defect,Hydraulics,43.51026535
Line-10,Machine-27,14-11-2024 18:05,14-11-2024 18:12,Mechanical Defect,Automation,7.004899979
Line-10,Machine-27,23-01-2025 14:31,23-01-2025 14:56,Mechanical Defect,Automation,25.01708412
Line-10,Machine-27,08-04-2025 21:02,08-04-2025 22:15,Mechanical Defect,Conveyor,72.92240143
Line-10,Machine-27,29-04-2025 17:35,29-04-2025 17:40,Mechanical Defect,Conveyor,5.329816818
Line-10,Machine-27,29-04-2025 18:22,29-04-2025 19:28,Mechanical Defect,Conveyor,66.2625351
Line-10,Machine-27,29-04-2025 19:43,29-04-2025 20:50,Mechanical Defect,Conveyor,67.69578552
Line-10,Machine-27,13-04-2025 00:00,13-04-2025 00:23,Mechanical Defect,Grinding wheel,22.98908424
Line-10,Machine-27,01-05-2025 01:36,01-05-2025 01:44,Mechanical Defect,Conveyor,7.892049789
Line-10,Machine-28,13-11-2024 09:08,13-11-2024 09:27,Mechanical Defect,Lubrication,18.38640022
Line-10,Machine-28,15-11-2024 13:59,15-11-2024 14:04,Mechanical Defect,Automation,5.31673336
Line-10,Machine-28,20-11-2024 06:25,20-11-2024 07:30,Mechanical Defect,Grinding wheel,65.64409637
Line-10,Machine-28,21-01-2025 14:21,21-01-2025 14:27,Mechanical Defect,Automation,5.890566826
Line-10,Machine-28,04-02-2025 12:19,04-02-2025 13:01,Mechanical Defect,Automation,42.45069885
Line-10,Machine-28,05-04-2025 08:52,05-04-2025 09:58,Mechanical Defect,Demag,65.5981369
Line-10,Machine-28,23-04-2025 13:57,23-04-2025 14:10,Mechanical Defect,Panel AC,12.0826664
Line-10,Machine-28,12-11-2024 22:44,12-11-2024 22:50,Mechanical Defect,Automation,5.546883106
Line-10,Machine-28,15-11-2024 18:59,15-11-2024 19:05,Mechanical Defect,Automation,6.643616676
Line-10,Machine-28,03-12-2024 21:17,03-12-2024 21:52,Mechanical Defect,Grinding wheel,35.47288513
Line-10,Machine-28,03-02-2025 16:12,03-02-2025 16:18,Mechanical Defect,Lubrication,5.61683321
Line-10,Machine-28,10-04-2025 21:22,10-04-2025 21:31,Mechanical Defect,Orientation unit,9.520700455
Line-10,Machine-28,29-04-2025 19:29,29-04-2025 19:37,Mechanical Defect,Conveyor,7.669950008
Line-10,Machine-28,15-11-2024 04:02,15-11-2024 04:07,Mechanical Defect,Automation,5.291349888
Line-10,Machine-28,21-12-2024 05:50,21-12-2024 05:59,Mechanical Defect,Automation,8.286950111
Line-10,Machine-28,30-01-2025 05:24,30-01-2025 05:30,Mechanical Defect,Conveyor,5.973100185
Line-10,Machine-28,12-04-2025 23:00,12-04-2025 23:58,Mechanical Defect,Coolant system,58.59749985
Line-10,Machine-30,12-11-2024 10:40,12-11-2024 11:15,Mechanical Defect,Lubrication,34.99520111
Line-10,Machine-30,15-11-2024 14:06,15-11-2024 14:11,Mechanical Defect,Automation,5.253416538
Line-10,Machine-30,04-12-2024 12:47,04-12-2024 12:54,Mechanical Defect,Grinding wheel,7.433199883
Line-10,Machine-30,04-12-2024 14:04,04-12-2024 14:12,Mechanical Defect,Automation,7.482250214
Line-10,Machine-30,12-12-2024 13:36,12-12-2024 13:49,Mechanical Defect,Transfer Unit,13.00001621
Line-10,Machine-30,01-01-2025 13:57,01-01-2025 14:08,Mechanical Defect,Pneumatics,10.66701698
Line-10,Machine-30,23-04-2025 13:49,23-04-2025 13:57,Mechanical Defect,Panel AC,8.511383057
Line-10,Machine-30,13-01-2025 19:29,13-01-2025 19:35,Mechanical Defect,Automation,6.064766884
Line-10,Machine-30,10-04-2025 20:11,10-04-2025 21:22,Mechanical Defect,Oscillation,70.32064819
Line-10,Machine-30,15-11-2024 03:29,15-11-2024 03:34,Mechanical Defect,Automation,5.494333267
Line-10,Machine-30,28-11-2024 01:38,28-11-2024 02:13,Mechanical Defect,Conveyor,35.05053329
Line-10,Machine-30,22-12-2024 23:57,23-12-2024 00:02,Mechanical Defect,Lubrication,5.159283161
Line-10,Machine-31,04-12-2024 10:27,04-12-2024 10:36,Mechanical Defect,Orientation unit,9.750483513
Line-10,Machine-31,04-12-2024 13:36,04-12-2024 13:44,Mechanical Defect,Automation,8.479633331
Line-10,Machine-31,28-12-2024 07:22,28-12-2024 08:12,Mechanical Defect,Oscillation,49.97678375
Line-10,Machine-31,28-12-2024 08:15,28-12-2024 08:22,Mechanical Defect,Oscillation,6.586266518
Line-10,Machine-31,28-12-2024 12:51,28-12-2024 13:11,Mechanical Defect,Automation,19.73494911
Line-10,Machine-31,01-01-2025 14:01,01-01-2025 14:10,Mechanical Defect,Pneumatics,8.600667
Line-10,Machine-31,05-02-2025 10:51,05-02-2025 11:01,Mechanical Defect,Orientation unit,10.34185028
Line-10,Machine-31,10-03-2025 08:15,10-03-2025 08:22,Mechanical Defect,Conveyor,7.628566742
Line-10,Machine-31,22-03-2025 08:34,22-03-2025 08:39,Mechanical Defect,Lubrication,5.17171669
Line-10,Machine-31,24-03-2025 09:16,24-03-2025 09:28,Mechanical Defect,Stone Pressing Unit,12.06716633
Line-10,Machine-31,23-04-2025 11:02,23-04-2025 11:56,Mechanical Defect,Dresser unit,53.77773285
Line-10,Machine-31,30-04-2025 07:43,30-04-2025 07:53,Mechanical Defect,Lubrication,10.64921665
Line-10,Machine-31,10-12-2024 16:14,10-12-2024 16:48,Mechanical Defect,Dresser unit,34.3107338
Line-10,Machine-31,10-12-2024 16:53,10-12-2024 17:50,Mechanical Defect,Dresser unit,56.08291626
Line-10,Machine-31,11-01-2025 15:41,11-01-2025 17:06,Mechanical Defect,Coolant system,84.63027954
Line-10,Machine-31,23-01-2025 15:06,23-01-2025 16:40,Mechanical Defect,Oscillation,93.57598114
Line-10,Machine-31,22-01-2025 01:21,22-01-2025 01:34,Mechanical Defect,Conveyor,13.84458351
Line-10,Machine-31,28-01-2025 04:53,28-01-2025 05:15,Mechanical Defect,Automation,22.30444908
Line-10,Machine-31,17-03-2025 01:30,17-03-2025 01:43,Mechanical Defect,Conveyor,13.67643356
Line-10,Machine-32,10-11-2024 10:37,10-11-2024 11:07,Mechanical Defect,Stone Pressing Unit,30.31204987
Line-10,Machine-32,10-11-2024 12:45,10-11-2024 14:30,Mechanical Defect,Stone Pressing Unit,104.1083298
Line-10,Machine-32,28-12-2024 06:59,28-12-2024 07:17,Mechanical Defect,Oscillation,17.76121712
Line-10,Machine-32,24-03-2025 08:39,24-03-2025 08:50,Mechanical Defect,Stone Pressing Unit,10.29511642
Line-10,Machine-32,16-11-2024 22:26,16-11-2024 22:32,Mechanical Defect,Automation,5.942116737
Line-10,Machine-32,10-12-2024 15:06,10-12-2024 15:24,Mechanical Defect,Dresser unit,17.8071003
Line-10,Machine-32,20-01-2025 15:25,20-01-2025 15:31,Mechanical Defect,Oscillation,5.890833378
Line-10,Machine-32,20-01-2025 16:35,20-01-2025 16:54,Mechanical Defect,Oscillation,18.34571648
Line-10,Machine-32,23-01-2025 17:28,23-01-2025 18:32,Mechanical Defect,Oscillation,63.80421829
Line-10,Machine-32,26-11-2024 00:47,26-11-2024 01:49,Mechanical Defect,Coolant system,62.11634827
Line-10,Machine-32,20-01-2025 23:21,20-01-2025 23:30,Mechanical Defect,Automation,8.593816757
Line-10,Machine-32,17-03-2025 01:18,17-03-2025 01:30,Mechanical Defect,Conveyor,11.22194958
Line-11,Machine-33,05-11-2024 07:13,05-11-2024 07:23,Mechanical Defect,Lubrication,9.982633591
Line-11,Machine-33,13-11-2024 13:54,13-11-2024 14:00,Mechanical Defect,Automation,5.935249805
Line-11,Machine-33,26-11-2024 09:45,26-11-2024 10:06,Mechanical Defect,Conveyor,20.96298409
Line-11,Machine-33,01-12-2024 06:00,01-12-2024 06:29,Mechanical Defect,Dresser unit,28.41918373
Line-11,Machine-33,01-12-2024 06:50,01-12-2024 07:12,Mechanical Defect,Dresser unit,22.40625
Line-11,Machine-33,01-01-2025 14:09,01-01-2025 14:15,Mechanical Defect,Pneumatics,6.18324995
Line-11,Machine-33,06-01-2025 06:00,06-01-2025 06:13,Mechanical Defect,Lubrication,13.38826656
Line-11,Machine-33,21-01-2025 14:22,21-01-2025 14:30,Mechanical Defect,Automation,7.77826643
Line-11,Machine-33,27-01-2025 06:02,27-01-2025 06:40,Mechanical Defect,Lubrication,37.45716476
Line-11,Machine-33,03-02-2025 08:52,03-02-2025 08:57,Mechanical Defect,Hydraulics,5.596533298
Line-11,Machine-33,10-03-2025 07:25,10-03-2025 07:50,Mechanical Defect,Hydraulics,24.12578392
Line-11,Machine-33,26-03-2025 08:07,26-03-2025 08:35,Mechanical Defect,Coolant system,27.72688293
Line-11,Machine-33,17-04-2025 13:36,17-04-2025 13:46,Mechanical Defect,Conveyor,10.00041676
Line-11,Machine-33,19-04-2025 09:06,19-04-2025 09:36,Mechanical Defect,Conveyor,29.93149948
Line-11,Machine-33,26-04-2025 08:35,26-04-2025 08:44,Mechanical Defect,Conveyor,8.912883759
Line-11,Machine-33,15-11-2024 21:27,15-11-2024 21:56,Mechanical Defect,Hydraulics,29.25178337
Line-11,Machine-33,22-11-2024 14:34,22-11-2024 14:41,Mechanical Defect,Conveyor,6.573150158
Line-11,Machine-33,22-11-2024 16:54,22-11-2024 17:03,Mechanical Defect,Conveyor,9.254349709
Line-11,Machine-33,24-11-2024 17:08,24-11-2024 17:25,Mechanical Defect,Lubrication,17.34118271
Line-11,Machine-33,28-12-2024 18:20,28-12-2024 18:41,Mechanical Defect,Hydraulics,21.01366615
Line-11,Machine-33,02-01-2025 18:47,02-01-2025 19:26,Mechanical Defect,Conveyor,38.58381653
Line-11,Machine-33,09-01-2025 16:11,09-01-2025 16:59,Mechanical Defect,Conveyor,47.78001785
Line-11,Machine-33,17-01-2025 14:58,17-01-2025 17:32,Mechanical Defect,Hydraulics,153.5752258
Line-11,Machine-33,17-01-2025 20:37,17-01-2025 20:45,Mechanical Defect,Hydraulics,8.543867111
Line-11,Machine-33,17-01-2025 21:02,17-01-2025 21:07,Mechanical Defect,Hydraulics,5.471399784
Line-11,Machine-33,18-01-2025 21:44,18-01-2025 22:09,Mechanical Defect,Grinding wheel,25.06461716
Line-11,Machine-33,08-02-2025 15:32,08-02-2025 16:10,Mechanical Defect,Conveyor,37.86370087
Line-11,Machine-33,10-02-2025 18:59,10-02-2025 19:10,Mechanical Defect,Hopper,11.38318348
Line-11,Machine-33,12-03-2025 18:15,12-03-2025 19:50,Mechanical Defect,Pneumatics,95.48218536
Line-11,Machine-33,15-03-2025 15:05,15-03-2025 15:24,Mechanical Defect,Conveyor,18.93623352
Line-11,Machine-33,14-04-2025 16:09,14-04-2025 16:55,Mechanical Defect,Coolant system,45.51119995
Line-11,Machine-33,14-04-2025 16:58,14-04-2025 17:05,Mechanical Defect,Coolant system,6.793399811
Line-11,Machine-33,05-11-2024 01:49,05-11-2024 02:08,Mechanical Defect,Hydraulics,18.54658318
Line-11,Machine-33,01-12-2024 03:46,01-12-2024 04:54,Mechanical Defect,Dresser unit,67.34694672
Line-11,Machine-33,07-12-2024 03:14,07-12-2024 03:21,Mechanical Defect,Conveyor,6.508450031
Line-11,Machine-33,21-12-2024 05:49,21-12-2024 05:58,Mechanical Defect,Automation,8.50236702
Line-11,Machine-33,08-01-2025 00:50,08-01-2025 01:30,Mechanical Defect,Hydraulics,40.62308502
Line-11,Machine-33,08-01-2025 00:18,08-01-2025 00:46,Mechanical Defect,Wheel Head,28.48443413
Line-11,Machine-33,09-01-2025 23:09,09-01-2025 23:15,Mechanical Defect,Automation,6.155849934
Line-11,Machine-33,10-01-2025 01:44,10-01-2025 01:50,Mechanical Defect,Automation,6.433916569
Line-11,Machine-33,10-01-2025 03:50,10-01-2025 03:56,Mechanical Defect,Automation,5.967016697
Line-11,Machine-33,28-03-2025 00:09,28-03-2025 00:31,Mechanical Defect,Coolant system,22.31509972
Line-11,Machine-33,12-04-2025 01:11,12-04-2025 01:29,Mechanical Defect,Conveyor,18.47888374
Line-11,Machine-34,21-11-2024 10:46,21-11-2024 11:46,Mechanical Defect,Hydraulics,60.12433243
Line-11,Machine-34,01-12-2024 07:12,01-12-2024 07:37,Mechanical Defect,Dresser unit,24.64559937
Line-11,Machine-34,01-01-2025 13:59,01-01-2025 14:09,Mechanical Defect,Pneumatics,9.612449646
Line-11,Machine-34,14-02-2025 06:11,14-02-2025 06:16,Mechanical Defect,Coolant system,5.01578331
Line-11,Machine-34,14-02-2025 07:30,14-02-2025 07:41,Mechanical Defect,Coolant system,11.57033348
Line-11,Machine-34,13-03-2025 08:57,13-03-2025 09:07,Mechanical Defect,Conveyor,9.790133476
Line-11,Machine-34,25-03-2025 12:57,25-03-2025 13:21,Mechanical Defect,Hydraulics,23.96714973
Line-11,Machine-34,26-03-2025 14:22,26-03-2025 14:30,Mechanical Defect,Coolant system,7.270100117
Line-11,Machine-34,27-03-2025 07:49,27-03-2025 08:52,Mechanical Defect,Gauge Unit,62.976017
Line-11,Machine-34,05-12-2024 15:25,05-12-2024 15:42,Mechanical Defect,Hydraulics,17.35208321
Line-11,Machine-34,11-12-2024 22:08,11-12-2024 22:25,Mechanical Defect,Hopper,17.60135078
Line-11,Machine-34,22-12-2024 22:37,22-12-2024 22:46,Mechanical Defect,Conveyor,8.815349579
Line-11,Machine-34,15-03-2025 21:40,15-03-2025 21:49,Mechanical Defect,Conveyor,8.217516899
Line-11,Machine-34,02-04-2025 17:02,02-04-2025 17:16,Mechanical Defect,Stone holder,13.99240017
Line-11,Machine-34,13-04-2025 19:54,13-04-2025 20:22,Mechanical Defect,Hydraulics,28.89318275
Line-11,Machine-34,08-01-2025 05:01,08-01-2025 05:32,Mechanical Defect,Hydraulics,31.3835659
Line-11,Machine-34,10-01-2025 00:42,10-01-2025 00:48,Mechanical Defect,Automation,6.256750107
Line-11,Machine-34,10-01-2025 02:12,10-01-2025 02:22,Mechanical Defect,Automation,9.980633736
Line-11,Machine-34,10-01-2025 04:13,10-01-2025 04:18,Mechanical Defect,Automation,5.53186655
Line-11,Machine-34,21-02-2025 23:06,21-02-2025 23:20,Mechanical Defect,Conveyor,13.8927002
Line-11,Machine-34,23-02-2025 23:25,24-02-2025 00:00,Mechanical Defect,Hydraulics,34.17983246
Line-11,Machine-34,26-02-2025 03:20,26-02-2025 03:27,Mechanical Defect,Conveyor,7.528216839
Line-11,Machine-34,02-04-2025 23:35,02-04-2025 23:46,Mechanical Defect,Stone holder,10.66888332
Line-11,Machine-34,02-04-2025 23:49,02-04-2025 23:56,Mechanical Defect,Stone holder,7.110750198
Line-11,Machine-35,05-11-2024 13:35,05-11-2024 13:43,Mechanical Defect,Conveyor,8.134467125
Line-11,Machine-35,05-12-2024 11:04,05-12-2024 11:28,Mechanical Defect,Coolant system,24.62215042
Line-11,Machine-35,13-12-2024 09:21,13-12-2024 09:34,Mechanical Defect,Coolant system,12.83996677
Line-11,Machine-35,14-12-2024 11:31,14-12-2024 11:43,Mechanical Defect,Conveyor,12.6864996
Line-11,Machine-35,04-01-2025 13:27,04-01-2025 13:41,Mechanical Defect,Conveyor,13.5279665
Line-11,Machine-35,04-01-2025 14:23,04-01-2025 14:30,Mechanical Defect,Conveyor,6.126016617
Line-11,Machine-35,13-02-2025 11:12,13-02-2025 11:21,Mechanical Defect,Coolant system,8.248450279
Line-11,Machine-35,13-02-2025 14:22,13-02-2025 14:30,Mechanical Defect,Coolant system,7.319900036
Line-11,Machine-35,08-04-2025 06:28,08-04-2025 06:34,Mechanical Defect,Orientation unit,5.750966549
Line-11,Machine-35,15-11-2024 20:13,15-11-2024 20:22,Mechanical Defect,Automation,9.114233017
Line-11,Machine-35,15-11-2024 21:27,15-11-2024 21:32,Mechanical Defect,Automation,5.312966824
Line-11,Machine-35,15-11-2024 22:43,15-11-2024 22:49,Mechanical Defect,Automation,6.433733463
Line-11,Machine-35,17-11-2024 21:55,17-11-2024 22:00,Mechanical Defect,Hydraulics,5.806849957
Line-11,Machine-35,06-12-2024 15:15,06-12-2024 20:44,Mechanical Defect,Oscillation,329.0610352
Line-11,Machine-35,06-12-2024 21:53,06-12-2024 22:00,Mechanical Defect,Oscillation,7.009799957
Line-11,Machine-35,22-12-2024 22:43,22-12-2024 22:48,Mechanical Defect,Conveyor,5.490166664
Line-11,Machine-35,25-12-2024 22:54,25-12-2024 23:00,Mechanical Defect,Automation,6.041666508
Line-11,Machine-35,18-01-2025 18:26,18-01-2025 19:10,Mechanical Defect,Automation,43.39248276
Line-11,Machine-35,05-02-2025 17:44,05-02-2025 17:50,Mechanical Defect,Conveyor,5.548666477
Line-11,Machine-35,15-03-2025 17:01,15-03-2025 17:09,Mechanical Defect,Orientation unit,8.347633362
Line-11,Machine-35,16-04-2025 21:04,16-04-2025 21:35,Mechanical Defect,Conveyor,31.11756706
Line-11,Machine-35,13-11-2024 02:32,13-11-2024 02:58,Mechanical Defect,Conveyor,25.83558273
Line-11,Machine-35,13-11-2024 03:14,13-11-2024 03:34,Mechanical Defect,Conveyor,20.18398285
Line-11,Machine-35,05-12-2024 01:38,05-12-2024 01:48,Mechanical Defect,Stone Pressing Unit,9.733866692
Line-11,Machine-35,18-12-2024 01:53,18-12-2024 02:15,Mechanical Defect,Conveyor,21.96723366
Line-11,Machine-35,29-12-2024 01:44,29-12-2024 01:55,Mechanical Defect,Conveyor,10.99905014
Line-11,Machine-35,29-12-2024 04:10,29-12-2024 04:33,Mechanical Defect,Conveyor,22.48818398
Line-11,Machine-35,12-02-2025 01:27,12-02-2025 01:45,Mechanical Defect,Coolant system,17.67131615
Line-11,Machine-35,12-02-2025 01:49,12-02-2025 02:27,Mechanical Defect,Coolant system,38.80853271
Line-11,Machine-35,20-03-2025 02:19,20-03-2025 02:27,Mechanical Defect,Conveyor,8.523983002
Line-11,Machine-35,05-04-2025 02:24,05-04-2025 02:30,Mechanical Defect,Oscillation,5.872733116
Line-12,Machine-36,09-12-2024 06:06,09-12-2024 06:28,Mechanical Defect,Automation,21.99903297
Line-12,Machine-36,09-12-2024 10:40,09-12-2024 11:30,Mechanical Defect,Automation,50.00038147
Line-12,Machine-36,20-12-2024 06:00,20-12-2024 06:09,Mechanical Defect,Grinding wheel,8.997266769
Line-12,Machine-36,25-12-2024 11:00,25-12-2024 11:31,Mechanical Defect,Traverse Unit,31.66561699
Line-12,Machine-36,25-01-2025 07:50,25-01-2025 08:00,Mechanical Defect,Pneumatics,10.00758362
Line-12,Machine-36,25-01-2025 09:00,25-01-2025 09:12,Mechanical Defect,Pneumatics,11.99330044
Line-12,Machine-36,31-01-2025 07:30,31-01-2025 08:36,Mechanical Defect,Pneumatics,66.85099792
Line-12,Machine-36,10-02-2025 09:50,10-02-2025 10:15,Mechanical Defect,Chiller,24.98719978
Line-12,Machine-36,15-02-2025 06:00,15-02-2025 06:38,Mechanical Defect,Conveyor,38.01026535
Line-12,Machine-36,16-02-2025 10:30,16-02-2025 12:00,Mechanical Defect,Conveyor,89.99663544
Line-12,Machine-36,22-02-2025 09:00,22-02-2025 11:00,Mechanical Defect,Hopper,119.9943466
Line-12,Machine-36,01-04-2025 11:00,01-04-2025 11:22,Mechanical Defect,Pneumatics,21.98586655
Line-12,Machine-36,01-04-2025 13:00,01-04-2025 13:30,Mechanical Defect,Pneumatics,29.9961338
Line-12,Machine-36,01-05-2025 11:20,01-05-2025 13:41,Mechanical Defect,Automation,140.8397522
Line-12,Machine-36,07-02-2025 14:35,07-02-2025 17:21,Mechanical Defect,Pneumatics,165.9925537
Line-12,Machine-36,25-03-2025 16:00,25-03-2025 16:30,Mechanical Defect,Pneumatics,30.01239967
Line-12,Machine-36,26-03-2025 20:00,26-03-2025 20:53,Mechanical Defect,Work Spindle,53.0047493
Line-12,Machine-36,03-04-2025 15:20,03-04-2025 15:45,Mechanical Defect,Grinding wheel,25.22533417
Line-12,Machine-36,20-04-2025 20:00,20-04-2025 20:55,Mechanical Defect,Hydraulics,55.39241791
Line-12,Machine-36,25-11-2024 23:11,25-11-2024 23:31,Mechanical Defect,Automation,20.16564941
Line-12,Machine-36,10-12-2024 01:36,10-12-2024 02:00,Mechanical Defect,Grinding wheel,23.99090004
Line-12,Machine-36,07-02-2025 05:00,07-02-2025 05:25,Mechanical Defect,Pneumatics,24.98611641
Line-12,Machine-36,15-02-2025 05:35,15-02-2025 05:59,Mechanical Defect,Conveyor,24.00051689
Line-12,Machine-36,16-03-2025 03:30,16-03-2025 03:45,Mechanical Defect,Coolant system,15.20431709
Line-12,Machine-36,18-03-2025 23:40,19-03-2025 00:18,Mechanical Defect,Pneumatics,38.01333237
Line-12,Machine-37,12-11-2024 11:40,12-11-2024 12:50,Mechanical Defect,Conveyor,69.98818207
Line-12,Machine-37,05-12-2024 06:00,05-12-2024 07:00,Mechanical Defect,Automation,59.99440002
Line-12,Machine-37,09-12-2024 11:35,09-12-2024 11:45,Mechanical Defect,Lubrication,10.01644993
Line-12,Machine-37,20-12-2024 07:00,20-12-2024 08:00,Mechanical Defect,Grinding wheel,60.00593185
Line-12,Machine-37,03-01-2025 09:05,03-01-2025 11:28,Mechanical Defect,Work Spindle,143.5872803
Line-12,Machine-37,03-01-2025 13:22,03-01-2025 14:23,Mechanical Defect,Work Spindle,61.31998444
Line-12,Machine-37,22-01-2025 12:55,22-01-2025 13:30,Mechanical Defect,Lubrication,34.99359894
Line-12,Machine-37,11-02-2025 06:30,11-02-2025 06:45,Mechanical Defect,Lubrication,14.98746681
Line-12,Machine-37,15-02-2025 07:00,15-02-2025 07:26,Mechanical Defect,Lubrication,25.99666595
Line-12,Machine-37,22-02-2025 11:30,22-02-2025 12:00,Mechanical Defect,Robot,29.99398422
Line-12,Machine-37,26-02-2025 13:15,26-02-2025 14:10,Mechanical Defect,Grinding wheel,55.00031662
Line-12,Machine-37,06-03-2025 06:00,06-03-2025 06:15,Mechanical Defect,Lubrication,14.9862833
Line-12,Machine-37,24-03-2025 11:45,24-03-2025 12:05,Mechanical Defect,Lubrication,20.26328278
Line-12,Machine-37,10-11-2024 21:20,10-11-2024 21:37,Mechanical Defect,Automation,17.20775032
Line-12,Machine-37,19-11-2024 19:20,19-11-2024 19:35,Mechanical Defect,Grinding wheel,15.00906658
Line-12,Machine-37,19-11-2024 17:10,19-11-2024 17:55,Mechanical Defect,Lubrication,44.98765182
Line-12,Machine-37,24-11-2024 18:57,24-11-2024 19:42,Mechanical Defect,Automation,44.99453354
Line-12,Machine-37,24-11-2024 20:00,24-11-2024 20:20,Mechanical Defect,Automation,20.00805092
Line-12,Machine-37,01-12-2024 22:35,01-12-2024 23:00,Mechanical Defect,Conveyor,25.10216713
Line-12,Machine-37,20-12-2024 14:30,20-12-2024 14:40,Mechanical Defect,Coolant system,9.999732971
Line-12,Machine-37,28-12-2024 17:09,28-12-2024 17:29,Mechanical Defect,Lubrication,20.19339943
Line-12,Machine-37,03-01-2025 14:30,03-01-2025 16:00,Mechanical Defect,Grinding wheel,90.36489868
Line-12,Machine-37,04-01-2025 14:30,04-01-2025 15:11,Mechanical Defect,Grinding wheel,40.99888229
Line-12,Machine-37,11-01-2025 17:55,11-01-2025 18:30,Mechanical Defect,Pneumatics,35.00019836
Line-12,Machine-37,22-01-2025 18:00,22-01-2025 18:10,Mechanical Defect,Coolant system,9.999732971
Line-12,Machine-37,23-02-2025 20:00,23-02-2025 20:35,Mechanical Defect,Lubrication,34.99855042
Line-12,Machine-37,08-03-2025 16:30,08-03-2025 16:40,Mechanical Defect,Lubrication,10.00626659
Line-12,Machine-37,21-03-2025 17:45,21-03-2025 19:44,Mechanical Defect,Work Head,119.726265
Line-12,Machine-37,10-11-2024 23:00,10-11-2024 23:11,Mechanical Defect,Lubrication,10.99491692
Line-12,Machine-37,14-11-2024 04:04,14-11-2024 04:40,Mechanical Defect,Grinding wheel,36.01111603
Line-12,Machine-37,18-11-2024 01:00,18-11-2024 01:15,Mechanical Defect,Grinding wheel,15.0048666
Line-12,Machine-37,26-11-2024 23:30,26-11-2024 23:31,Mechanical Defect,Conveyor,1.012249947
Line-12,Machine-37,26-11-2024 23:30,27-11-2024 01:10,Mechanical Defect,Conveyor,100.8791351
Line-12,Machine-37,07-02-2025 04:26,07-02-2025 04:51,Mechanical Defect,Aerolide slide,25.01011658
Line-12,Machine-37,25-02-2025 23:40,26-02-2025 00:40,Mechanical Defect,Lubrication,59.99399948
Line-12,Machine-37,26-02-2025 01:00,26-02-2025 01:25,Mechanical Defect,Lubrication,25.01028252
Line-12,Machine-37,12-04-2025 02:00,12-04-2025 02:30,Mechanical Defect,Grinding wheel,29.99850082
Line-12,Machine-37,17-04-2025 23:30,18-04-2025 00:03,Mechanical Defect,Work Spindle,33.69438171
Line-12,Machine-38,13-11-2024 08:00,13-11-2024 09:34,Mechanical Defect,Dresser unit,94.49120331
Line-12,Machine-38,26-11-2024 06:15,26-11-2024 07:50,Mechanical Defect,Hydraulics,95.00538635
Line-12,Machine-38,11-12-2024 06:50,11-12-2024 07:50,Mechanical Defect,Dresser unit,60.16601563
Line-12,Machine-38,20-12-2024 13:40,20-12-2024 14:19,Mechanical Defect,Grinding wheel,39.30416489
Line-12,Machine-38,24-12-2024 10:02,24-12-2024 10:22,Mechanical Defect,Coolant system,20.00760078
Line-12,Machine-38,15-01-2025 06:30,15-01-2025 07:00,Mechanical Defect,Coolant system,29.99973297
Line-12,Machine-38,15-01-2025 11:10,15-01-2025 11:45,Mechanical Defect,Coolant system,34.99425125
Line-12,Machine-38,17-01-2025 06:22,17-01-2025 07:55,Mechanical Defect,Coolant system,93.38143158
Line-12,Machine-38,01-02-2025 06:00,01-02-2025 07:00,Mechanical Defect,Chiller,59.99328232
Line-12,Machine-38,10-02-2025 08:00,10-02-2025 08:30,Mechanical Defect,Chiller,30.01774979
Line-12,Machine-38,17-02-2025 09:00,17-02-2025 09:20,Mechanical Defect,Lubrication,19.99693298
Line-12,Machine-38,20-02-2025 11:30,20-02-2025 11:40,Mechanical Defect,Grinding wheel,10.00153351
Line-12,Machine-38,09-03-2025 12:00,09-03-2025 12:30,Mechanical Defect,Grinding wheel,30.00306702
Line-12,Machine-38,15-03-2025 08:23,15-03-2025 14:19,Mechanical Defect,Grinding wheel,356.0618286
Line-12,Machine-38,16-03-2025 08:00,16-03-2025 08:25,Mechanical Defect,Grinding wheel,25.00589943
Line-12,Machine-38,20-03-2025 10:30,20-03-2025 11:44,Mechanical Defect,Wheel Head,74.34866333
Line-12,Machine-38,24-03-2025 06:30,24-03-2025 06:45,Mechanical Defect,Lubrication,14.99713326
Line-12,Machine-38,07-04-2025 08:05,07-04-2025 08:48,Mechanical Defect,Lubrication,43.91305161
Line-12,Machine-38,18-04-2025 13:22,18-04-2025 13:33,Mechanical Defect,Grinding wheel,10.99580002
Line-12,Machine-38,01-02-2025 18:30,01-02-2025 20:30,Mechanical Defect,Work Spindle,120
Line-12,Machine-38,01-03-2025 16:05,01-03-2025 16:20,Mechanical Defect,Coolant system,14.98708344
Line-12,Machine-38,18-03-2025 17:55,18-03-2025 21:20,Mechanical Defect,Coolant system,205.3366394
Line-12,Machine-38,26-03-2025 16:00,26-03-2025 16:10,Mechanical Defect,Grinding wheel,9.999783516
Line-12,Machine-38,18-04-2025 17:21,18-04-2025 18:15,Mechanical Defect,Chiller,54.62826538
Line-12,Machine-38,30-11-2024 04:30,30-11-2024 05:30,Mechanical Defect,Wheel Head,60.00519943
Line-12,Machine-38,11-12-2024 05:20,11-12-2024 05:36,Mechanical Defect,Coolant system,16.45116615
Line-12,Machine-38,12-12-2024 23:00,12-12-2024 23:32,Mechanical Defect,Grinding wheel,31.99318314
Line-12,Machine-38,14-12-2024 02:39,14-12-2024 03:50,Mechanical Defect,Coolant system,71.63761902
Line-12,Machine-38,29-12-2024 23:00,29-12-2024 23:20,Mechanical Defect,Grinding wheel,20.01066589
Line-12,Machine-38,22-01-2025 03:45,22-01-2025 04:00,Mechanical Defect,Coolant system,14.99120045
Line-12,Machine-38,04-02-2025 01:58,04-02-2025 02:13,Mechanical Defect,Grinding wheel,14.99428368
Line-12,Machine-38,04-02-2025 04:00,04-02-2025 04:26,Mechanical Defect,Chiller,25.99093246
Line-12,Machine-38,04-02-2025 05:13,04-02-2025 05:47,Mechanical Defect,Chiller,34.003685
Line-12,Machine-38,06-02-2025 01:49,06-02-2025 02:04,Mechanical Defect,Grinding wheel,14.99314976
Line-12,Machine-38,19-02-2025 05:30,19-02-2025 05:50,Mechanical Defect,Lubrication,20.0147171
Line-12,Machine-38,28-03-2025 05:38,28-03-2025 05:53,Mechanical Defect,Lubrication,14.23614979
Line-12,Machine-38,30-03-2025 01:00,30-03-2025 01:44,Mechanical Defect,Coolant system,44.78253174
Line-12,Machine-38,19-04-2025 02:40,19-04-2025 03:00,Mechanical Defect,Coolant system,20.19980049
Line-12,Machine-38,21-04-2025 05:00,21-04-2025 05:20,Mechanical Defect,Lubrication,19.98633385
Line-12,Machine-39,16-11-2024 06:00,16-11-2024 07:17,Mechanical Defect,Stone Pressing Unit,77.41628265
Line-12,Machine-39,07-12-2024 11:30,07-12-2024 13:30,Mechanical Defect,Orientation unit,119.1925201
Line-12,Machine-39,27-01-2025 08:00,27-01-2025 08:22,Mechanical Defect,Pneumatics,21.99881744
Line-12,Machine-39,14-02-2025 13:45,14-02-2025 14:20,Mechanical Defect,Grinding wheel,35.33746719
Line-12,Machine-39,15-04-2025 06:30,15-04-2025 07:15,Mechanical Defect,Pneumatics,45.00040054
Line-12,Machine-39,25-04-2025 06:00,25-04-2025 07:30,Mechanical Defect,Grinding wheel,89.98963165
Line-12,Machine-39,28-12-2024 22:20,28-12-2024 22:35,Mechanical Defect,Lubrication,15.12291622
Line-12,Machine-39,14-02-2025 14:30,14-02-2025 16:30,Mechanical Defect,Stone holder,119.8183136
Line-12,Machine-39,25-02-2025 15:25,25-02-2025 15:50,Mechanical Defect,Conveyor,25.18421745
Line-12,Machine-39,09-01-2025 00:00,09-01-2025 05:57,Mechanical Defect,Oscillation,357.8329468
Line-12,Machine-39,18-02-2025 02:48,18-02-2025 02:58,Mechanical Defect,Lubrication,10.09560013
Line-12,Machine-39,21-02-2025 01:50,21-02-2025 02:10,Mechanical Defect,Stone Pressing Unit,20.00113297
Line-12,Machine-39,11-03-2025 03:30,11-03-2025 04:00,Mechanical Defect,Pneumatics,30.13536644
Line-12,Machine-39,25-04-2025 04:45,25-04-2025 06:00,Mechanical Defect,Grinding wheel,75.90464783
Line-12,Machine-39,25-04-2025 00:10,25-04-2025 01:30,Mechanical Defect,Stone holder,79.99878693
Line-12,Machine-40,20-12-2024 11:00,20-12-2024 11:20,Mechanical Defect,Pneumatics,20.00049973
Line-12,Machine-40,31-12-2024 06:10,31-12-2024 06:50,Mechanical Defect,Lubrication,39.99361801
Line-12,Machine-40,01-01-2025 14:00,01-01-2025 14:30,Mechanical Defect,Pneumatics,29.99625015
Line-12,Machine-40,04-01-2025 08:00,04-01-2025 08:30,Mechanical Defect,Lubrication,29.99878311
Line-12,Machine-40,22-01-2025 14:00,22-01-2025 14:10,Mechanical Defect,Lubrication,9.991600037
Line-12,Machine-40,03-02-2025 07:15,03-02-2025 08:43,Mechanical Defect,Coolant system,88.7933197
Line-12,Machine-40,10-02-2025 11:27,10-02-2025 11:50,Mechanical Defect,Chiller,22.78775024
Line-12,Machine-40,20-03-2025 13:35,20-03-2025 14:08,Mechanical Defect,Coolant system,33.67083359
Line-12,Machine-40,09-04-2025 08:50,09-04-2025 09:24,Mechanical Defect,Coolant system,34.84131622
Line-12,Machine-40,13-04-2025 06:35,13-04-2025 07:00,Mechanical Defect,Lubrication,25.42048264
Line-12,Machine-40,26-04-2025 08:00,26-04-2025 08:30,Mechanical Defect,Oscillation,29.99821663
Line-12,Machine-40,17-11-2024 22:15,17-11-2024 23:00,Mechanical Defect,Lubrication,44.98838425
Line-12,Machine-40,22-11-2024 20:45,22-11-2024 21:25,Mechanical Defect,Grinding wheel,39.98965073
Line-12,Machine-40,23-11-2024 22:15,23-11-2024 22:55,Mechanical Defect,Grinding wheel,40.28781509
Line-12,Machine-40,27-11-2024 19:40,27-11-2024 20:15,Mechanical Defect,Grinding wheel,35.00180054
Line-12,Machine-40,23-12-2024 14:30,23-12-2024 23:00,Mechanical Defect,Dresser unit,510
Line-12,Machine-40,25-12-2024 17:10,25-12-2024 17:39,Mechanical Defect,Lubrication,29.10084915
Line-12,Machine-40,25-01-2025 19:00,25-01-2025 20:00,Mechanical Defect,Dresser unit,59.9980011
Line-12,Machine-40,28-01-2025 15:10,28-01-2025 16:15,Mechanical Defect,Coolant system,65.03714752
Line-12,Machine-40,03-02-2025 20:00,03-02-2025 20:42,Mechanical Defect,Pneumatics,42.01493454
Line-12,Machine-40,11-02-2025 20:45,11-02-2025 21:15,Mechanical Defect,Grinding wheel,30.00489998
Line-12,Machine-40,16-02-2025 14:30,16-02-2025 16:30,Mechanical Defect,Grinding wheel,120.9768295
Line-12,Machine-40,20-02-2025 22:30,20-02-2025 22:42,Mechanical Defect,Grinding wheel,11.99466705
Line-12,Machine-40,20-02-2025 15:50,20-02-2025 16:40,Mechanical Defect,Lubrication,50.00346756
Line-12,Machine-40,10-03-2025 18:50,10-03-2025 19:25,Mechanical Defect,Grinding wheel,35.00306702
Line-12,Machine-40,28-03-2025 16:00,28-03-2025 16:20,Mechanical Defect,Grinding wheel,19.99720001
Line-12,Machine-40,22-04-2025 21:20,22-04-2025 21:36,Mechanical Defect,Coolant system,16.00239944
Line-12,Machine-40,25-04-2025 21:59,25-04-2025 22:24,Mechanical Defect,Lubrication,25.08625031
Line-12,Machine-40,07-12-2024 00:30,07-12-2024 01:20,Mechanical Defect,Work Head,49.98573303
Line-12,Machine-40,21-12-2024 05:30,21-12-2024 05:50,Mechanical Defect,Lubrication,20.00641632
Line-12,Machine-40,01-02-2025 23:00,01-02-2025 23:45,Mechanical Defect,Chiller,45.07758331
Line-12,Machine-40,11-02-2025 01:00,11-02-2025 01:36,Mechanical Defect,Coolant system,35.99784851
Line-12,Machine-40,10-03-2025 02:35,10-03-2025 02:56,Mechanical Defect,Hydraulics,21.08304977
Line-12,Machine-41,10-11-2024 13:40,10-11-2024 13:50,Mechanical Defect,Lubrication,9.997066498
Line-12,Machine-41,11-11-2024 07:00,11-11-2024 07:35,Mechanical Defect,Stone holder,34.99903488
Line-12,Machine-41,18-11-2024 06:30,18-11-2024 06:52,Mechanical Defect,Lubrication,22.19784927
Line-12,Machine-41,25-11-2024 06:05,25-11-2024 06:26,Mechanical Defect,Lubrication,20.98810005
Line-12,Machine-41,09-12-2024 08:25,09-12-2024 08:35,Mechanical Defect,Lubrication,9.992333412
Line-12,Machine-41,10-12-2024 10:30,10-12-2024 11:45,Mechanical Defect,Conveyor,75.17768097
Line-12,Machine-41,12-12-2024 09:10,12-12-2024 10:02,Mechanical Defect,Automation,52.00778198
Line-12,Machine-41,13-12-2024 06:00,13-12-2024 06:28,Mechanical Defect,Lubrication,27.99780083
Line-12,Machine-41,15-12-2024 14:00,15-12-2024 14:30,Mechanical Defect,Lubrication,29.99931717
Line-12,Machine-41,17-12-2024 06:00,17-12-2024 06:22,Mechanical Defect,Lubrication,21.99826622
Line-12,Machine-41,08-01-2025 12:23,08-01-2025 12:52,Mechanical Defect,Grinding wheel,28.99570084
Line-12,Machine-41,08-01-2025 08:05,08-01-2025 08:35,Mechanical Defect,Coolant system,30.00241661
Line-12,Machine-41,08-01-2025 10:30,08-01-2025 11:10,Mechanical Defect,Coolant system,39.99596786
Line-12,Machine-41,10-01-2025 11:00,10-01-2025 11:10,Mechanical Defect,Grinding wheel,10.00068378
Line-12,Machine-41,20-01-2025 11:21,20-01-2025 12:10,Mechanical Defect,Lubrication,49.01015091
Line-12,Machine-41,21-01-2025 10:31,21-01-2025 10:46,Mechanical Defect,Lubrication,15.30318356
Line-12,Machine-41,21-01-2025 13:45,21-01-2025 14:15,Mechanical Defect,Lubrication,29.98834991
Line-12,Machine-41,08-03-2025 11:35,08-03-2025 12:15,Mechanical Defect,Lubrication,40.00253296
Line-12,Machine-41,28-03-2025 11:30,28-03-2025 12:30,Mechanical Defect,Oscillation,59.99544907
Line-12,Machine-41,29-03-2025 06:00,29-03-2025 08:28,Mechanical Defect,Oscillation,148.4829407
Line-12,Machine-41,31-03-2025 13:00,31-03-2025 14:01,Mechanical Defect,Oscillation,61.87493515
Line-12,Machine-41,26-04-2025 06:00,26-04-2025 07:40,Mechanical Defect,Oscillation,100.0029297
Line-12,Machine-41,14-11-2024 14:30,14-11-2024 15:04,Mechanical Defect,Conveyor,34.00080109
Line-12,Machine-41,20-11-2024 19:00,20-11-2024 19:15,Mechanical Defect,Grinding wheel,14.99963379
Line-12,Machine-41,27-11-2024 15:30,27-11-2024 16:20,Mechanical Defect,Grinding wheel,49.99655151
Line-12,Machine-41,01-12-2024 22:40,01-12-2024 22:55,Mechanical Defect,Lubrication,15.04405022
Line-12,Machine-41,02-12-2024 19:15,02-12-2024 19:35,Mechanical Defect,Lubrication,19.99133301
Line-12,Machine-41,08-12-2024 21:00,08-12-2024 21:15,Mechanical Defect,Lubrication,15.00453377
Line-12,Machine-41,15-12-2024 14:30,15-12-2024 14:41,Mechanical Defect,Grinding wheel,10.99013329
Line-12,Machine-41,20-12-2024 22:00,20-12-2024 22:14,Mechanical Defect,Lubrication,14.00801659
Line-12,Machine-41,07-01-2025 20:50,07-01-2025 21:53,Mechanical Defect,Hydraulics,63.13803482
Line-12,Machine-41,21-02-2025 18:50,21-02-2025 21:00,Mechanical Defect,Oscillation,130.6400146
Line-12,Machine-41,24-02-2025 16:30,24-02-2025 17:24,Mechanical Defect,Automation,54
Line-12,Machine-41,26-02-2025 20:35,26-02-2025 22:10,Mechanical Defect,Oscillation,94.98491669
Line-12,Machine-41,02-03-2025 18:15,02-03-2025 19:08,Mechanical Defect,Lubrication,53.27868271
Line-12,Machine-41,29-03-2025 20:30,29-03-2025 22:45,Mechanical Defect,Grinding wheel,135.2918549
Line-12,Machine-41,31-03-2025 14:30,31-03-2025 14:55,Mechanical Defect,Pneumatics,25.00555038
Line-12,Machine-41,16-04-2025 21:45,16-04-2025 22:10,Mechanical Defect,Grinding wheel,25.01208305
Line-12,Machine-41,07-11-2024 05:14,07-11-2024 05:30,Mechanical Defect,Lubrication,16.0638504
Line-12,Machine-41,10-11-2024 01:50,10-11-2024 02:05,Mechanical Defect,Lubrication,14.99451637
Line-12,Machine-41,12-11-2024 01:50,12-11-2024 02:00,Mechanical Defect,Lubrication,9.987833023
Line-12,Machine-41,12-11-2024 23:00,12-11-2024 23:30,Mechanical Defect,Lubrication,29.99754906
Line-12,Machine-41,15-11-2024 05:22,15-11-2024 05:42,Mechanical Defect,Grinding wheel,20.00365067
Line-12,Machine-41,15-11-2024 23:20,15-11-2024 23:35,Mechanical Defect,Grinding wheel,14.99293327
Line-12,Machine-41,16-11-2024 04:20,16-11-2024 04:25,Mechanical Defect,Grinding wheel,4.986216545
Line-12,Machine-41,17-11-2024 00:00,17-11-2024 00:07,Mechanical Defect,Grinding wheel,6.992099762
Line-12,Machine-41,19-11-2024 02:00,19-11-2024 02:05,Mechanical Defect,Grinding wheel,4.994166851
Line-12,Machine-41,21-11-2024 03:00,21-11-2024 03:10,Mechanical Defect,Lubrication,10.00666714
Line-12,Machine-41,25-11-2024 23:12,25-11-2024 23:25,Mechanical Defect,Lubrication,13.11386681
Line-12,Machine-41,29-11-2024 00:00,29-11-2024 00:11,Mechanical Defect,Lubrication,11.00093365
Line-12,Machine-41,03-12-2024 00:40,03-12-2024 01:00,Mechanical Defect,Lubrication,19.99738312
Line-12,Machine-41,08-12-2024 23:00,08-12-2024 23:09,Mechanical Defect,Grinding wheel,9.009849548
Line-12,Machine-41,11-12-2024 04:00,11-12-2024 04:20,Mechanical Defect,Lubrication,19.99626732
Line-12,Machine-41,14-12-2024 04:45,14-12-2024 05:00,Mechanical Defect,Lubrication,14.99558353
Line-12,Machine-41,15-12-2024 04:00,15-12-2024 04:10,Mechanical Defect,Lubrication,9.991999626
Line-12,Machine-41,16-12-2024 03:25,16-12-2024 03:40,Mechanical Defect,Lubrication,15.0010004
Line-12,Machine-41,17-12-2024 05:39,17-12-2024 05:59,Mechanical Defect,Lubrication,20.04990005
Line-12,Machine-41,18-12-2024 05:30,18-12-2024 05:50,Mechanical Defect,Lubrication,19.08345032
Line-12,Machine-41,19-12-2024 04:45,19-12-2024 05:26,Mechanical Defect,Lubrication,41.12128448
Line-12,Machine-41,20-12-2024 04:20,20-12-2024 04:35,Mechanical Defect,Lubrication,15.01280022
Line-12,Machine-41,22-12-2024 04:20,22-12-2024 04:35,Mechanical Defect,Lubrication,15.00453377
Line-12,Machine-41,23-12-2024 01:00,23-12-2024 01:20,Mechanical Defect,Lubrication,20.01165009
Line-12,Machine-41,31-12-2024 00:20,31-12-2024 00:30,Mechanical Defect,Grinding wheel,9.991616249
Line-12,Machine-41,04-01-2025 05:20,04-01-2025 05:45,Mechanical Defect,Lubrication,25.79800034
Line-12,Machine-41,05-01-2025 02:00,05-01-2025 02:15,Mechanical Defect,Lubrication,15.00839996
Line-12,Machine-41,08-01-2025 04:00,08-01-2025 04:30,Mechanical Defect,Lubrication,30.01479912
Line-12,Machine-41,10-01-2025 03:30,10-01-2025 04:00,Mechanical Defect,Lubrication,29.994133
Line-12,Machine-41,11-01-2025 03:50,11-01-2025 04:31,Mechanical Defect,Lubrication,41.30573273
Line-12,Machine-41,12-01-2025 02:31,12-01-2025 03:00,Mechanical Defect,Lubrication,29.00266647
Line-12,Machine-41,29-03-2025 04:00,29-03-2025 05:16,Mechanical Defect,Oscillation,76.18041992
Line-12,Machine-41,29-03-2025 05:17,29-03-2025 06:00,Mechanical Defect,Oscillation,43
Line-12,Machine-41,29-03-2025 23:00,30-03-2025 01:45,Mechanical Defect,Oscillation,165.0463715
Line-12,Machine-41,30-03-2025 02:20,30-03-2025 05:20,Mechanical Defect,Oscillation,180.2927551
Line-12,Machine-41,02-04-2025 00:01,02-04-2025 03:29,Mechanical Defect,Oscillation,207.1085205
Line-12,Machine-41,12-04-2025 23:00,12-04-2025 23:30,Mechanical Defect,Grinding wheel,30.00688362
Line-12,Machine-41,26-04-2025 04:30,26-04-2025 06:00,Mechanical Defect,Oscillation,90.01171875
Line-11,Machine-42,08-11-2024 06:02,08-11-2024 06:10,Mechanical Defect,Lubrication,8.568133354
Line-11,Machine-42,16-11-2024 08:48,16-11-2024 09:16,Mechanical Defect,Grinding wheel,27.8412838
Line-11,Machine-42,05-12-2024 11:29,05-12-2024 11:35,Mechanical Defect,Coolant system,6.008049965
Line-11,Machine-42,22-12-2024 13:02,22-12-2024 13:21,Mechanical Defect,Conveyor,19.39948273
Line-11,Machine-42,04-01-2025 13:41,04-01-2025 13:55,Mechanical Defect,Conveyor,14.36906624
Line-11,Machine-42,15-01-2025 06:38,15-01-2025 07:07,Mechanical Defect,Conveyor,29.55419922
Line-11,Machine-42,27-01-2025 06:05,27-01-2025 06:11,Mechanical Defect,Orientation unit,5.983166695
Line-11,Machine-42,27-01-2025 06:13,27-01-2025 06:23,Mechanical Defect,Orientation unit,9.659633636
Line-11,Machine-42,03-02-2025 08:13,03-02-2025 08:38,Mechanical Defect,Conveyor,24.71254921
Line-11,Machine-42,16-02-2025 06:29,16-02-2025 07:27,Mechanical Defect,Grinding wheel,57.84228516
Line-11,Machine-42,24-02-2025 06:00,24-02-2025 06:51,Mechanical Defect,Work Head,51.24814987
Line-11,Machine-42,10-03-2025 06:00,10-03-2025 07:35,Mechanical Defect,Lubrication,95.77628326
Line-11,Machine-42,02-04-2025 11:40,02-04-2025 12:37,Mechanical Defect,Conveyor,56.96704865
Line-11,Machine-42,04-04-2025 06:08,04-04-2025 06:30,Mechanical Defect,Conveyor,21.89838409
Line-11,Machine-42,05-04-2025 11:00,05-04-2025 11:47,Mechanical Defect,Stone holder,47.54146576
Line-11,Machine-42,06-04-2025 09:03,06-04-2025 09:30,Mechanical Defect,Stone Pressing Unit,26.90193367
Line-11,Machine-42,16-04-2025 06:01,16-04-2025 06:14,Mechanical Defect,Conveyor,12.1267662
Line-11,Machine-42,21-04-2025 12:10,21-04-2025 12:24,Mechanical Defect,Conveyor,13.68168354
Line-11,Machine-42,21-04-2025 14:16,21-04-2025 14:23,Mechanical Defect,Conveyor,6.692033291
Line-11,Machine-42,15-11-2024 19:19,15-11-2024 19:25,Mechanical Defect,Automation,5.997416496
Line-11,Machine-42,15-11-2024 20:30,15-11-2024 20:37,Mechanical Defect,Automation,7.230800152
Line-11,Machine-42,15-11-2024 22:52,15-11-2024 23:00,Mechanical Defect,Automation,7.798583508
Line-11,Machine-42,17-11-2024 22:00,17-11-2024 22:10,Mechanical Defect,Hydraulics,9.598683357
Line-11,Machine-42,06-12-2024 20:44,06-12-2024 21:50,Mechanical Defect,Oscillation,65.2565155
Line-11,Machine-42,06-12-2024 22:00,06-12-2024 22:13,Mechanical Defect,Oscillation,13.11295033
Line-11,Machine-42,13-12-2024 14:46,13-12-2024 14:56,Mechanical Defect,Grinding wheel,9.715183258
Line-11,Machine-42,15-01-2025 14:30,15-01-2025 15:24,Mechanical Defect,Conveyor,54.42345047
Line-11,Machine-42,15-01-2025 15:27,15-01-2025 15:32,Mechanical Defect,Conveyor,5.293716431
Line-11,Machine-42,15-01-2025 15:32,15-01-2025 15:38,Mechanical Defect,Conveyor,6.304733276
Line-11,Machine-42,15-01-2025 15:46,15-01-2025 15:55,Mechanical Defect,Conveyor,9.021216393
Line-11,Machine-42,08-02-2025 22:40,08-02-2025 23:00,Mechanical Defect,Conveyor,19.79343414
Line-11,Machine-42,10-02-2025 14:48,10-02-2025 14:58,Mechanical Defect,Conveyor,10.06576633
Line-11,Machine-42,10-02-2025 15:09,10-02-2025 15:25,Mechanical Defect,Conveyor,16.46403313
Line-11,Machine-42,11-02-2025 22:16,11-02-2025 22:27,Mechanical Defect,Conveyor,10.92336655
Line-11,Machine-42,27-02-2025 19:37,27-02-2025 19:55,Mechanical Defect,Hydraulics,18.15029907
Line-11,Machine-42,10-03-2025 20:32,10-03-2025 22:00,Mechanical Defect,Dresser unit,87.76166534
Line-11,Machine-42,10-03-2025 22:02,10-03-2025 22:18,Mechanical Defect,Wheel Head,15.50895023
Line-11,Machine-42,10-03-2025 22:22,10-03-2025 22:29,Mechanical Defect,Wheel Head,6.999416828
Line-11,Machine-42,10-03-2025 22:47,10-03-2025 23:00,Mechanical Defect,Wheel Head,12.39121628
Line-11,Machine-42,27-03-2025 18:30,27-03-2025 19:08,Mechanical Defect,Hopper,38.22090149
Line-11,Machine-42,14-11-2024 23:01,14-11-2024 23:08,Mechanical Defect,Automation,7.245466709
Line-11,Machine-42,15-11-2024 23:00,15-11-2024 23:06,Mechanical Defect,Hopper,6.685033321
Line-11,Machine-42,15-11-2024 23:15,15-11-2024 23:41,Mechanical Defect,Hopper,26.64863396
Line-11,Machine-42,18-11-2024 00:19,18-11-2024 00:59,Mechanical Defect,Conveyor,39.6995163
Line-11,Machine-42,05-12-2024 01:52,05-12-2024 01:59,Mechanical Defect,Stone Pressing Unit,7.600933552
Line-11,Machine-42,23-12-2024 02:16,23-12-2024 02:26,Mechanical Defect,Conveyor,10.25888348
Line-11,Machine-42,29-12-2024 01:55,29-12-2024 02:13,Mechanical Defect,Conveyor,17.38441658
Line-11,Machine-42,14-01-2025 05:41,14-01-2025 05:48,Mechanical Defect,Conveyor,6.418866634
Line-11,Machine-42,14-01-2025 05:48,14-01-2025 06:00,Mechanical Defect,Conveyor,11.76158333
Line-11,Machine-42,17-01-2025 00:42,17-01-2025 01:26,Mechanical Defect,Lubrication,44.19121552
Line-11,Machine-42,01-02-2025 04:00,01-02-2025 04:07,Mechanical Defect,Conveyor,6.322100163
Line-11,Machine-42,01-02-2025 04:14,01-02-2025 04:27,Mechanical Defect,Conveyor,13.46420002
Line-11,Machine-42,01-02-2025 05:39,01-02-2025 05:49,Mechanical Defect,Conveyor,10.13010025
Line-11,Machine-42,24-02-2025 04:31,24-02-2025 06:00,Mechanical Defect,Work Head,88.35275269
Line-11,Machine-42,19-03-2025 00:45,19-03-2025 00:57,Mechanical Defect,Grinding wheel,11.83428288
Line-11,Machine-42,20-03-2025 23:00,20-03-2025 23:38,Mechanical Defect,Conveyor,38.27709961
Line-11,Machine-42,04-04-2025 23:48,04-04-2025 23:54,Mechanical Defect,Oscillation,6.34226656
Line-11,Machine-42,06-04-2025 04:22,06-04-2025 04:46,Mechanical Defect,Conveyor,23.1981163
Line-11,Machine-42,06-04-2025 05:17,06-04-2025 05:26,Mechanical Defect,Conveyor,9.333200455
Line-11,Machine-42,30-04-2025 23:00,30-04-2025 23:18,Mechanical Defect,Orientation unit,18.75473404
Line-6,Machine-43,12-11-2024 10:00,12-11-2024 10:09,Mechanical Defect,Automation,8.4659338
Line-6,Machine-43,21-11-2024 13:11,21-11-2024 13:22,Mechanical Defect,Stone holder,11.59211636
Line-6,Machine-43,24-11-2024 12:26,24-11-2024 12:47,Mechanical Defect,Stone holder,20.94511604
Line-6,Machine-43,25-11-2024 13:55,25-11-2024 14:13,Mechanical Defect,Conveyor,17.51433372
Line-6,Machine-43,25-11-2024 12:08,25-11-2024 13:31,Mechanical Defect,Automation,83.11543274
Line-6,Machine-43,26-11-2024 08:23,26-11-2024 08:29,Mechanical Defect,Conveyor,5.84499979
Line-6,Machine-43,26-11-2024 07:51,26-11-2024 08:14,Mechanical Defect,Automation,23.74878311
Line-6,Machine-43,26-11-2024 12:34,26-11-2024 13:23,Mechanical Defect,Automation,48.88681793
Line-6,Machine-43,26-11-2024 13:31,26-11-2024 13:48,Mechanical Defect,Automation,17.36826706
Line-6,Machine-43,27-11-2024 11:15,27-11-2024 12:08,Mechanical Defect,Grinding wheel,52.56143188
Line-6,Machine-43,27-11-2024 12:38,27-11-2024 13:06,Mechanical Defect,Grinding wheel,28.07254982
Line-6,Machine-43,16-12-2024 08:04,16-12-2024 08:50,Mechanical Defect,Lubrication,46.33301544
Line-6,Machine-43,31-12-2024 10:29,31-12-2024 10:36,Mechanical Defect,Lubrication,6.787350178
Line-6,Machine-43,31-12-2024 10:36,31-12-2024 11:57,Mechanical Defect,Lubrication,80.83061981
Line-6,Machine-43,01-01-2025 13:57,01-01-2025 14:11,Mechanical Defect,Lubrication,14.33146667
Line-6,Machine-43,01-01-2025 14:00,01-01-2025 14:21,Mechanical Defect,Lubrication,20.99341583
Line-6,Machine-43,03-01-2025 10:35,03-01-2025 10:41,Mechanical Defect,Conveyor,5.232349873
Line-6,Machine-43,06-01-2025 09:34,06-01-2025 09:42,Mechanical Defect,Orientation unit,7.151649952
Line-6,Machine-43,07-01-2025 06:01,07-01-2025 06:08,Mechanical Defect,Orientation unit,6.867899895
Line-6,Machine-43,07-01-2025 06:16,07-01-2025 06:22,Mechanical Defect,Orientation unit,5.18380022
Line-6,Machine-43,07-01-2025 06:25,07-01-2025 06:30,Mechanical Defect,Orientation unit,5.650700092
Line-6,Machine-43,15-01-2025 09:13,15-01-2025 09:27,Mechanical Defect,Orientation unit,13.60669994
Line-6,Machine-43,16-01-2025 06:13,16-01-2025 07:09,Mechanical Defect,Dresser unit,56.47829819
Line-6,Machine-43,17-01-2025 10:16,17-01-2025 13:47,Mechanical Defect,Dresser unit,211.1329803
Line-6,Machine-43,18-01-2025 11:18,18-01-2025 11:50,Mechanical Defect,Coolant system,31.40341759
Line-6,Machine-43,20-01-2025 06:26,20-01-2025 07:26,Mechanical Defect,Lubrication,60
Line-6,Machine-43,20-01-2025 09:26,20-01-2025 10:26,Mechanical Defect,Lubrication,60
Line-6,Machine-43,27-01-2025 07:04,27-01-2025 07:18,Mechanical Defect,Hydraulics,14.13978291
Line-6,Machine-43,31-01-2025 09:56,31-01-2025 10:05,Mechanical Defect,Grinding wheel,9.060850143
Line-6,Machine-43,01-02-2025 13:52,01-02-2025 14:30,Mechanical Defect,Automation,37.95595169
Line-6,Machine-43,07-02-2025 06:00,07-02-2025 06:21,Mechanical Defect,Lubrication,21.49698257
Line-6,Machine-43,11-02-2025 08:00,11-02-2025 09:30,Mechanical Defect,Dresser unit,90
Line-6,Machine-43,19-02-2025 06:00,19-02-2025 11:57,Mechanical Defect,Wheel Head,357.8415527
Line-6,Machine-43,24-02-2025 12:12,24-02-2025 12:18,Mechanical Defect,Automation,5.78516674
Line-6,Machine-43,24-02-2025 13:05,24-02-2025 13:12,Mechanical Defect,Automation,6.566816807
Line-6,Machine-43,03-03-2025 06:07,03-03-2025 06:34,Mechanical Defect,Lubrication,26.45771599
Line-6,Machine-43,08-03-2025 09:39,08-03-2025 09:57,Mechanical Defect,Coolant system,17.78879929
Line-6,Machine-43,09-03-2025 13:11,09-03-2025 13:24,Mechanical Defect,Hydraulics,12.6541338
Line-6,Machine-43,09-03-2025 13:53,09-03-2025 14:14,Mechanical Defect,Hydraulics,20.88698387
Line-6,Machine-43,13-03-2025 13:26,13-03-2025 13:31,Mechanical Defect,Orientation unit,5.138583183
Line-6,Machine-43,15-03-2025 11:12,15-03-2025 11:20,Mechanical Defect,Orientation unit,7.249733448
Line-6,Machine-43,15-03-2025 11:34,15-03-2025 11:39,Mechanical Defect,Automation,5.153950214
Line-6,Machine-43,18-03-2025 12:03,18-03-2025 12:34,Mechanical Defect,Coolant system,30.59934998
Line-6,Machine-43,19-03-2025 09:18,19-03-2025 09:27,Mechanical Defect,Orientation unit,8.646717072
Line-6,Machine-43,20-03-2025 06:09,20-03-2025 08:09,Mechanical Defect,Wheel Slide,120
Line-6,Machine-43,15-04-2025 13:25,15-04-2025 13:42,Mechanical Defect,Dresser unit,16.47113419
Line-6,Machine-43,15-04-2025 13:43,15-04-2025 14:14,Mechanical Defect,Dresser unit,30.90028381
Line-6,Machine-43,15-04-2025 06:00,15-04-2025 07:30,Mechanical Defect,Wheel Slide,90
Line-6,Machine-43,21-04-2025 12:09,21-04-2025 13:12,Mechanical Defect,Conveyor,63.38533401
Line-6,Machine-43,22-04-2025 08:00,22-04-2025 12:20,Mechanical Defect,Dresser unit,260.3844299
Line-6,Machine-43,23-04-2025 12:59,23-04-2025 13:53,Mechanical Defect,Hydraulics,54.20106506
Line-6,Machine-43,26-04-2025 10:41,26-04-2025 11:06,Mechanical Defect,Automation,25.08600044
Line-6,Machine-43,25-11-2024 14:31,25-11-2024 14:54,Mechanical Defect,Conveyor,22.74551582
Line-6,Machine-43,26-11-2024 22:28,26-11-2024 22:37,Mechanical Defect,Automation,9.839349747
Line-6,Machine-43,27-11-2024 18:21,27-11-2024 18:30,Mechanical Defect,Conveyor,9.381183624
Line-6,Machine-43,27-11-2024 18:59,27-11-2024 19:05,Mechanical Defect,Conveyor,5.776850224
Line-6,Machine-43,03-12-2024 18:33,03-12-2024 18:53,Mechanical Defect,Lubrication,20.0586338
Line-6,Machine-43,05-12-2024 19:06,05-12-2024 19:14,Mechanical Defect,Conveyor,8.061216354
Line-6,Machine-43,07-12-2024 19:56,07-12-2024 20:33,Mechanical Defect,Stone Pressing Unit,36.95916748
Line-6,Machine-43,31-12-2024 14:36,31-12-2024 14:44,Mechanical Defect,Lubrication,7.989900112
Line-6,Machine-43,01-01-2025 22:17,01-01-2025 22:32,Mechanical Defect,Lubrication,14.9225502
Line-6,Machine-43,02-01-2025 14:30,02-01-2025 14:35,Mechanical Defect,Orientation unit,5.087416649
Line-6,Machine-43,02-01-2025 15:39,02-01-2025 15:46,Mechanical Defect,Orientation unit,6.911766529
Line-6,Machine-43,02-01-2025 15:51,02-01-2025 15:57,Mechanical Defect,Orientation unit,6.568900108
Line-6,Machine-43,02-01-2025 17:06,02-01-2025 17:17,Mechanical Defect,Orientation unit,10.68473339
Line-6,Machine-43,17-01-2025 14:30,17-01-2025 14:49,Mechanical Defect,Coolant system,19.10725021
Line-6,Machine-43,22-01-2025 14:40,22-01-2025 15:02,Mechanical Defect,Hydraulics,22.72425079
Line-6,Machine-43,30-01-2025 14:58,30-01-2025 15:23,Mechanical Defect,Stone holder,25.52748299
Line-6,Machine-43,01-02-2025 14:30,01-02-2025 15:00,Mechanical Defect,Automation,29.90088272
Line-6,Machine-43,01-02-2025 15:12,01-02-2025 15:18,Mechanical Defect,Automation,6.583716869
Line-6,Machine-43,07-02-2025 16:46,07-02-2025 17:14,Mechanical Defect,Conveyor,28.38419914
Line-6,Machine-43,11-02-2025 18:51,11-02-2025 19:00,Mechanical Defect,Orientation unit,9.013250351
Line-6,Machine-43,11-02-2025 19:49,11-02-2025 19:58,Mechanical Defect,Orientation unit,9.499850273
Line-6,Machine-43,11-02-2025 20:01,11-02-2025 20:07,Mechanical Defect,Orientation unit,5.586383343
Line-6,Machine-43,11-02-2025 20:24,11-02-2025 20:42,Mechanical Defect,Orientation unit,18.20255089
Line-6,Machine-43,11-02-2025 22:16,11-02-2025 22:25,Mechanical Defect,Automation,8.717066765
Line-6,Machine-43,25-02-2025 14:51,25-02-2025 15:04,Mechanical Defect,Automation,13.21290016
Line-6,Machine-43,05-03-2025 21:33,05-03-2025 22:03,Mechanical Defect,Grinding wheel,29.96683311
Line-6,Machine-43,07-03-2025 22:43,07-03-2025 23:00,Mechanical Defect,Transfer Unit,16.67963409
Line-6,Machine-43,27-03-2025 17:11,27-03-2025 17:17,Mechanical Defect,Orientation unit,5.990183353
Line-6,Machine-43,03-04-2025 21:39,03-04-2025 22:17,Mechanical Defect,Ball Screw,37.89905167
Line-6,Machine-43,10-11-2024 03:30,10-11-2024 04:37,Mechanical Defect,Dresser unit,66.18306732
Line-6,Machine-43,11-11-2024 05:33,11-11-2024 05:46,Mechanical Defect,Lubrication,13.47599983
Line-6,Machine-43,18-11-2024 05:20,18-11-2024 05:37,Mechanical Defect,Lubrication,16.84959984
Line-6,Machine-43,25-11-2024 05:02,25-11-2024 05:14,Mechanical Defect,Lubrication,12.35070038
Line-6,Machine-43,25-11-2024 02:55,25-11-2024 03:42,Mechanical Defect,Conveyor,47.22181702
Line-6,Machine-43,25-11-2024 03:43,25-11-2024 03:56,Mechanical Defect,Conveyor,13.55941677
Line-6,Machine-43,25-11-2024 05:48,25-11-2024 06:00,Mechanical Defect,Conveyor,12.16273308
Line-6,Machine-43,26-11-2024 03:06,26-11-2024 04:53,Mechanical Defect,Automation,106.9386673
Line-6,Machine-43,26-11-2024 05:00,26-11-2024 05:32,Mechanical Defect,Automation,32.18688202
Line-6,Machine-43,09-12-2024 05:32,09-12-2024 05:44,Mechanical Defect,Lubrication,12.39266682
Line-6,Machine-43,31-12-2024 23:00,31-12-2024 23:13,Mechanical Defect,Lubrication,13.7204504
Line-6,Machine-43,11-01-2025 04:55,11-01-2025 05:05,Mechanical Defect,Conveyor,10.14273357
Line-6,Machine-43,16-01-2025 01:17,16-01-2025 02:14,Mechanical Defect,Dresser unit,56.7599678
Line-6,Machine-43,22-01-2025 01:59,22-01-2025 02:14,Mechanical Defect,Lubrication,14.5781498
Line-6,Machine-43,17-02-2025 01:54,17-02-2025 02:19,Mechanical Defect,Lubrication,25.62915039
Line-6,Machine-43,18-02-2025 02:03,18-02-2025 02:15,Mechanical Defect,Lubrication,11.48384953
Line-6,Machine-43,18-02-2025 02:20,18-02-2025 02:26,Mechanical Defect,Lubrication,6.00666666
Line-6,Machine-43,05-03-2025 23:00,05-03-2025 23:54,Mechanical Defect,Work Spindle,54.25918198
Line-6,Machine-43,08-03-2025 02:41,08-03-2025 02:53,Mechanical Defect,Lubrication,12.0892334
Line-6,Machine-43,11-03-2025 01:06,11-03-2025 01:24,Mechanical Defect,Coolant system,18.55011749
Line-6,Machine-43,11-03-2025 01:35,11-03-2025 01:52,Mechanical Defect,Coolant system,16.92468262
Line-6,Machine-43,17-03-2025 04:11,17-03-2025 04:20,Mechanical Defect,Hydraulics,9.019617081
Line-6,Machine-43,31-03-2025 04:55,31-03-2025 05:09,Mechanical Defect,Lubrication,13.62320042
Line-6,Machine-43,07-04-2025 04:06,07-04-2025 04:22,Mechanical Defect,Lubrication,16.78621674
Line-6,Machine-43,12-04-2025 03:12,12-04-2025 03:48,Mechanical Defect,Automation,35.59231567
Line-6,Machine-43,14-04-2025 02:05,14-04-2025 02:11,Mechanical Defect,Lubrication,6.729016781
Line-3,Machine-44,03-11-2024 08:45,03-11-2024 09:04,Mechanical Defect,Hydraulics,19.40511703
Line-3,Machine-44,07-11-2024 13:57,07-11-2024 14:02,Mechanical Defect,Lubrication,5.646033287
Line-3,Machine-44,09-11-2024 06:00,09-11-2024 07:17,Mechanical Defect,Wheel Head,77.17706299
Line-3,Machine-44,09-11-2024 11:49,09-11-2024 12:21,Mechanical Defect,Wheel Head,31.96473312
Line-3,Machine-44,15-11-2024 10:28,15-11-2024 10:33,Mechanical Defect,Automation,5.588233471
Line-3,Machine-44,14-12-2024 09:07,14-12-2024 10:35,Mechanical Defect,Hydraulics,87.74596405
Line-3,Machine-44,20-01-2025 13:27,20-01-2025 14:30,Mechanical Defect,Wheel Slide,62.37103271
Line-3,Machine-44,22-01-2025 14:17,22-01-2025 14:29,Mechanical Defect,Conveyor,11.74699974
Line-3,Machine-44,27-01-2025 06:17,27-01-2025 06:24,Mechanical Defect,Pneumatics,7.32371664
Line-3,Machine-44,01-04-2025 11:38,01-04-2025 11:46,Mechanical Defect,Grinding wheel,8.53243351
Line-3,Machine-44,02-04-2025 06:05,02-04-2025 06:13,Mechanical Defect,Conveyor,7.469783306
Line-3,Machine-44,04-04-2025 07:27,04-04-2025 07:40,Mechanical Defect,Lubrication,12.64903355
Line-3,Machine-44,17-04-2025 11:10,17-04-2025 11:19,Mechanical Defect,Lubrication,9.201250076
Line-3,Machine-44,28-04-2025 08:33,28-04-2025 08:39,Mechanical Defect,Lubrication,6.002999783
Line-3,Machine-44,01-05-2025 12:18,01-05-2025 12:43,Mechanical Defect,Automation,25.83818245
Line-3,Machine-44,04-11-2024 18:54,04-11-2024 19:20,Mechanical Defect,Lubrication,26.32601738
Line-3,Machine-44,14-11-2024 21:26,14-11-2024 21:31,Mechanical Defect,Automation,5.648200035
Line-3,Machine-44,16-11-2024 18:48,16-11-2024 18:56,Mechanical Defect,Automation,8.466600418
Line-3,Machine-44,16-11-2024 19:08,16-11-2024 19:19,Mechanical Defect,Automation,11.43881702
Line-3,Machine-44,03-12-2024 15:48,03-12-2024 16:21,Mechanical Defect,Automation,32.27271652
Line-3,Machine-44,14-12-2024 21:59,14-12-2024 22:20,Mechanical Defect,Hopper,20.61124992
Line-3,Machine-44,09-03-2025 21:56,09-03-2025 22:04,Mechanical Defect,Conveyor,7.525883198
Line-3,Machine-44,18-03-2025 16:42,18-03-2025 17:11,Mechanical Defect,Gauge Unit,29.58860016
Line-3,Machine-44,20-03-2025 17:59,20-03-2025 18:17,Mechanical Defect,Orientation unit,18.38401604
Line-3,Machine-44,20-03-2025 15:06,20-03-2025 15:15,Mechanical Defect,Oscillation,9.115599632
Line-3,Machine-44,20-03-2025 15:15,20-03-2025 15:32,Mechanical Defect,Oscillation,16.5896492
Line-3,Machine-44,05-04-2025 16:35,05-04-2025 16:44,Mechanical Defect,Oscillation,8.817633629
Line-3,Machine-44,05-04-2025 17:07,05-04-2025 17:22,Mechanical Defect,Oscillation,14.65061665
Line-3,Machine-44,05-04-2025 17:26,05-04-2025 17:39,Mechanical Defect,Oscillation,12.58728313
Line-3,Machine-44,05-04-2025 17:47,05-04-2025 17:59,Mechanical Defect,Oscillation,12.12073326
Line-3,Machine-44,01-12-2024 03:34,01-12-2024 03:39,Mechanical Defect,Automation,5.145483494
Line-3,Machine-44,04-12-2024 05:07,04-12-2024 05:13,Mechanical Defect,Automation,5.886099815
Line-3,Machine-44,10-12-2024 05:39,10-12-2024 05:48,Mechanical Defect,Automation,8.894267082
Line-3,Machine-44,19-12-2024 04:58,19-12-2024 05:05,Mechanical Defect,Conveyor,7.21811676
Line-3,Machine-44,10-01-2025 05:36,10-01-2025 05:43,Mechanical Defect,Automation,6.583350182
Line-3,Machine-44,06-02-2025 00:50,06-02-2025 00:56,Mechanical Defect,Coolant system,5.802816868
Line-3,Machine-44,11-02-2025 03:57,11-02-2025 04:22,Mechanical Defect,Lubrication,25.67149925
Line-3,Machine-44,13-02-2025 01:17,13-02-2025 01:31,Mechanical Defect,Lubrication,14.28740025
Line-3,Machine-44,13-02-2025 02:04,13-02-2025 02:11,Mechanical Defect,Lubrication,6.997533321
Line-3,Machine-44,18-02-2025 01:19,18-02-2025 01:33,Mechanical Defect,Stone Pressing Unit,14.37591648
Line-3,Machine-44,01-04-2025 02:26,01-04-2025 02:45,Mechanical Defect,Oscillation,18.81648254
Line-3,Machine-44,01-04-2025 03:32,01-04-2025 04:23,Mechanical Defect,Oscillation,50.65916824
Line-3,Machine-44,11-04-2025 01:22,11-04-2025 01:52,Mechanical Defect,Stone Pressing Unit,29.70138359
Line-3,Machine-44,22-04-2025 02:16,22-04-2025 02:22,Mechanical Defect,Demag,5.723166466
Line-9,Machine-45,03-12-2024 11:38,03-12-2024 11:50,Mechanical Defect,Grinding wheel,12.71850014
Line-9,Machine-45,07-01-2025 08:07,07-01-2025 08:21,Mechanical Defect,Wheel Head,13.44821644
Line-9,Machine-45,07-01-2025 09:03,07-01-2025 09:52,Mechanical Defect,Wheel Head,48.23521805
Line-9,Machine-45,07-01-2025 10:32,07-01-2025 14:23,Mechanical Defect,Wheel Head,231.7228241
Line-9,Machine-45,20-04-2025 10:44,20-04-2025 11:11,Mechanical Defect,Stone holder,27.08691597
Line-9,Machine-45,27-04-2025 06:30,27-04-2025 06:37,Mechanical Defect,Orientation unit,7.297550201
Line-9,Machine-45,11-11-2024 17:04,11-11-2024 17:23,Mechanical Defect,Pneumatics,18.59111595
Line-9,Machine-45,15-11-2024 20:36,15-11-2024 20:46,Mechanical Defect,Orientation unit,10.07940006
Line-9,Machine-45,16-11-2024 17:37,16-11-2024 17:45,Mechanical Defect,Automation,8.131016731
Line-9,Machine-45,16-11-2024 20:50,16-11-2024 20:55,Mechanical Defect,Automation,5.086733341
Line-9,Machine-45,16-11-2024 21:23,16-11-2024 21:30,Mechanical Defect,Automation,6.900066853
Line-9,Machine-45,15-12-2024 20:03,15-12-2024 20:12,Mechanical Defect,Orientation unit,9.249316216
Line-9,Machine-45,21-12-2024 18:25,21-12-2024 19:54,Mechanical Defect,Transfer Unit,88.56549835
Line-9,Machine-45,03-01-2025 22:18,03-01-2025 23:00,Mechanical Defect,Stone holder,41.71043396
Line-9,Machine-45,04-01-2025 16:14,04-01-2025 16:23,Mechanical Defect,Hopper,9.361666679
Line-9,Machine-45,08-02-2025 17:37,08-02-2025 17:58,Mechanical Defect,Stone Pressing Unit,20.93328285
Line-9,Machine-45,04-03-2025 17:11,04-03-2025 17:29,Mechanical Defect,Hydraulics,17.73466682
Line-9,Machine-45,13-03-2025 22:34,13-03-2025 22:57,Mechanical Defect,Dresser unit,22.66726685
Line-9,Machine-45,03-04-2025 16:51,03-04-2025 17:07,Mechanical Defect,Orientation unit,16.23329926
Line-9,Machine-45,13-04-2025 14:36,13-04-2025 14:53,Mechanical Defect,Stone holder,16.81228256
Line-9,Machine-45,14-04-2025 20:26,14-04-2025 20:43,Mechanical Defect,Hydraulics,16.40951729
Line-9,Machine-45,18-11-2024 01:52,18-11-2024 02:01,Mechanical Defect,Orientation unit,8.839533806
Line-9,Machine-45,03-12-2024 01:21,03-12-2024 02:04,Mechanical Defect,Lubrication,43.75754929
Line-9,Machine-45,11-12-2024 00:21,11-12-2024 00:28,Mechanical Defect,Orientation unit,7.542083263
Line-9,Machine-45,19-12-2024 05:17,19-12-2024 05:32,Mechanical Defect,Coolant system,15.1754837
Line-9,Machine-45,21-12-2024 00:15,21-12-2024 00:56,Mechanical Defect,Automation,40.71596527
Line-9,Machine-45,21-12-2024 01:12,21-12-2024 02:05,Mechanical Defect,Automation,52.69428253
Line-9,Machine-45,03-01-2025 23:00,04-01-2025 00:12,Mechanical Defect,Oscillation,71.97589874
Line-9,Machine-45,07-01-2025 00:00,07-01-2025 00:28,Mechanical Defect,Wheel Head,27.87533379
Line-9,Machine-45,08-01-2025 01:17,08-01-2025 01:23,Mechanical Defect,Automation,5.243066788
Line-9,Machine-45,08-01-2025 04:38,08-01-2025 04:43,Mechanical Defect,Automation,5.570216656
Line-9,Machine-45,12-01-2025 04:06,12-01-2025 04:18,Mechanical Defect,Hopper,12.38433361
Line-9,Machine-45,12-01-2025 04:28,12-01-2025 04:42,Mechanical Defect,Hopper,14.16488361
Line-9,Machine-45,12-01-2025 05:42,12-01-2025 06:00,Mechanical Defect,Hopper,17.55744934
Line-9,Machine-45,11-02-2025 23:43,11-02-2025 23:57,Mechanical Defect,Stone Pressing Unit,13.80566692
Line-9,Machine-45,12-02-2025 03:19,12-02-2025 03:32,Mechanical Defect,Stone Pressing Unit,13.55424976
Line-9,Machine-45,24-04-2025 01:00,24-04-2025 02:04,Mechanical Defect,Orientation unit,64.20805359
Line-9,Machine-45,01-05-2025 23:00,01-05-2025 23:32,Mechanical Defect,Coolant system,32.71735001
Line-6,Machine-46,16-11-2024 11:37,16-11-2024 11:43,Mechanical Defect,Automation,5.758349895
Line-6,Machine-46,04-12-2024 14:10,04-12-2024 14:16,Mechanical Defect,Automation,5.591133118
Line-6,Machine-46,05-12-2024 10:28,05-12-2024 10:34,Mechanical Defect,Automation,5.754966736
Line-6,Machine-46,09-12-2024 10:22,09-12-2024 10:27,Mechanical Defect,Conveyor,5.209866524
Line-6,Machine-46,09-12-2024 10:49,09-12-2024 10:55,Mechanical Defect,Conveyor,5.487033367
Line-6,Machine-46,09-12-2024 11:15,09-12-2024 11:22,Mechanical Defect,Conveyor,6.622749805
Line-6,Machine-46,09-12-2024 12:05,09-12-2024 12:15,Mechanical Defect,Conveyor,9.917966843
Line-6,Machine-46,27-12-2024 07:40,27-12-2024 07:45,Mechanical Defect,Conveyor,5.014900208
Line-6,Machine-46,27-12-2024 07:54,27-12-2024 08:04,Mechanical Defect,Conveyor,9.326049805
Line-6,Machine-46,02-01-2025 10:01,02-01-2025 10:38,Mechanical Defect,Automation,37.55903244
Line-6,Machine-46,09-01-2025 10:51,09-01-2025 10:57,Mechanical Defect,Conveyor,6.288683414
Line-6,Machine-46,10-01-2025 07:28,10-01-2025 10:12,Mechanical Defect,Dresser unit,163.9515076
Line-6,Machine-46,10-01-2025 10:12,10-01-2025 10:32,Mechanical Defect,Dresser unit,20.09071732
Line-6,Machine-46,10-01-2025 11:42,10-01-2025 12:48,Mechanical Defect,Dresser unit,66.62421417
Line-6,Machine-46,10-01-2025 07:04,10-01-2025 07:15,Mechanical Defect,Hydraulics,10.61666679
Line-6,Machine-46,22-01-2025 14:18,22-01-2025 14:27,Mechanical Defect,Automation,9.592782974
Line-6,Machine-46,18-02-2025 09:15,18-02-2025 09:27,Mechanical Defect,Hydraulics,12.86308289
Line-6,Machine-46,02-03-2025 12:21,02-03-2025 12:27,Mechanical Defect,Automation,6.328516483
Line-6,Machine-46,13-03-2025 06:23,13-03-2025 06:29,Mechanical Defect,Automation,5.32648325
Line-6,Machine-46,16-03-2025 06:06,16-03-2025 06:11,Mechanical Defect,Coolant system,5.189400196
Line-6,Machine-46,31-03-2025 06:34,31-03-2025 06:54,Mechanical Defect,Lubrication,19.23455048
Line-6,Machine-46,28-04-2025 08:12,28-04-2025 08:26,Mechanical Defect,Lubrication,14.52534962
Line-6,Machine-46,15-11-2024 17:06,15-11-2024 17:11,Mechanical Defect,Automation,5.348666668
Line-6,Machine-46,09-12-2024 16:44,09-12-2024 17:15,Mechanical Defect,Work Spindle,31.16313362
Line-6,Machine-46,08-02-2025 14:58,08-02-2025 15:03,Mechanical Defect,Lubrication,5.067016602
Line-6,Machine-46,22-02-2025 17:45,22-02-2025 20:21,Mechanical Defect,Hydraulics,156.3998566
Line-6,Machine-46,25-02-2025 05:36,25-02-2025 06:00,Mechanical Defect,Conveyor,23.27425003
Line-6,Machine-46,12-03-2025 18:03,12-03-2025 20:17,Mechanical Defect,Wheel Head,133.8515167
Line-6,Machine-46,01-04-2025 19:48,01-04-2025 20:13,Mechanical Defect,Transfer Unit,24.71649933
Line-6,Machine-46,10-11-2024 23:42,11-11-2024 00:01,Mechanical Defect,Lubrication,18.78348351
Line-6,Machine-46,06-12-2024 03:57,06-12-2024 04:17,Mechanical Defect,Lubrication,20.41513252
Line-6,Machine-46,08-12-2024 01:22,08-12-2024 01:41,Mechanical Defect,Lubrication,18.05179977
Line-6,Machine-46,09-12-2024 23:25,10-12-2024 00:31,Mechanical Defect,Work Spindle,65.66228485
Line-6,Machine-46,10-12-2024 01:18,10-12-2024 02:39,Mechanical Defect,Work Spindle,81.19363403
Line-6,Machine-46,16-12-2024 00:39,16-12-2024 00:48,Mechanical Defect,Lubrication,8.624032974
Line-6,Machine-46,31-12-2024 03:11,31-12-2024 03:38,Mechanical Defect,Lubrication,26.75654984
Line-6,Machine-46,23-01-2025 04:47,23-01-2025 05:30,Mechanical Defect,Conveyor,43.10245132
Line-6,Machine-46,03-03-2025 02:19,03-03-2025 02:42,Mechanical Defect,Hydraulics,23.17663383
Line-6,Machine-46,05-03-2025 05:40,05-03-2025 05:45,Mechanical Defect,Conveyor,5.196366787
Line-6,Machine-46,09-03-2025 23:00,09-03-2025 23:07,Mechanical Defect,Lubrication,7.193049908
Line-6,Machine-46,17-03-2025 03:00,17-03-2025 03:40,Mechanical Defect,Hydraulics,39.52516556
Line-6,Machine-46,14-04-2025 02:53,14-04-2025 03:41,Mechanical Defect,Grinding wheel,48.00258255
Line-6,Machine-46,17-04-2025 13:54,17-04-2025 14:30,Mechanical Defect,Stone holder,35.91943359
Line-7,Machine-47,16-11-2024 08:30,16-11-2024 08:40,Mechanical Defect,Automation,9.950666428
Line-7,Machine-47,16-11-2024 13:54,16-11-2024 14:06,Mechanical Defect,Automation,12.41670036
Line-7,Machine-47,12-12-2024 13:28,12-12-2024 13:38,Mechanical Defect,Dresser unit,9.473633766
Line-7,Machine-47,12-12-2024 13:45,12-12-2024 13:52,Mechanical Defect,Dresser unit,6.65019989
Line-7,Machine-47,18-12-2024 11:10,18-12-2024 11:47,Mechanical Defect,Stone holder,37.00204849
Line-7,Machine-47,31-12-2024 09:30,31-12-2024 11:21,Mechanical Defect,Pneumatics,110.8877335
Line-7,Machine-47,13-01-2025 13:50,13-01-2025 13:57,Mechanical Defect,Dresser unit,6.688199997
Line-7,Machine-47,26-02-2025 11:34,26-02-2025 11:47,Mechanical Defect,Work Head,12.42633343
Line-7,Machine-47,10-03-2025 07:49,10-03-2025 07:58,Mechanical Defect,Automation,9.194366455
Line-7,Machine-47,26-04-2025 09:20,26-04-2025 09:33,Mechanical Defect,Aerolide slide,12.60824966
Line-7,Machine-47,06-11-2024 20:12,06-11-2024 20:18,Mechanical Defect,Dresser unit,6.164383411
Line-7,Machine-47,05-12-2024 22:29,05-12-2024 22:55,Mechanical Defect,Conveyor,25.76346588
Line-7,Machine-47,09-12-2024 23:58,10-12-2024 00:29,Mechanical Defect,Automation,30.79369926
Line-7,Machine-47,31-12-2024 01:34,31-12-2024 02:30,Mechanical Defect,Grinding wheel,55.45085144
Line-7,Machine-48,01-01-2025 14:00,01-01-2025 14:09,Mechanical Defect,Pneumatics,9.750483513
Line-7,Machine-48,09-01-2025 01:34,09-01-2025 01:40,Mechanical Defect,Automation,5.568383217
Line-3,Machine-49,16-11-2024 06:00,16-11-2024 06:31,Mechanical Defect,Oscillation,31.07905006
Line-3,Machine-49,16-11-2024 06:39,16-11-2024 07:05,Mechanical Defect,Oscillation,25.61998367
Line-3,Machine-49,21-11-2024 06:27,21-11-2024 08:13,Mechanical Defect,Traverse Unit,105.3391342
Line-3,Machine-49,02-12-2024 08:22,02-12-2024 11:33,Mechanical Defect,Grinding wheel,190.221344
Line-3,Machine-49,05-12-2024 13:35,05-12-2024 13:44,Mechanical Defect,Coolant system,8.306866646
Line-3,Machine-49,06-01-2025 08:59,06-01-2025 09:07,Mechanical Defect,Orientation unit,8.212583542
Line-3,Machine-49,06-01-2025 09:34,06-01-2025 09:41,Mechanical Defect,Orientation unit,6.734499931
Line-3,Machine-49,05-02-2025 07:43,05-02-2025 08:12,Mechanical Defect,Conveyor,29.31778336
Line-3,Machine-49,13-02-2025 07:42,13-02-2025 08:34,Mechanical Defect,Conveyor,51.94366837
Line-3,Machine-49,13-02-2025 09:53,13-02-2025 11:25,Mechanical Defect,Conveyor,92.34631348
Line-3,Machine-49,13-02-2025 12:59,13-02-2025 13:08,Mechanical Defect,Conveyor,8.665133476
Line-3,Machine-49,13-02-2025 13:12,13-02-2025 13:20,Mechanical Defect,Conveyor,7.978600025
Line-3,Machine-49,13-02-2025 13:51,13-02-2025 13:57,Mechanical Defect,Conveyor,5.497300148
Line-3,Machine-49,13-02-2025 14:04,13-02-2025 14:30,Mechanical Defect,Conveyor,25.8983326
Line-3,Machine-49,13-02-2025 13:22,13-02-2025 13:40,Mechanical Defect,Automation,18.12350082
Line-3,Machine-49,14-02-2025 12:59,14-02-2025 13:13,Mechanical Defect,Conveyor,13.97091675
Line-3,Machine-49,14-02-2025 13:45,14-02-2025 13:50,Mechanical Defect,Conveyor,5.494416714
Line-3,Machine-49,14-02-2025 13:53,14-02-2025 14:02,Mechanical Defect,Conveyor,8.78101635
Line-3,Machine-49,04-03-2025 06:24,04-03-2025 06:38,Mechanical Defect,Oscillation,13.97381687
Line-3,Machine-49,09-03-2025 07:53,09-03-2025 08:00,Mechanical Defect,Oscillation,6.725816727
Line-3,Machine-49,09-04-2025 08:06,09-04-2025 08:13,Mechanical Defect,Hydraulics,7.138116837
Line-3,Machine-49,20-04-2025 13:20,20-04-2025 13:33,Mechanical Defect,Conveyor,13.17691708
Line-3,Machine-49,15-11-2024 17:33,15-11-2024 17:38,Mechanical Defect,Automation,5.171483517
Line-3,Machine-49,06-12-2024 21:06,06-12-2024 21:14,Mechanical Defect,Conveyor,7.842683315
Line-3,Machine-49,06-12-2024 22:07,06-12-2024 22:17,Mechanical Defect,Conveyor,9.419366837
Line-3,Machine-49,09-01-2025 21:17,09-01-2025 21:48,Mechanical Defect,Hopper,31.19523239
Line-3,Machine-49,13-01-2025 15:48,13-01-2025 15:54,Mechanical Defect,Conveyor,6.016633511
Line-3,Machine-49,13-01-2025 17:07,13-01-2025 17:16,Mechanical Defect,Conveyor,8.843566895
Line-3,Machine-49,13-01-2025 17:23,13-01-2025 17:29,Mechanical Defect,Conveyor,5.967649937
Line-3,Machine-49,30-01-2025 19:19,30-01-2025 19:44,Mechanical Defect,Conveyor,24.60901642
Line-3,Machine-49,25-02-2025 15:42,25-02-2025 15:54,Mechanical Defect,Orientation unit,12.40756702
Line-3,Machine-49,25-02-2025 14:43,25-02-2025 14:54,Mechanical Defect,Conveyor,11.62380028
Line-3,Machine-49,09-03-2025 20:58,09-03-2025 21:11,Mechanical Defect,Orientation unit,13.17256641
Line-3,Machine-49,26-03-2025 18:24,26-03-2025 18:30,Mechanical Defect,Dresser unit,5.725316525
Line-3,Machine-49,26-03-2025 17:06,26-03-2025 17:40,Mechanical Defect,Orientation unit,34.30531693
Line-3,Machine-49,26-03-2025 18:16,26-03-2025 18:24,Mechanical Defect,Orientation unit,7.986066818
Line-3,Machine-49,26-03-2025 19:18,26-03-2025 19:45,Mechanical Defect,Orientation unit,26.87991714
Line-3,Machine-49,26-03-2025 20:03,26-03-2025 20:10,Mechanical Defect,Orientation unit,6.283750057
Line-3,Machine-49,26-03-2025 20:15,26-03-2025 20:26,Mechanical Defect,Orientation unit,11.10646629
Line-3,Machine-49,26-03-2025 20:46,26-03-2025 20:57,Mechanical Defect,Orientation unit,10.30621624
Line-3,Machine-49,26-03-2025 21:30,26-03-2025 21:40,Mechanical Defect,Orientation unit,9.716750145
Line-3,Machine-49,26-03-2025 21:42,26-03-2025 21:49,Mechanical Defect,Orientation unit,7.422399998
Line-3,Machine-49,26-03-2025 22:03,26-03-2025 22:41,Mechanical Defect,Orientation unit,38.33028412
Line-3,Machine-49,26-03-2025 22:46,26-03-2025 23:00,Mechanical Defect,Orientation unit,13.87543297
Line-3,Machine-49,17-04-2025 21:19,17-04-2025 21:33,Mechanical Defect,Automation,13.80850029
Line-3,Machine-49,17-04-2025 22:04,17-04-2025 22:30,Mechanical Defect,Automation,26.1977005
Line-3,Machine-49,17-04-2025 22:47,17-04-2025 23:00,Mechanical Defect,Automation,12.75876713
Line-3,Machine-49,18-04-2025 15:54,18-04-2025 16:08,Mechanical Defect,Conveyor,14.30911636
Line-3,Machine-49,15-11-2024 03:30,15-11-2024 03:36,Mechanical Defect,Automation,5.806566715
Line-3,Machine-49,15-11-2024 05:18,15-11-2024 05:24,Mechanical Defect,Automation,6.602900028
Line-3,Machine-49,03-12-2024 02:52,03-12-2024 03:08,Mechanical Defect,Grinding wheel,16.15744972
Line-3,Machine-49,17-12-2024 03:03,17-12-2024 03:59,Mechanical Defect,Conveyor,56.60763168
Line-3,Machine-49,29-12-2024 03:49,29-12-2024 03:59,Mechanical Defect,Orientation unit,9.606183052
Line-3,Machine-49,29-12-2024 04:26,29-12-2024 04:32,Mechanical Defect,Orientation unit,5.801033497
Line-3,Machine-49,29-12-2024 04:33,29-12-2024 04:46,Mechanical Defect,Orientation unit,13.4967165
Line-3,Machine-49,29-12-2024 04:47,29-12-2024 04:53,Mechanical Defect,Orientation unit,6.438316822
Line-3,Machine-49,28-01-2025 05:54,28-01-2025 06:00,Mechanical Defect,Automation,5.63166666
Line-3,Machine-49,22-02-2025 01:27,22-02-2025 04:44,Mechanical Defect,Work Head,197.3868103
Line-3,Machine-49,25-02-2025 01:06,25-02-2025 02:54,Mechanical Defect,Stone Pressing Unit,107.8981705
Line-3,Machine-49,05-03-2025 23:13,05-03-2025 23:32,Mechanical Defect,Orientation unit,18.82038307
Line-3,Machine-49,07-04-2025 01:51,07-04-2025 02:37,Mechanical Defect,Conveyor,46.72438431
Line-17,Machine-50,29-11-2024 06:20,29-11-2024 06:28,Mechanical Defect,Lubrication,7.991449833
Line-17,Machine-50,07-12-2024 09:00,07-12-2024 09:47,Mechanical Defect,Automation,47.31023407
Line-17,Machine-50,12-12-2024 06:00,12-12-2024 06:40,Mechanical Defect,Aerolide slide,40.65818405
Line-17,Machine-50,03-01-2025 12:40,03-01-2025 12:55,Mechanical Defect,Automation,15.00144958
Line-17,Machine-50,08-01-2025 07:30,08-01-2025 07:45,Mechanical Defect,Hopper,15.00786686
Line-17,Machine-50,31-01-2025 07:00,31-01-2025 07:05,Mechanical Defect,Lubrication,5.005199909
Line-17,Machine-50,21-03-2025 06:30,21-03-2025 06:54,Mechanical Defect,Hopper,24.17639923
Line-17,Machine-50,24-03-2025 11:10,24-03-2025 11:16,Mechanical Defect,Lubrication,6.148616791
Line-17,Machine-50,09-04-2025 12:30,09-04-2025 13:14,Mechanical Defect,Automation,43.99219894
Line-17,Machine-50,09-04-2025 13:30,09-04-2025 14:00,Mechanical Defect,Automation,29.99591637
Line-17,Machine-50,30-04-2025 06:00,30-04-2025 07:21,Mechanical Defect,Automation,80.99866486
Line-17,Machine-50,08-01-2025 22:14,08-01-2025 22:33,Mechanical Defect,Hopper,19.00051689
Line-17,Machine-50,24-04-2025 16:25,24-04-2025 17:30,Mechanical Defect,Hydraulics,64.99861908
Line-17,Machine-50,24-04-2025 15:56,24-04-2025 16:24,Mechanical Defect,Lubrication,28.00516701
Line-17,Machine-50,02-01-2025 00:03,02-01-2025 00:40,Mechanical Defect,Pneumatics,37.01326752
Line-17,Machine-50,09-01-2025 00:00,09-01-2025 00:46,Mechanical Defect,Hopper,46
Line-17,Machine-50,21-03-2025 04:00,21-03-2025 04:30,Mechanical Defect,Conveyor,29.9850502
Line-17,Machine-50,05-04-2025 05:00,05-04-2025 05:20,Mechanical Defect,Hopper,20.00250053
Line-17,Machine-50,06-04-2025 05:00,06-04-2025 05:30,Mechanical Defect,Conveyor,30.00665092
Line-14,Machine-51,07-12-2024 12:10,07-12-2024 12:40,Mechanical Defect,Automation,29.99451637
Line-14,Machine-51,04-12-2024 14:30,04-12-2024 17:00,Mechanical Defect,Grinding wheel,150
Line-14,Machine-51,07-02-2025 22:30,07-02-2025 23:00,Mechanical Defect,Coolant system,30
Line-14,Machine-51,11-03-2025 18:30,11-03-2025 19:00,Mechanical Defect,Gauge Unit,29.99024963
Line-14,Machine-52,22-01-2025 08:15,22-01-2025 08:35,Mechanical Defect,Automation,20.00346756
Line-14,Machine-52,22-01-2025 11:17,22-01-2025 12:03,Mechanical Defect,Automation,46.00133514
Line-14,Machine-52,22-03-2025 11:40,22-03-2025 11:55,Mechanical Defect,Work Spindle,14.99918365
Line-14,Machine-52,14-04-2025 10:18,14-04-2025 10:41,Mechanical Defect,Grinding wheel,23.0041008
Line-14,Machine-52,21-01-2025 14:59,21-01-2025 15:30,Mechanical Defect,Automation,31
Line-14,Machine-52,21-01-2025 16:00,21-01-2025 16:18,Mechanical Defect,Automation,18
Line-14,Machine-52,22-01-2025 16:00,22-01-2025 16:25,Mechanical Defect,Automation,25
Line-14,Machine-52,01-03-2025 14:30,01-03-2025 15:30,Mechanical Defect,Coolant system,60.18396759
Line-14,Machine-52,20-03-2025 22:05,20-03-2025 22:33,Mechanical Defect,Conveyor,28.25453377
Line-14,Machine-52,15-04-2025 18:17,15-04-2025 22:05,Mechanical Defect,Conveyor,228.6376801
Line-14,Machine-52,26-12-2024 23:00,27-12-2024 02:00,Mechanical Defect,Oscillation,180
Line-14,Machine-52,27-12-2024 03:30,27-12-2024 06:00,Mechanical Defect,Oscillation,150
Line-14,Machine-52,05-01-2025 04:30,05-01-2025 06:00,Mechanical Defect,Grinding wheel,90
Line-14,Machine-52,16-01-2025 00:54,16-01-2025 01:15,Mechanical Defect,Stone Pressing Unit,21
Line-14,Machine-52,16-01-2025 01:36,16-01-2025 01:57,Mechanical Defect,Stone Pressing Unit,21
Line-14,Machine-52,02-04-2025 00:00,02-04-2025 01:30,Mechanical Defect,Grinding wheel,90
Line-14,Machine-53,08-11-2024 08:57,08-11-2024 09:20,Mechanical Defect,Work Head,23
Line-14,Machine-53,21-11-2024 09:30,21-11-2024 09:42,Mechanical Defect,Hydraulics,11.98799992
Line-14,Machine-53,21-11-2024 10:35,21-11-2024 10:51,Mechanical Defect,Hydraulics,16.23826599
Line-14,Machine-53,03-12-2024 07:10,03-12-2024 07:43,Mechanical Defect,Hydraulics,32.98813248
Line-14,Machine-53,17-12-2024 12:30,17-12-2024 14:00,Mechanical Defect,Grinding wheel,89.9974823
Line-14,Machine-53,17-12-2024 11:10,17-12-2024 12:15,Mechanical Defect,Dresser unit,64.99925232
Line-14,Machine-53,17-12-2024 11:30,17-12-2024 14:30,Mechanical Defect,Dresser unit,180
Line-14,Machine-53,19-12-2024 07:50,19-12-2024 08:14,Mechanical Defect,Automation,24
Line-14,Machine-53,19-12-2024 09:30,19-12-2024 09:52,Mechanical Defect,Automation,22
Line-14,Machine-53,19-12-2024 12:12,19-12-2024 12:47,Mechanical Defect,Automation,35
Line-14,Machine-53,28-12-2024 06:00,28-12-2024 06:30,Mechanical Defect,Conveyor,29.99826622
Line-14,Machine-53,28-12-2024 08:10,28-12-2024 08:55,Mechanical Defect,Conveyor,44.99013519
Line-14,Machine-53,09-01-2025 06:00,09-01-2025 08:54,Mechanical Defect,Dresser unit,174
Line-14,Machine-53,09-01-2025 12:42,09-01-2025 14:30,Mechanical Defect,Gauge Unit,108
Line-14,Machine-53,20-03-2025 09:34,20-03-2025 10:30,Mechanical Defect,Gauge Unit,55.99726486
Line-14,Machine-53,20-03-2025 10:30,20-03-2025 11:34,Mechanical Defect,Gauge Unit,64.0083313
Line-14,Machine-53,30-04-2025 07:32,30-04-2025 08:35,Mechanical Defect,Automation,63.42129898
Line-14,Machine-53,14-11-2024 19:50,14-11-2024 20:18,Mechanical Defect,Automation,27.99749947
Line-14,Machine-53,22-11-2024 22:00,22-11-2024 22:20,Mechanical Defect,Lubrication,20
Line-14,Machine-53,17-12-2024 14:30,17-12-2024 15:45,Mechanical Defect,Dresser unit,74.99373627
Line-14,Machine-53,17-12-2024 22:00,17-12-2024 22:45,Mechanical Defect,Dresser unit,45.00759888
Line-14,Machine-53,17-12-2024 16:50,17-12-2024 17:20,Mechanical Defect,Aerolide slide,30.00053406
Line-14,Machine-53,09-01-2025 14:30,09-01-2025 17:13,Mechanical Defect,Gauge Unit,162.9968719
Line-14,Machine-53,10-03-2025 14:37,10-03-2025 15:30,Mechanical Defect,Hydraulics,53
Line-14,Machine-53,22-03-2025 15:40,22-03-2025 16:08,Mechanical Defect,Hydraulics,28.01163292
Line-14,Machine-53,14-04-2025 18:26,14-04-2025 18:40,Mechanical Defect,Grinding wheel,14.7472496
Line-14,Machine-53,10-11-2024 02:00,10-11-2024 02:26,Mechanical Defect,Gauge Unit,26.0038662
Line-14,Machine-53,12-11-2024 05:19,12-11-2024 05:30,Mechanical Defect,Automation,11.00746632
Line-14,Machine-53,17-12-2024 02:00,17-12-2024 02:36,Mechanical Defect,Wheel Slide,36.00428391
Line-14,Machine-53,27-12-2024 23:17,28-12-2024 01:03,Mechanical Defect,Dresser unit,106.8364868
Line-14,Machine-53,09-01-2025 03:00,09-01-2025 05:00,Mechanical Defect,Dresser unit,120
Line-14,Machine-53,10-01-2025 00:05,10-01-2025 00:30,Mechanical Defect,Automation,24.99748421
Line-14,Machine-53,22-01-2025 23:00,22-01-2025 23:17,Mechanical Defect,Conveyor,17.00573349
Line-14,Machine-53,23-01-2025 00:00,23-01-2025 00:19,Mechanical Defect,Conveyor,19.00961685
Line-14,Machine-53,23-01-2025 01:10,23-01-2025 01:35,Mechanical Defect,Conveyor,24.99853325
Line-14,Machine-53,31-01-2025 04:40,31-01-2025 05:08,Mechanical Defect,Hydraulics,27.99358368
Line-14,Machine-53,16-02-2025 04:00,16-02-2025 04:20,Mechanical Defect,Hydraulics,19.99586678
Line-14,Machine-53,16-03-2025 02:00,16-03-2025 02:30,Mechanical Defect,Work Head,29.99453354
Line-14,Machine-53,20-03-2025 02:30,20-03-2025 03:00,Mechanical Defect,Coolant system,30
Line-13,Machine-54,04-11-2024 07:11,04-11-2024 07:47,Mechanical Defect,Dresser unit,36.42039871
Line-13,Machine-54,04-12-2024 07:21,04-12-2024 07:56,Mechanical Defect,Dresser unit,34.67589951
Line-13,Machine-54,04-12-2024 12:24,04-12-2024 12:45,Mechanical Defect,Dresser unit,21.03151703
Line-13,Machine-54,04-12-2024 12:50,04-12-2024 13:11,Mechanical Defect,Dresser unit,20.85943413
Line-13,Machine-54,06-12-2024 08:29,06-12-2024 08:35,Mechanical Defect,Automation,6.377016544
Line-13,Machine-54,09-12-2024 11:36,09-12-2024 12:25,Mechanical Defect,Hydraulics,48.21315002
Line-13,Machine-54,21-12-2024 12:30,21-12-2024 14:30,Mechanical Defect,Grinding wheel,119.9160538
Line-13,Machine-54,31-12-2024 12:50,31-12-2024 13:06,Mechanical Defect,Dresser unit,16.37129974
Line-13,Machine-54,01-01-2025 13:57,01-01-2025 14:30,Mechanical Defect,Pneumatics,32.31078339
Line-13,Machine-54,03-01-2025 11:35,03-01-2025 11:40,Mechanical Defect,Coolant system,5.280583382
Line-13,Machine-54,07-01-2025 11:48,07-01-2025 11:58,Mechanical Defect,Coolant system,9.318583488
Line-13,Machine-54,07-01-2025 12:03,07-01-2025 12:10,Mechanical Defect,Coolant system,6.805716515
Line-13,Machine-54,08-01-2025 08:08,08-01-2025 08:19,Mechanical Defect,Coolant system,11.03894997
Line-13,Machine-54,08-01-2025 13:43,08-01-2025 13:50,Mechanical Defect,Coolant system,6.38708353
Line-13,Machine-54,10-01-2025 10:53,10-01-2025 13:10,Mechanical Defect,Conveyor,136.478714
Line-13,Machine-54,16-01-2025 10:42,16-01-2025 10:57,Mechanical Defect,Dresser unit,15.49335003
Line-13,Machine-54,20-01-2025 06:00,20-01-2025 06:05,Mechanical Defect,Conveyor,5.825699806
Line-13,Machine-54,01-02-2025 07:23,01-02-2025 07:48,Mechanical Defect,Dresser unit,24.84569931
Line-13,Machine-54,01-02-2025 08:11,01-02-2025 08:35,Mechanical Defect,Dresser unit,24.3106842
Line-13,Machine-54,01-02-2025 10:02,01-02-2025 10:33,Mechanical Defect,Dresser unit,31.25415039
Line-13,Machine-54,01-02-2025 10:46,01-02-2025 12:11,Mechanical Defect,Dresser unit,85.73468018
Line-13,Machine-54,01-02-2025 13:31,01-02-2025 14:30,Mechanical Defect,Dresser unit,58.55938339
Line-13,Machine-54,04-02-2025 07:30,04-02-2025 09:10,Mechanical Defect,Wheel Head,99.99826813
Line-13,Machine-54,16-03-2025 06:00,16-03-2025 07:01,Mechanical Defect,Dresser unit,61.4431839
Line-13,Machine-54,17-03-2025 06:24,17-03-2025 07:31,Mechanical Defect,Pneumatics,67.17668152
Line-13,Machine-54,25-03-2025 06:27,25-03-2025 06:36,Mechanical Defect,Coolant system,9.236633301
Line-13,Machine-54,04-04-2025 09:16,04-04-2025 09:24,Mechanical Defect,Dresser unit,8.377449989
Line-13,Machine-54,05-04-2025 09:10,05-04-2025 09:25,Mechanical Defect,Dresser unit,15.39750004
Line-13,Machine-54,20-04-2025 06:58,20-04-2025 07:11,Mechanical Defect,Dresser unit,12.41954994
Line-13,Machine-54,20-04-2025 07:13,20-04-2025 07:19,Mechanical Defect,Dresser unit,6.36258316
Line-13,Machine-54,20-04-2025 07:21,20-04-2025 07:33,Mechanical Defect,Dresser unit,12.05108356
Line-13,Machine-54,20-04-2025 07:54,20-04-2025 07:59,Mechanical Defect,Dresser unit,5.41653347
Line-13,Machine-54,30-04-2025 10:53,30-04-2025 11:16,Mechanical Defect,Pneumatics,23.39660072
Line-13,Machine-54,03-12-2024 18:05,03-12-2024 19:10,Mechanical Defect,Hydraulics,65.00920105
Line-13,Machine-54,21-12-2024 17:54,21-12-2024 20:41,Mechanical Defect,Sensor Setting,166.7378235
Line-13,Machine-54,06-01-2025 20:53,06-01-2025 21:04,Mechanical Defect,Dresser unit,11.10789967
Line-13,Machine-54,09-01-2025 18:12,09-01-2025 18:22,Mechanical Defect,Dresser unit,9.81973362
Line-13,Machine-54,11-01-2025 15:06,11-01-2025 15:45,Mechanical Defect,Dresser unit,38.69660187
Line-13,Machine-54,16-01-2025 14:55,16-01-2025 15:02,Mechanical Defect,Lubrication,6.683849812
Line-13,Machine-54,17-01-2025 19:18,17-01-2025 19:26,Mechanical Defect,Dresser unit,7.202683449
Line-13,Machine-54,21-01-2025 17:22,21-01-2025 19:12,Mechanical Defect,Automation,110.1308823
Line-13,Machine-54,24-01-2025 15:53,24-01-2025 16:00,Mechanical Defect,Dresser unit,6.47871685
Line-13,Machine-54,30-01-2025 17:46,30-01-2025 18:10,Mechanical Defect,Dresser unit,24.22066689
Line-13,Machine-54,19-03-2025 19:48,19-03-2025 20:01,Mechanical Defect,Dresser unit,12.69328308
Line-13,Machine-54,19-03-2025 20:36,19-03-2025 20:45,Mechanical Defect,Dresser unit,9.574466705
Line-13,Machine-54,20-03-2025 15:03,20-03-2025 15:09,Mechanical Defect,Coolant system,5.734266758
Line-13,Machine-54,02-04-2025 15:48,02-04-2025 16:04,Mechanical Defect,Dresser unit,16.62283325
Line-13,Machine-54,02-04-2025 18:11,02-04-2025 18:39,Mechanical Defect,Dresser unit,27.95484924
Line-13,Machine-54,05-04-2025 20:31,05-04-2025 20:40,Mechanical Defect,Dresser unit,8.533183098
Line-13,Machine-54,13-04-2025 14:58,13-04-2025 15:07,Mechanical Defect,Oscillation,8.509532928
Line-13,Machine-54,13-04-2025 18:26,13-04-2025 19:04,Mechanical Defect,Conveyor,37.77643204
Line-13,Machine-54,01-05-2025 14:30,01-05-2025 14:55,Mechanical Defect,Coolant system,25.33045006
Line-13,Machine-54,04-11-2024 02:58,04-11-2024 03:54,Mechanical Defect,Oscillation,56.42565155
Line-13,Machine-54,10-01-2025 00:38,10-01-2025 00:51,Mechanical Defect,Grinding wheel,12.57248306
Line-13,Machine-54,16-03-2025 04:25,16-03-2025 04:40,Mechanical Defect,Hydraulics,14.68743324
Line-13,Machine-54,16-03-2025 04:46,16-03-2025 06:00,Mechanical Defect,Hydraulics,73.72944641
Line-13,Machine-54,20-03-2025 01:41,20-03-2025 02:30,Mechanical Defect,Conveyor,49.09928513
Line-13,Machine-54,04-04-2025 23:32,04-04-2025 23:41,Mechanical Defect,Dresser unit,9.509599686
Line-13,Machine-54,20-04-2025 04:08,20-04-2025 04:20,Mechanical Defect,Coolant system,12.43048286
Line-13,Machine-55,04-11-2024 06:04,04-11-2024 06:13,Mechanical Defect,Lubrication,8.926783562
Line-13,Machine-55,14-11-2024 06:21,14-11-2024 07:07,Mechanical Defect,Conveyor,46.33763504
Line-13,Machine-55,15-11-2024 14:06,15-11-2024 14:30,Mechanical Defect,Automation,23.47068405
Line-13,Machine-55,29-11-2024 13:21,29-11-2024 14:30,Mechanical Defect,Filter,69.81506348
Line-13,Machine-55,03-12-2024 06:03,03-12-2024 06:12,Mechanical Defect,Dresser unit,8.344866753
Line-13,Machine-55,14-12-2024 13:40,14-12-2024 13:45,Mechanical Defect,Conveyor,5.402433395
Line-13,Machine-55,17-12-2024 10:40,17-12-2024 11:24,Mechanical Defect,Conveyor,43.58338165
Line-13,Machine-55,21-12-2024 11:36,21-12-2024 11:56,Mechanical Defect,Grinding wheel,20.53451729
Line-13,Machine-55,28-12-2024 08:45,28-12-2024 08:51,Mechanical Defect,Lubrication,6.280466557
Line-13,Machine-55,30-12-2024 10:01,30-12-2024 10:23,Mechanical Defect,Lubrication,22.16906738
Line-13,Machine-55,20-01-2025 13:21,20-01-2025 13:34,Mechanical Defect,Lubrication,12.85283375
Line-13,Machine-55,20-02-2025 06:09,20-02-2025 06:18,Mechanical Defect,Dresser unit,9.50886631
Line-13,Machine-55,08-03-2025 09:02,08-03-2025 09:25,Mechanical Defect,Lubrication,22.7404995
Line-13,Machine-55,11-03-2025 10:29,11-03-2025 10:56,Mechanical Defect,Grinding wheel,27.0515995
Line-13,Machine-55,17-03-2025 11:32,17-03-2025 11:49,Mechanical Defect,Chiller,16.81088257
Line-13,Machine-55,18-03-2025 07:33,18-03-2025 08:07,Mechanical Defect,Chiller,33.99638367
Line-13,Machine-55,18-03-2025 10:37,18-03-2025 11:46,Mechanical Defect,Chiller,68.66860199
Line-13,Machine-55,08-11-2024 22:43,08-11-2024 22:57,Mechanical Defect,Dresser unit,14.14171696
Line-13,Machine-55,14-11-2024 19:23,14-11-2024 19:35,Mechanical Defect,Automation,11.91616631
Line-13,Machine-55,15-11-2024 21:09,15-11-2024 21:36,Mechanical Defect,Conveyor,26.31608391
Line-13,Machine-55,15-11-2024 18:47,15-11-2024 19:06,Mechanical Defect,Automation,18.44356728
Line-13,Machine-55,25-11-2024 15:57,25-11-2024 16:46,Mechanical Defect,Dresser unit,48.80649948
Line-13,Machine-55,02-12-2024 14:43,02-12-2024 15:00,Mechanical Defect,Dresser unit,16.84586716
Line-13,Machine-55,02-12-2024 15:04,02-12-2024 15:10,Mechanical Defect,Dresser unit,5.208033562
Line-13,Machine-55,02-12-2024 15:46,02-12-2024 16:09,Mechanical Defect,Dresser unit,22.36605072
Line-13,Machine-55,02-12-2024 16:13,02-12-2024 16:21,Mechanical Defect,Dresser unit,8.51451683
Line-13,Machine-55,12-12-2024 16:56,12-12-2024 23:00,Mechanical Defect,Conveyor,363.8749695
Line-13,Machine-55,19-03-2025 18:35,19-03-2025 19:22,Mechanical Defect,Dresser unit,47.76091766
Line-13,Machine-55,19-03-2025 20:01,19-03-2025 20:36,Mechanical Defect,Dresser unit,35.05641556
Line-13,Machine-55,30-03-2025 16:13,30-03-2025 17:00,Mechanical Defect,Chiller,47.16363144
Line-13,Machine-55,14-11-2024 00:48,14-11-2024 01:21,Mechanical Defect,Stone Pressing Unit,33.36706543
Line-13,Machine-55,29-11-2024 02:33,29-11-2024 02:49,Mechanical Defect,Coolant system,16.30783272
Line-13,Machine-55,29-11-2024 02:52,29-11-2024 03:59,Mechanical Defect,Coolant system,66.93714905
Line-13,Machine-55,29-11-2024 03:59,29-11-2024 04:10,Mechanical Defect,Coolant system,11.2845335
Line-13,Machine-55,27-12-2024 23:25,28-12-2024 02:00,Mechanical Defect,Grinding wheel,155.0375519
Line-13,Machine-55,09-03-2025 01:41,09-03-2025 01:51,Mechanical Defect,Grinding wheel,9.477283478
Line-13,Machine-55,09-03-2025 01:11,09-03-2025 01:22,Mechanical Defect,Coolant system,10.81213379
Line-13,Machine-55,09-03-2025 01:23,09-03-2025 01:31,Mechanical Defect,Coolant system,8.550533295
Line-13,Machine-55,10-03-2025 04:48,10-03-2025 05:17,Mechanical Defect,Conveyor,29.61408424
Line-13,Machine-55,10-03-2025 01:22,10-03-2025 02:05,Mechanical Defect,Coolant system,42.78646851
Line-13,Machine-55,16-03-2025 03:30,16-03-2025 04:03,Mechanical Defect,Coolant system,33.03440094
Line-13,Machine-55,17-03-2025 03:39,17-03-2025 03:47,Mechanical Defect,Chiller,7.995033264
Line-13,Machine-55,17-03-2025 03:52,17-03-2025 04:00,Mechanical Defect,Chiller,7.559800148
Line-13,Machine-55,17-03-2025 23:17,17-03-2025 23:43,Mechanical Defect,Wheel Head,26.34496689
Line-13,Machine-56,03-11-2024 06:00,03-11-2024 06:35,Mechanical Defect,Chiller,35.00266647
Line-13,Machine-56,25-11-2024 10:44,25-11-2024 11:15,Mechanical Defect,Dresser unit,30.63895035
Line-13,Machine-56,25-11-2024 11:16,25-11-2024 12:10,Mechanical Defect,Dresser unit,54.11496735
Line-13,Machine-56,13-12-2024 11:52,13-12-2024 14:30,Mechanical Defect,Conveyor,157.5961456
Line-13,Machine-56,21-12-2024 11:57,21-12-2024 12:30,Mechanical Defect,Grinding wheel,32.79306793
Line-13,Machine-56,25-12-2024 11:38,25-12-2024 12:03,Mechanical Defect,Dresser unit,25.09458351
Line-13,Machine-56,08-01-2025 07:48,08-01-2025 08:08,Mechanical Defect,Coolant system,20.31010056
Line-13,Machine-56,08-01-2025 11:04,08-01-2025 11:11,Mechanical Defect,Coolant system,6.576816559
Line-13,Machine-56,08-01-2025 11:18,08-01-2025 12:13,Mechanical Defect,Coolant system,54.91933441
Line-13,Machine-56,18-03-2025 12:15,18-03-2025 13:59,Mechanical Defect,Dresser unit,104.0210342
Line-13,Machine-56,15-11-2024 20:54,15-11-2024 21:09,Mechanical Defect,Conveyor,15.29726696
Line-13,Machine-56,20-11-2024 15:07,20-11-2024 15:21,Mechanical Defect,Chiller,13.59055042
Line-13,Machine-56,29-11-2024 20:48,29-11-2024 21:02,Mechanical Defect,Automation,13.81661701
Line-13,Machine-56,02-12-2024 15:16,02-12-2024 15:26,Mechanical Defect,Dresser unit,10.3927002
Line-13,Machine-56,06-12-2024 21:28,06-12-2024 21:48,Mechanical Defect,Conveyor,20.56328392
Line-13,Machine-56,06-12-2024 22:18,06-12-2024 22:30,Mechanical Defect,Conveyor,12.45058346
Line-13,Machine-56,14-12-2024 20:25,14-12-2024 21:00,Mechanical Defect,Lubrication,35.38404846
Line-13,Machine-56,15-12-2024 21:13,15-12-2024 21:30,Mechanical Defect,Lubrication,16.25148392
Line-13,Machine-56,25-12-2024 22:21,25-12-2024 22:26,Mechanical Defect,Automation,5.372766495
Line-13,Machine-56,07-01-2025 19:02,07-01-2025 19:59,Mechanical Defect,Dresser unit,57.23081589
Line-13,Machine-56,20-01-2025 15:17,20-01-2025 15:23,Mechanical Defect,Hydraulics,6.085199833
Line-13,Machine-56,21-01-2025 20:13,21-01-2025 20:21,Mechanical Defect,Automation,7.720900059
Line-13,Machine-56,24-01-2025 16:43,24-01-2025 16:56,Mechanical Defect,Dresser unit,13.2923336
Line-13,Machine-56,17-03-2025 22:06,17-03-2025 22:39,Mechanical Defect,Coolant system,33.45149994
Line-13,Machine-56,18-03-2025 16:32,18-03-2025 17:03,Mechanical Defect,Coolant system,30.07073402
Line-13,Machine-56,19-03-2025 15:58,19-03-2025 16:08,Mechanical Defect,Dresser unit,10.19028378
Line-13,Machine-56,19-03-2025 17:08,19-03-2025 18:01,Mechanical Defect,Dresser unit,52.55690002
Line-13,Machine-56,19-03-2025 19:22,19-03-2025 19:48,Mechanical Defect,Dresser unit,25.55685043
Line-13,Machine-56,16-04-2025 14:40,16-04-2025 15:12,Mechanical Defect,Lubrication,31.6432991
Line-13,Machine-56,17-04-2025 16:14,17-04-2025 17:29,Mechanical Defect,Conveyor,75.07942963
Line-13,Machine-56,10-12-2024 03:10,10-12-2024 03:31,Mechanical Defect,Lubrication,20.53474998
Line-13,Machine-56,03-01-2025 02:52,03-01-2025 03:44,Mechanical Defect,Conveyor,51.25673294
Line-13,Machine-56,09-03-2025 01:31,09-03-2025 01:41,Mechanical Defect,Grinding wheel,9.933233261
Line-13,Machine-56,16-03-2025 04:15,16-03-2025 04:24,Mechanical Defect,Hydraulics,8.957216263
Line-13,Machine-56,22-03-2025 02:31,22-03-2025 02:40,Mechanical Defect,Filter,9.547100067
Line-13,Machine-56,18-04-2025 02:11,18-04-2025 02:40,Mechanical Defect,Chiller,28.76101685
Line-1,Machine-57,19-11-2024 09:58,19-11-2024 10:30,Mechanical Defect,Grinding wheel,32.52500153
Line-1,Machine-57,11-01-2025 06:00,11-01-2025 06:11,Mechanical Defect,Automation,10.98341656
Line-1,Machine-57,29-01-2025 10:25,29-01-2025 10:34,Mechanical Defect,Automation,9.085550308
Line-1,Machine-57,13-02-2025 11:02,13-02-2025 11:22,Mechanical Defect,Grinding wheel,19.53199959
Line-1,Machine-57,13-02-2025 13:39,13-02-2025 13:45,Mechanical Defect,Grinding wheel,5.897566795
Line-1,Machine-57,15-02-2025 12:04,15-02-2025 12:24,Mechanical Defect,Grinding wheel,19.79181671
Line-1,Machine-57,13-03-2025 11:04,13-03-2025 14:30,Mechanical Defect,Hydraulics,205.3975677
Line-1,Machine-57,01-05-2025 07:57,01-05-2025 08:39,Mechanical Defect,Work Head,41.74300003
Line-1,Machine-57,15-11-2024 22:24,15-11-2024 22:29,Mechanical Defect,Automation,5.703866482
Line-1,Machine-57,18-11-2024 21:27,18-11-2024 22:04,Mechanical Defect,Work Head,36.7040329
Line-1,Machine-57,11-12-2024 14:57,11-12-2024 15:13,Mechanical Defect,Conveyor,15.22568321
Line-1,Machine-57,13-01-2025 20:43,13-01-2025 20:50,Mechanical Defect,Automation,6.070799828
Line-1,Machine-57,13-01-2025 21:30,13-01-2025 23:00,Mechanical Defect,Automation,89.99028015
Line-1,Machine-57,16-04-2025 22:49,16-04-2025 22:57,Mechanical Defect,Conveyor,7.632999897
Line-1,Machine-57,21-04-2025 17:35,21-04-2025 18:27,Mechanical Defect,Grinding wheel,51.74573517
Line-1,Machine-57,01-12-2024 02:41,01-12-2024 02:46,Mechanical Defect,Automation,5.157800198
Line-1,Machine-57,30-01-2025 01:44,30-01-2025 01:52,Mechanical Defect,Automation,8.693599701
Line-1,Machine-57,25-02-2025 00:59,25-02-2025 01:09,Mechanical Defect,Hydraulics,9.355866432
Line-13,Machine-58,09-11-2024 11:05,09-11-2024 11:52,Mechanical Defect,Oscillation,46.99710083
Line-13,Machine-58,13-11-2024 09:52,13-11-2024 10:40,Mechanical Defect,Conveyor,48.00746536
Line-13,Machine-58,24-11-2024 06:12,24-11-2024 06:41,Mechanical Defect,Stone holder,29.00786591
Line-13,Machine-58,24-11-2024 07:07,24-11-2024 09:11,Mechanical Defect,Stone Pressing Unit,124.4674835
Line-13,Machine-58,29-11-2024 13:00,29-11-2024 14:30,Mechanical Defect,Coolant system,90.00113678
Line-13,Machine-58,14-12-2024 12:21,14-12-2024 12:50,Mechanical Defect,Chiller,28.99813271
Line-13,Machine-58,14-12-2024 12:20,14-12-2024 12:50,Mechanical Defect,Coolant system,29.99853325
Line-13,Machine-58,16-12-2024 08:38,16-12-2024 11:05,Mechanical Defect,Work Head,146.9987946
Line-13,Machine-58,01-01-2025 14:00,01-01-2025 14:30,Mechanical Defect,Pneumatics,30.00020027
Line-13,Machine-58,07-01-2025 12:30,07-01-2025 13:40,Mechanical Defect,Conveyor,70.11260223
Line-13,Machine-58,09-01-2025 10:02,09-01-2025 11:03,Mechanical Defect,Conveyor,61.67734909
Line-13,Machine-58,11-01-2025 12:49,11-01-2025 13:05,Mechanical Defect,Conveyor,15.13726711
Line-13,Machine-58,22-01-2025 12:30,22-01-2025 14:30,Mechanical Defect,Stone Pressing Unit,120
Line-13,Machine-58,28-03-2025 13:45,28-03-2025 14:30,Mechanical Defect,Conveyor,44.99914932
Line-13,Machine-58,11-04-2025 07:15,11-04-2025 07:29,Mechanical Defect,Conveyor,13.99733353
Line-13,Machine-58,10-11-2024 15:00,10-11-2024 16:00,Mechanical Defect,Hydraulics,59.99655151
Line-13,Machine-58,15-11-2024 15:00,15-11-2024 15:20,Mechanical Defect,Automation,20.00079918
Line-13,Machine-58,05-12-2024 19:30,05-12-2024 20:24,Mechanical Defect,Hydraulics,54.13733292
Line-13,Machine-58,27-12-2024 14:49,27-12-2024 15:49,Mechanical Defect,Chiller,59.99933243
Line-13,Machine-58,07-01-2025 20:25,07-01-2025 21:14,Mechanical Defect,Chiller,48.99573517
Line-13,Machine-58,11-01-2025 20:00,11-01-2025 20:54,Mechanical Defect,Conveyor,54.00785065
Line-13,Machine-58,19-03-2025 20:40,19-03-2025 22:51,Mechanical Defect,Conveyor,131.2856445
Line-13,Machine-58,27-03-2025 22:33,27-03-2025 23:00,Mechanical Defect,Conveyor,27.01353264
Line-13,Machine-58,18-04-2025 17:40,18-04-2025 18:10,Mechanical Defect,Conveyor,30.01196671
Line-13,Machine-58,16-11-2024 02:36,16-11-2024 04:00,Mechanical Defect,Conveyor,83.99438477
Line-13,Machine-58,26-11-2024 02:40,26-11-2024 04:30,Mechanical Defect,Conveyor,110.0032349
Line-13,Machine-58,13-12-2024 00:04,13-12-2024 01:10,Mechanical Defect,Conveyor,66.00643158
Line-13,Machine-58,22-12-2024 03:30,22-12-2024 04:20,Mechanical Defect,Oscillation,50.01166534
Line-13,Machine-58,16-01-2025 02:00,16-01-2025 04:46,Mechanical Defect,Chiller,166.1123352
Line-13,Machine-58,17-03-2025 05:27,17-03-2025 06:00,Mechanical Defect,Conveyor,32.57445145
Line-13,Machine-58,19-03-2025 02:39,19-03-2025 03:05,Mechanical Defect,Conveyor,26.19118309
Line-13,Machine-58,20-03-2025 03:58,20-03-2025 04:22,Mechanical Defect,Conveyor,24.24783325
Line-6,Machine-59,13-11-2024 12:54,13-11-2024 13:58,Mechanical Defect,Conveyor,64.10710144
Line-6,Machine-59,18-11-2024 08:18,18-11-2024 08:27,Mechanical Defect,Automation,8.191116333
Line-6,Machine-59,18-11-2024 12:21,18-11-2024 12:27,Mechanical Defect,Automation,5.358500004
Line-6,Machine-59,21-11-2024 13:37,21-11-2024 14:05,Mechanical Defect,Stone holder,27.84386635
Line-6,Machine-59,24-11-2024 11:58,24-11-2024 12:26,Mechanical Defect,Stone holder,28.08441734
Line-6,Machine-59,24-11-2024 13:15,24-11-2024 13:41,Mechanical Defect,Stone holder,26.17128372
Line-6,Machine-59,26-11-2024 10:06,26-11-2024 10:12,Mechanical Defect,Conveyor,6.035766602
Line-6,Machine-59,27-11-2024 12:13,27-11-2024 12:38,Mechanical Defect,Grinding wheel,25.09411621
Line-6,Machine-59,27-11-2024 13:11,27-11-2024 13:43,Mechanical Defect,Grinding wheel,31.69786644
Line-6,Machine-59,27-11-2024 13:43,27-11-2024 14:30,Mechanical Defect,Grinding wheel,46.52429962
Line-6,Machine-59,08-12-2024 06:04,08-12-2024 06:12,Mechanical Defect,Stone Pressing Unit,8.155050278
Line-6,Machine-59,15-12-2024 10:25,15-12-2024 10:32,Mechanical Defect,Conveyor,7.402400017
Line-6,Machine-59,15-12-2024 11:32,15-12-2024 11:39,Mechanical Defect,Conveyor,7.426033497
Line-6,Machine-59,31-12-2024 08:01,31-12-2024 08:06,Mechanical Defect,Lubrication,5.627766609
Line-6,Machine-59,31-12-2024 11:57,31-12-2024 12:11,Mechanical Defect,Lubrication,14.17281628
Line-6,Machine-59,31-12-2024 06:00,31-12-2024 06:05,Mechanical Defect,Conveyor,5.069933414
Line-6,Machine-59,31-12-2024 06:05,31-12-2024 06:40,Mechanical Defect,Conveyor,34.6254158
Line-6,Machine-59,01-01-2025 14:11,01-01-2025 14:30,Mechanical Defect,Lubrication,18.20041656
Line-6,Machine-59,03-01-2025 12:04,03-01-2025 12:13,Mechanical Defect,Conveyor,9.800183296
Line-6,Machine-59,10-01-2025 08:31,10-01-2025 08:39,Mechanical Defect,Conveyor,7.413666725
Line-6,Machine-59,17-01-2025 13:47,17-01-2025 14:22,Mechanical Defect,Coolant system,35.04068375
Line-6,Machine-59,20-01-2025 13:04,20-01-2025 13:10,Mechanical Defect,Conveyor,5.618916512
Line-6,Machine-59,27-01-2025 11:55,27-01-2025 12:07,Mechanical Defect,Work Spindle,11.36188316
Line-6,Machine-59,30-01-2025 14:15,30-01-2025 14:30,Mechanical Defect,Work Head,14.97986698
Line-6,Machine-59,03-02-2025 07:09,03-02-2025 07:43,Mechanical Defect,Lubrication,34.17118454
Line-6,Machine-59,24-02-2025 09:14,24-02-2025 09:20,Mechanical Defect,Automation,5.887533188
Line-6,Machine-59,24-02-2025 12:01,24-02-2025 12:07,Mechanical Defect,Automation,5.712200165
Line-6,Machine-59,08-03-2025 06:10,08-03-2025 06:19,Mechanical Defect,Coolant system,9.27974987
Line-6,Machine-59,09-03-2025 13:45,09-03-2025 13:53,Mechanical Defect,Hydraulics,7.924483299
Line-6,Machine-59,10-03-2025 11:38,10-03-2025 11:44,Mechanical Defect,Lubrication,5.997666836
Line-6,Machine-59,10-03-2025 07:34,10-03-2025 08:03,Mechanical Defect,Coolant system,29.29953384
Line-6,Machine-59,11-03-2025 11:25,11-03-2025 11:37,Mechanical Defect,Wheel Head,12.32666683
Line-6,Machine-59,17-03-2025 06:52,17-03-2025 07:00,Mechanical Defect,Automation,7.812033176
Line-6,Machine-59,18-03-2025 10:31,18-03-2025 10:48,Mechanical Defect,Coolant system,17.52043343
Line-6,Machine-59,21-04-2025 11:30,21-04-2025 12:09,Mechanical Defect,Conveyor,38.96666718
Line-6,Machine-59,25-04-2025 06:33,25-04-2025 07:02,Mechanical Defect,Grinding wheel,29.30488396
Line-6,Machine-59,26-04-2025 09:55,26-04-2025 10:41,Mechanical Defect,Automation,46.14825058
Line-6,Machine-59,26-11-2024 21:22,26-11-2024 21:28,Mechanical Defect,Automation,5.965099812
Line-6,Machine-59,27-11-2024 18:07,27-11-2024 18:21,Mechanical Defect,Conveyor,14.28356647
Line-6,Machine-59,27-11-2024 14:30,27-11-2024 16:49,Mechanical Defect,Wheel Head,138.6351013
Line-6,Machine-59,05-12-2024 14:42,05-12-2024 14:53,Mechanical Defect,Conveyor,11.03114986
Line-6,Machine-59,07-12-2024 17:35,07-12-2024 19:10,Mechanical Defect,Stone Pressing Unit,95.02493286
Line-6,Machine-59,09-12-2024 22:02,09-12-2024 22:15,Mechanical Defect,Conveyor,13.36803341
Line-6,Machine-59,10-12-2024 18:09,10-12-2024 18:17,Mechanical Defect,Conveyor,7.995349884
Line-6,Machine-59,10-12-2024 14:43,10-12-2024 14:51,Mechanical Defect,Automation,7.786399841
Line-6,Machine-59,12-12-2024 14:45,12-12-2024 14:53,Mechanical Defect,Stone holder,8.268500328
Line-6,Machine-59,12-12-2024 15:02,12-12-2024 15:07,Mechanical Defect,Stone holder,5.477300167
Line-6,Machine-59,01-01-2025 14:30,01-01-2025 14:45,Mechanical Defect,Lubrication,14.94883347
Line-6,Machine-59,27-01-2025 18:56,27-01-2025 19:17,Mechanical Defect,Stone holder,20.50718307
Line-6,Machine-59,30-01-2025 15:23,30-01-2025 17:09,Mechanical Defect,Stone holder,105.6933823
Line-6,Machine-59,30-01-2025 17:12,30-01-2025 17:21,Mechanical Defect,Stone holder,9.388883591
Line-6,Machine-59,06-02-2025 22:40,06-02-2025 23:00,Mechanical Defect,Conveyor,19.35241699
Line-6,Machine-59,07-02-2025 14:30,07-02-2025 14:53,Mechanical Defect,Conveyor,22.97291756
Line-6,Machine-59,08-02-2025 21:20,08-02-2025 21:26,Mechanical Defect,Conveyor,5.464350224
Line-6,Machine-59,08-02-2025 22:25,08-02-2025 22:31,Mechanical Defect,Conveyor,5.950650215
Line-6,Machine-59,11-02-2025 22:08,11-02-2025 22:15,Mechanical Defect,Automation,7.63198328
Line-6,Machine-59,12-03-2025 19:22,12-03-2025 20:54,Mechanical Defect,Wheel Head,91.73563385
Line-6,Machine-59,16-03-2025 16:11,16-03-2025 16:21,Mechanical Defect,Orientation unit,9.850150108
Line-6,Machine-59,27-04-2025 15:48,27-04-2025 16:26,Mechanical Defect,Automation,37.96143341
Line-6,Machine-59,07-11-2024 23:53,07-11-2024 23:58,Mechanical Defect,Orientation unit,5.554866791
Line-6,Machine-59,21-11-2024 04:29,21-11-2024 05:00,Mechanical Defect,Conveyor,30.93461609
Line-6,Machine-59,25-11-2024 01:58,25-11-2024 02:37,Mechanical Defect,Conveyor,39.71915054
Line-6,Machine-59,25-11-2024 02:42,25-11-2024 02:49,Mechanical Defect,Conveyor,6.651450157
Line-6,Machine-59,24-11-2024 23:00,25-11-2024 01:15,Mechanical Defect,Work Spindle,135.3858795
Line-6,Machine-59,26-11-2024 02:33,26-11-2024 03:03,Mechanical Defect,Automation,29.66381645
Line-6,Machine-59,29-11-2024 04:18,29-11-2024 04:43,Mechanical Defect,Conveyor,24.97126579
Line-6,Machine-59,31-12-2024 05:40,31-12-2024 06:00,Mechanical Defect,Conveyor,19.7440834
Line-6,Machine-59,03-01-2025 04:53,03-01-2025 06:00,Mechanical Defect,Wheel Head,66.7818985
Line-6,Machine-59,11-01-2025 03:20,11-01-2025 03:25,Mechanical Defect,Conveyor,5.288750172
Line-6,Machine-59,26-01-2025 01:34,26-01-2025 01:43,Mechanical Defect,Conveyor,9.103466988
Line-6,Machine-59,11-04-2025 23:46,11-04-2025 23:52,Mechanical Defect,Automation,5.732166767
Line-6,Machine-59,12-04-2025 00:21,12-04-2025 00:27,Mechanical Defect,Automation,5.997749805
Line-6,Machine-59,12-04-2025 05:25,12-04-2025 05:37,Mechanical Defect,Automation,12.06674957
Line-2,Machine-60,14-11-2024 08:33,14-11-2024 08:47,Mechanical Defect,Automation,13.9001503
Line-2,Machine-60,07-12-2024 13:11,07-12-2024 13:26,Mechanical Defect,Automation,15.6409502
Line-2,Machine-60,10-12-2024 06:37,10-12-2024 06:56,Mechanical Defect,Automation,19.71696663
Line-2,Machine-60,10-12-2024 07:29,10-12-2024 07:36,Mechanical Defect,Automation,7.34100008
Line-2,Machine-60,10-12-2024 08:14,10-12-2024 08:24,Mechanical Defect,Automation,9.9395504
Line-2,Machine-60,31-12-2024 09:03,31-12-2024 09:17,Mechanical Defect,Hydraulics,13.38689995
Line-2,Machine-60,01-01-2025 12:13,01-01-2025 14:02,Mechanical Defect,Wheel Head,108.8646698
Line-2,Machine-60,13-02-2025 12:36,13-02-2025 12:41,Mechanical Defect,Automation,5.704400063
Line-2,Machine-60,14-02-2025 07:17,14-02-2025 07:26,Mechanical Defect,Hopper,9.074500084
Line-2,Machine-60,14-02-2025 07:41,14-02-2025 07:46,Mechanical Defect,Hopper,5.925799847
Line-2,Machine-60,26-02-2025 09:49,26-02-2025 10:51,Mechanical Defect,Pneumatics,61.45728302
Line-2,Machine-60,12-03-2025 12:15,12-03-2025 12:32,Mechanical Defect,Automation,17.7162838
Line-2,Machine-60,29-03-2025 10:13,29-03-2025 10:31,Mechanical Defect,Automation,17.32925034
Line-2,Machine-60,04-04-2025 07:40,04-04-2025 07:48,Mechanical Defect,Conveyor,7.940100193
Line-2,Machine-60,24-04-2025 06:45,24-04-2025 06:52,Mechanical Defect,Grinding wheel,6.515916824
Line-2,Machine-60,26-04-2025 06:32,26-04-2025 06:38,Mechanical Defect,Hopper,6.643733501
Line-2,Machine-60,26-04-2025 08:20,26-04-2025 08:31,Mechanical Defect,Hopper,10.98746681
Line-2,Machine-60,14-11-2024 16:26,14-11-2024 16:32,Mechanical Defect,Oscillation,6.566783428
Line-2,Machine-60,17-11-2024 16:30,17-11-2024 19:40,Mechanical Defect,Aerolide slide,189.528595
Line-2,Machine-60,20-11-2024 14:32,20-11-2024 15:20,Mechanical Defect,Oscillation,48.40763474
Line-2,Machine-60,20-11-2024 15:44,20-11-2024 15:50,Mechanical Defect,Oscillation,5.139166832
Line-2,Machine-60,23-11-2024 15:18,23-11-2024 17:08,Mechanical Defect,Hydraulics,109.8914032
Line-2,Machine-60,23-01-2025 15:28,23-01-2025 15:39,Mechanical Defect,Hopper,11.26896667
Line-2,Machine-60,11-02-2025 19:33,11-02-2025 19:40,Mechanical Defect,Hopper,6.857833385
Line-2,Machine-60,22-02-2025 16:43,22-02-2025 16:48,Mechanical Defect,Stone Pressing Unit,5.879099846
Line-2,Machine-60,22-02-2025 17:11,22-02-2025 17:21,Mechanical Defect,Stone Pressing Unit,10.20563316
Line-2,Machine-60,07-04-2025 17:33,07-04-2025 17:50,Mechanical Defect,Automation,17.54268265
Line-2,Machine-60,06-12-2024 23:03,06-12-2024 23:21,Mechanical Defect,Lubrication,17.83754921
Line-2,Machine-60,24-01-2025 03:14,24-01-2025 03:21,Mechanical Defect,Hopper,7.421533108
Line-5,Machine-61,30-01-2025 06:55,30-01-2025 07:20,Mechanical Defect,Lubrication,24.9914341
Line-5,Machine-61,30-01-2025 13:10,30-01-2025 14:30,Mechanical Defect,Oscillation,80.94941711
Line-5,Machine-61,21-02-2025 09:30,21-02-2025 12:00,Mechanical Defect,Hydraulics,150.4106293
Line-5,Machine-61,02-03-2025 12:30,02-03-2025 13:05,Mechanical Defect,Hydraulics,35.33440018
Line-5,Machine-61,02-03-2025 14:00,02-03-2025 14:30,Mechanical Defect,Hydraulics,29.25189972
Line-5,Machine-61,10-03-2025 06:00,10-03-2025 09:00,Mechanical Defect,Oscillation,180.3557129
Line-5,Machine-61,10-03-2025 09:00,10-03-2025 14:30,Mechanical Defect,Stone Pressing Unit,330.5862732
Line-5,Machine-61,09-04-2025 11:15,09-04-2025 13:33,Mechanical Defect,Stone Pressing Unit,138.3994293
Line-5,Machine-61,14-04-2025 07:00,14-04-2025 08:00,Mechanical Defect,Work Head,60.35993195
Line-5,Machine-61,17-12-2024 19:47,17-12-2024 20:00,Mechanical Defect,Automation,12.99703312
Line-5,Machine-61,13-02-2025 14:30,13-02-2025 23:00,Mechanical Defect,Hydraulics,510
Line-5,Machine-61,21-02-2025 14:30,21-02-2025 15:17,Mechanical Defect,Hydraulics,47.01440048
Line-5,Machine-61,02-03-2025 14:30,02-03-2025 15:10,Mechanical Defect,Hydraulics,40.00640106
Line-5,Machine-61,09-03-2025 14:30,09-03-2025 17:30,Mechanical Defect,Work Head,180
Line-5,Machine-61,09-03-2025 19:00,09-03-2025 23:00,Mechanical Defect,Work Head,240
Line-5,Machine-61,05-03-2025 01:00,05-03-2025 01:29,Mechanical Defect,Conveyor,28.99824905
Line-5,Machine-61,08-03-2025 23:00,09-03-2025 06:00,Mechanical Defect,Work Head,420
Line-5,Machine-61,09-03-2025 23:00,10-03-2025 06:00,Mechanical Defect,Work Head,420
Line-5,Machine-61,10-03-2025 23:00,11-03-2025 02:30,Mechanical Defect,Work Head,210.004364
Line-5,Machine-61,18-03-2025 05:00,18-03-2025 05:30,Mechanical Defect,Grinding wheel,30.00004959
Line-5,Machine-61,03-04-2025 00:00,03-04-2025 00:06,Mechanical Defect,Automation,5.991600037
Line-5,Machine-61,03-04-2025 01:00,03-04-2025 01:13,Mechanical Defect,Automation,13.23445034
Line-2,Machine-62,20-11-2024 11:01,20-11-2024 11:44,Mechanical Defect,Grinding wheel,43.47411728
Line-2,Machine-62,04-12-2024 13:43,04-12-2024 13:55,Mechanical Defect,Automation,11.68276691
Line-2,Machine-62,10-12-2024 07:59,10-12-2024 08:08,Mechanical Defect,Automation,8.416283607
Line-2,Machine-62,01-01-2025 14:02,01-01-2025 14:13,Mechanical Defect,Wheel Head,11.06693363
Line-2,Machine-62,01-01-2025 12:06,01-01-2025 12:13,Mechanical Defect,Wheel spindle,7.032866478
Line-2,Machine-62,03-01-2025 10:44,03-01-2025 14:30,Mechanical Defect,Work Head,225.9690094
Line-2,Machine-62,12-02-2025 12:31,12-02-2025 14:15,Mechanical Defect,Work Spindle,104.15728
Line-2,Machine-62,14-02-2025 07:35,14-02-2025 07:40,Mechanical Defect,Hopper,5.465666771
Line-2,Machine-62,22-02-2025 13:04,22-02-2025 14:07,Mechanical Defect,Wheel Head,62.5475502
Line-2,Machine-62,12-03-2025 13:08,12-03-2025 13:16,Mechanical Defect,Automation,7.17808342
Line-2,Machine-62,04-04-2025 06:51,04-04-2025 07:06,Mechanical Defect,Conveyor,14.9208498
Line-2,Machine-62,04-04-2025 13:26,04-04-2025 13:33,Mechanical Defect,Conveyor,6.694650173
Line-2,Machine-62,15-04-2025 12:54,15-04-2025 12:59,Mechanical Defect,Hopper,5.203483105
Line-2,Machine-62,16-04-2025 13:37,16-04-2025 14:14,Mechanical Defect,Coolant system,37.04376602
Line-2,Machine-62,26-04-2025 06:42,26-04-2025 06:50,Mechanical Defect,Hopper,8.214249611
Line-2,Machine-62,14-11-2024 16:41,14-11-2024 16:50,Mechanical Defect,Oscillation,9.119366646
Line-2,Machine-62,03-12-2024 21:15,03-12-2024 21:40,Mechanical Defect,Stone Pressing Unit,24.93451691
Line-2,Machine-62,16-01-2025 17:19,16-01-2025 17:29,Mechanical Defect,Hydraulics,10.00426674
Line-2,Machine-62,28-03-2025 16:07,28-03-2025 16:25,Mechanical Defect,Automation,18.20583344
Line-2,Machine-62,07-04-2025 17:50,07-04-2025 18:03,Mechanical Defect,Automation,12.99451637
Line-2,Machine-62,21-02-2025 01:32,21-02-2025 01:48,Mechanical Defect,Coolant system,16.4864006
Line-2,Machine-62,12-04-2025 01:08,12-04-2025 01:22,Mechanical Defect,Lubrication,13.95619965
Line-15,Machine-63,04-11-2024 08:57,04-11-2024 09:06,Mechanical Defect,Hydraulics,8.142116547
Line-15,Machine-63,13-11-2024 09:18,13-11-2024 09:25,Mechanical Defect,Hydraulics,6.642983437
Line-15,Machine-63,07-12-2024 06:00,07-12-2024 06:33,Mechanical Defect,Automation,33.68341827
Line-15,Machine-63,09-12-2024 09:44,09-12-2024 12:46,Mechanical Defect,Oscillation,181.7974396
Line-15,Machine-63,17-12-2024 14:09,17-12-2024 14:23,Mechanical Defect,Aerolide slide,13.45251656
Line-15,Machine-63,18-12-2024 06:33,18-12-2024 06:52,Mechanical Defect,Hydraulics,19.4260006
Line-15,Machine-63,06-01-2025 13:32,06-01-2025 13:47,Mechanical Defect,Hydraulics,14.89474964
Line-15,Machine-63,08-01-2025 08:04,08-01-2025 08:12,Mechanical Defect,Oscillation,8.933382988
Line-15,Machine-63,18-01-2025 12:38,18-01-2025 13:00,Mechanical Defect,Coolant system,21.92259979
Line-15,Machine-63,13-02-2025 13:19,13-02-2025 13:47,Mechanical Defect,Oscillation,28.03338242
Line-15,Machine-63,25-02-2025 14:11,25-02-2025 14:17,Mechanical Defect,Conveyor,5.233166695
Line-15,Machine-63,19-03-2025 12:17,19-03-2025 12:23,Mechanical Defect,Conveyor,6.06619978
Line-15,Machine-63,21-03-2025 07:06,21-03-2025 07:17,Mechanical Defect,Hydraulics,10.19156647
Line-15,Machine-63,27-03-2025 13:18,27-03-2025 13:36,Mechanical Defect,Stone Pressing Unit,17.62565041
Line-15,Machine-63,15-04-2025 13:06,15-04-2025 13:15,Mechanical Defect,Conveyor,8.839166641
Line-15,Machine-63,01-05-2025 12:34,01-05-2025 12:47,Mechanical Defect,Lubrication,12.64764977
Line-15,Machine-63,01-05-2025 13:54,01-05-2025 14:02,Mechanical Defect,Lubrication,7.882283211
Line-15,Machine-63,03-11-2024 21:59,03-11-2024 22:23,Mechanical Defect,Hydraulics,24.3664341
Line-15,Machine-63,16-11-2024 22:54,16-11-2024 23:00,Mechanical Defect,Automation,5.880549908
Line-15,Machine-63,17-11-2024 14:30,17-11-2024 15:01,Mechanical Defect,Conveyor,30.83309937
Line-15,Machine-63,11-12-2024 20:06,11-12-2024 20:17,Mechanical Defect,Stone holder,11.45088291
Line-15,Machine-63,02-04-2025 15:34,02-04-2025 15:53,Mechanical Defect,Hopper,18.34903336
Line-15,Machine-63,13-04-2025 17:01,13-04-2025 17:15,Mechanical Defect,Conveyor,13.79333305
Line-15,Machine-63,13-04-2025 19:11,13-04-2025 20:06,Mechanical Defect,Conveyor,55.28523254
Line-15,Machine-63,13-04-2025 20:13,13-04-2025 20:24,Mechanical Defect,Conveyor,10.81753349
Line-15,Machine-63,13-04-2025 22:04,13-04-2025 22:29,Mechanical Defect,Conveyor,25.41988373
Line-15,Machine-63,13-11-2024 05:36,13-11-2024 05:59,Mechanical Defect,Automation,23.63718414
Line-15,Machine-63,07-12-2024 05:42,07-12-2024 06:00,Mechanical Defect,Conveyor,17.87698364
Line-15,Machine-63,09-12-2024 04:21,09-12-2024 04:44,Mechanical Defect,Conveyor,23.65895081
Line-15,Machine-63,27-12-2024 04:43,27-12-2024 06:00,Mechanical Defect,Grinding wheel,76.86146545
Line-15,Machine-63,26-01-2025 03:35,26-01-2025 05:37,Mechanical Defect,Conveyor,121.8644333
Line-15,Machine-63,29-01-2025 05:38,29-01-2025 05:44,Mechanical Defect,Hydraulics,6.506800175
Line-15,Machine-63,17-03-2025 05:03,17-03-2025 05:19,Mechanical Defect,Hydraulics,15.7656498
Line-15,Machine-64,10-12-2024 07:11,10-12-2024 07:16,Mechanical Defect,Conveyor,5.071766853
Line-15,Machine-64,10-12-2024 08:04,10-12-2024 08:18,Mechanical Defect,Conveyor,14.28271675
Line-15,Machine-64,17-12-2024 13:38,17-12-2024 14:09,Mechanical Defect,Aerolide slide,31.61756706
Line-15,Machine-64,01-02-2025 07:20,01-02-2025 07:29,Mechanical Defect,Lubrication,8.639116287
Line-15,Machine-64,19-03-2025 12:51,19-03-2025 13:16,Mechanical Defect,Conveyor,24.84564972
Line-15,Machine-64,24-03-2025 11:02,24-03-2025 11:07,Mechanical Defect,Lubrication,5.315599918
Line-15,Machine-64,27-03-2025 14:08,27-03-2025 14:21,Mechanical Defect,Stone holder,13.5668335
Line-15,Machine-64,21-01-2025 14:30,21-01-2025 15:28,Mechanical Defect,Grinding wheel,58.34284973
Line-15,Machine-64,13-04-2025 15:46,13-04-2025 16:00,Mechanical Defect,Conveyor,13.96588326
Line-15,Machine-64,09-12-2024 04:08,09-12-2024 04:21,Mechanical Defect,Conveyor,12.22473335
Line-15,Machine-64,28-01-2025 05:50,28-01-2025 05:58,Mechanical Defect,Automation,7.816633224
Line-15,Machine-65,16-11-2024 06:00,16-11-2024 06:30,Mechanical Defect,Automation,30.64909935
Line-15,Machine-65,16-11-2024 13:43,16-11-2024 13:49,Mechanical Defect,Automation,6.15051651
Line-15,Machine-65,23-11-2024 06:00,23-11-2024 06:11,Mechanical Defect,Orientation unit,10.31060028
Line-15,Machine-65,02-12-2024 08:39,02-12-2024 09:01,Mechanical Defect,Coolant system,22.5844841
Line-15,Machine-65,12-12-2024 14:15,12-12-2024 14:30,Mechanical Defect,Coolant system,14.76081657
Line-15,Machine-65,21-12-2024 13:50,21-12-2024 14:00,Mechanical Defect,Wheel Head,9.99145031
Line-15,Machine-65,22-01-2025 07:05,22-01-2025 07:31,Mechanical Defect,Lubrication,25.67683411
Line-15,Machine-65,22-01-2025 07:33,22-01-2025 07:45,Mechanical Defect,Lubrication,11.69435024
Line-15,Machine-65,05-02-2025 09:44,05-02-2025 09:51,Mechanical Defect,Coolant system,7.358983517
Line-15,Machine-65,02-03-2025 06:45,02-03-2025 06:53,Mechanical Defect,Orientation unit,7.467850208
Line-15,Machine-65,02-03-2025 07:50,02-03-2025 07:57,Mechanical Defect,Orientation unit,6.656899929
Line-15,Machine-65,02-03-2025 09:57,02-03-2025 10:33,Mechanical Defect,Orientation unit,35.12009811
Line-15,Machine-65,07-03-2025 06:13,07-03-2025 06:22,Mechanical Defect,Conveyor,8.778182983
Line-15,Machine-65,07-03-2025 06:28,07-03-2025 07:01,Mechanical Defect,Conveyor,32.71503448
Line-15,Machine-65,17-03-2025 13:39,17-03-2025 13:48,Mechanical Defect,Hydraulics,9.125749588
Line-15,Machine-65,05-04-2025 08:20,05-04-2025 11:10,Mechanical Defect,Grinding wheel,170.075531
Line-15,Machine-65,09-04-2025 06:29,09-04-2025 07:13,Mechanical Defect,Coolant system,43.53278351
Line-15,Machine-65,10-04-2025 11:13,10-04-2025 11:26,Mechanical Defect,Conveyor,12.76868343
Line-15,Machine-65,12-04-2025 07:44,12-04-2025 07:58,Mechanical Defect,Conveyor,14.26659966
Line-15,Machine-65,12-04-2025 07:58,12-04-2025 08:20,Mechanical Defect,Conveyor,21.42300034
Line-15,Machine-65,21-04-2025 10:30,21-04-2025 10:55,Mechanical Defect,Dresser unit,24.98886681
Line-15,Machine-65,21-04-2025 11:02,21-04-2025 11:07,Mechanical Defect,Dresser unit,5.114916801
Line-15,Machine-65,21-04-2025 11:08,21-04-2025 11:15,Mechanical Defect,Dresser unit,6.350683212
Line-15,Machine-65,21-04-2025 11:43,21-04-2025 11:52,Mechanical Defect,Dresser unit,8.280416489
Line-15,Machine-65,21-04-2025 13:14,21-04-2025 13:27,Mechanical Defect,Dresser unit,13.3581171
Line-15,Machine-65,21-04-2025 13:39,21-04-2025 13:57,Mechanical Defect,Dresser unit,18.78718376
Line-15,Machine-65,01-05-2025 12:36,01-05-2025 12:41,Mechanical Defect,Conveyor,5.227666855
Line-15,Machine-65,01-05-2025 13:04,01-05-2025 13:10,Mechanical Defect,Conveyor,5.748433113
Line-15,Machine-65,01-05-2025 13:40,01-05-2025 13:45,Mechanical Defect,Conveyor,5.069099903
Line-15,Machine-65,01-05-2025 14:18,01-05-2025 14:25,Mechanical Defect,Conveyor,7.565216541
Line-15,Machine-65,16-11-2024 21:48,16-11-2024 21:53,Mechanical Defect,Automation,5.687950134
Line-15,Machine-65,07-12-2024 14:30,07-12-2024 14:48,Mechanical Defect,Oscillation,18.12955093
Line-15,Machine-65,07-12-2024 15:24,07-12-2024 15:34,Mechanical Defect,Oscillation,10.20088291
Line-15,Machine-65,07-12-2024 15:34,07-12-2024 15:47,Mechanical Defect,Oscillation,12.743433
Line-15,Machine-65,09-12-2024 15:17,09-12-2024 15:29,Mechanical Defect,Oscillation,12.76708317
Line-15,Machine-65,10-12-2024 21:09,10-12-2024 21:16,Mechanical Defect,Grinding wheel,7.008966446
Line-15,Machine-65,17-12-2024 15:44,17-12-2024 18:08,Mechanical Defect,Oscillation,144.2981567
Line-15,Machine-65,26-12-2024 19:09,26-12-2024 19:43,Mechanical Defect,Wheel Head,34.44585037
Line-15,Machine-65,08-02-2025 17:55,08-02-2025 18:09,Mechanical Defect,Orientation unit,14.32734966
Line-15,Machine-65,15-04-2025 14:53,15-04-2025 15:21,Mechanical Defect,Orientation unit,27.56274986
Line-15,Machine-65,15-04-2025 15:31,15-04-2025 15:46,Mechanical Defect,Orientation unit,15.54516697
Line-15,Machine-65,28-04-2025 17:00,28-04-2025 17:21,Mechanical Defect,Hydraulics,20.60050011
Line-15,Machine-65,20-11-2024 01:14,20-11-2024 01:20,Mechanical Defect,Conveyor,5.661349773
Line-15,Machine-65,10-12-2024 23:41,10-12-2024 23:49,Mechanical Defect,Coolant system,7.956566811
Line-15,Machine-65,11-12-2024 00:08,11-12-2024 00:13,Mechanical Defect,Coolant system,5.413650036
Line-15,Machine-65,21-01-2025 23:33,22-01-2025 00:12,Mechanical Defect,Orientation unit,38.77428436
Line-15,Machine-65,13-03-2025 00:02,13-03-2025 00:46,Mechanical Defect,Conveyor,43.83821487
Line-15,Machine-65,18-04-2025 00:09,18-04-2025 00:20,Mechanical Defect,Stone Pressing Unit,10.9227829
Line-15,Machine-65,28-04-2025 04:37,28-04-2025 04:45,Mechanical Defect,Dresser unit,8.547400475
Line-5,Machine-66,22-11-2024 06:45,22-11-2024 07:02,Mechanical Defect,Coolant system,17.10668373
Line-5,Machine-66,25-11-2024 10:05,25-11-2024 11:37,Mechanical Defect,Wheel Head,92.00894928
Line-5,Machine-66,09-12-2024 13:53,09-12-2024 14:00,Mechanical Defect,Conveyor,6.273483276
Line-5,Machine-66,10-12-2024 12:38,10-12-2024 12:43,Mechanical Defect,Conveyor,5.149333477
Line-5,Machine-66,18-12-2024 12:39,18-12-2024 13:06,Mechanical Defect,Work Head,27.48214912
Line-5,Machine-66,21-11-2024 15:57,21-11-2024 16:03,Mechanical Defect,Coolant system,6.73178339
Line-5,Machine-66,25-02-2025 14:36,25-02-2025 14:43,Mechanical Defect,Conveyor,7.279983521
Line-5,Machine-66,25-02-2025 14:49,25-02-2025 14:58,Mechanical Defect,Conveyor,8.679849625
Line-5,Machine-66,25-02-2025 15:07,25-02-2025 15:13,Mechanical Defect,Conveyor,6.023166656
Line-5,Machine-66,26-02-2025 14:56,26-02-2025 15:38,Mechanical Defect,Coolant system,41.82828522
Line-5,Machine-66,17-11-2024 00:19,17-11-2024 00:32,Mechanical Defect,Automation,12.69064999
Line-5,Machine-66,17-11-2024 05:22,17-11-2024 05:32,Mechanical Defect,Automation,10.20065022
Line-5,Machine-66,26-12-2024 00:20,26-12-2024 00:41,Mechanical Defect,Demag,20.94828415
Line-16,Machine-67,11-11-2024 08:35,11-11-2024 08:43,Mechanical Defect,Lubrication,7.993150234
Line-16,Machine-67,26-11-2024 10:56,26-11-2024 11:07,Mechanical Defect,Stone Pressing Unit,11.81306648
Line-16,Machine-67,11-12-2024 06:15,11-12-2024 06:26,Mechanical Defect,Lubrication,11.00164986
Line-16,Machine-67,11-12-2024 06:45,11-12-2024 06:55,Mechanical Defect,Lubrication,10.00520039
Line-16,Machine-67,22-12-2024 12:44,22-12-2024 13:38,Mechanical Defect,Automation,53.16403198
Line-16,Machine-67,25-01-2025 11:54,25-01-2025 12:09,Mechanical Defect,Transfer Unit,15.23099995
Line-16,Machine-67,27-01-2025 08:12,27-01-2025 08:47,Mechanical Defect,Transfer Unit,34.827034
Line-16,Machine-67,29-01-2025 13:44,29-01-2025 14:30,Mechanical Defect,Grinding wheel,45.51576614
Line-16,Machine-67,07-03-2025 13:29,07-03-2025 14:30,Mechanical Defect,Grinding wheel,60.62763214
Line-16,Machine-67,26-03-2025 09:43,26-03-2025 10:51,Mechanical Defect,Dresser unit,68.19581604
Line-16,Machine-67,05-04-2025 10:28,05-04-2025 11:16,Mechanical Defect,Lubrication,48.12613297
Line-16,Machine-67,16-04-2025 11:45,16-04-2025 13:11,Mechanical Defect,Grinding wheel,85.58546448
Line-16,Machine-67,10-11-2024 19:16,10-11-2024 19:49,Mechanical Defect,Automation,32.95416641
Line-16,Machine-67,15-11-2024 15:48,15-11-2024 18:07,Mechanical Defect,Grinding wheel,138.2051849
Line-16,Machine-67,25-11-2024 19:38,25-11-2024 19:58,Mechanical Defect,Conveyor,19.16436577
Line-16,Machine-67,26-11-2024 14:30,26-11-2024 14:53,Mechanical Defect,Dresser unit,22.72929955
Line-16,Machine-67,15-12-2024 14:30,15-12-2024 14:46,Mechanical Defect,Automation,15.93911648
Line-16,Machine-67,25-12-2024 14:56,25-12-2024 15:22,Mechanical Defect,Automation,26.10288239
Line-16,Machine-67,26-12-2024 17:43,26-12-2024 19:50,Mechanical Defect,Hydraulics,127.0383835
Line-16,Machine-67,31-12-2024 22:47,31-12-2024 23:00,Mechanical Defect,Conveyor,12.83166695
Line-16,Machine-67,08-01-2025 14:47,08-01-2025 19:06,Mechanical Defect,Dresser unit,259.067627
Line-16,Machine-67,07-02-2025 19:53,07-02-2025 20:13,Mechanical Defect,Dresser unit,19.58799934
Line-16,Machine-67,22-03-2025 21:49,22-03-2025 23:00,Mechanical Defect,Conveyor,71.08493042
Line-16,Machine-67,19-04-2025 16:12,19-04-2025 18:30,Mechanical Defect,Hydraulics,137.55159
Line-16,Machine-67,18-12-2024 04:46,18-12-2024 04:52,Mechanical Defect,Conveyor,6.106533527
Line-16,Machine-67,31-12-2024 23:00,31-12-2024 23:15,Mechanical Defect,Conveyor,15.7517662
Line-16,Machine-67,31-12-2024 23:27,31-12-2024 23:46,Mechanical Defect,Conveyor,18.55468369
Line-16,Machine-67,01-01-2025 05:46,01-01-2025 05:52,Mechanical Defect,Conveyor,6.118966579
Line-16,Machine-67,01-01-2025 05:54,01-01-2025 06:00,Mechanical Defect,Conveyor,5.932250023
Line-16,Machine-67,07-01-2025 02:30,07-01-2025 02:36,Mechanical Defect,Automation,5.814166546
Line-16,Machine-67,07-01-2025 02:53,07-01-2025 02:58,Mechanical Defect,Automation,5.17806673
Line-16,Machine-67,07-01-2025 05:18,07-01-2025 05:24,Mechanical Defect,Automation,5.484149933
Line-16,Machine-67,09-01-2025 05:28,09-01-2025 05:39,Mechanical Defect,Automation,11.19416714
Line-16,Machine-67,09-01-2025 05:41,09-01-2025 05:51,Mechanical Defect,Automation,10.36390018
Line-16,Machine-67,29-03-2025 23:00,30-03-2025 01:17,Mechanical Defect,Automation,137.0567474
Line-16,Machine-67,04-04-2025 01:57,04-04-2025 03:38,Mechanical Defect,Grinding wheel,101.1046829
Line-16,Machine-68,22-12-2024 12:06,22-12-2024 12:28,Mechanical Defect,Automation,21.55021667
Line-16,Machine-68,24-01-2025 07:28,24-01-2025 09:21,Mechanical Defect,Stone holder,113.1228027
Line-16,Machine-68,25-01-2025 09:43,25-01-2025 09:48,Mechanical Defect,Transfer Unit,5.378250122
Line-16,Machine-68,25-01-2025 12:20,25-01-2025 12:26,Mechanical Defect,Transfer Unit,5.814833164
Line-16,Machine-68,05-04-2025 11:16,05-04-2025 11:33,Mechanical Defect,Chiller,16.58376694
Line-16,Machine-68,30-04-2025 11:30,30-04-2025 14:30,Mechanical Defect,Automation,179.1006775
Line-16,Machine-68,13-11-2024 15:43,13-11-2024 15:50,Mechanical Defect,Automation,7.256750107
Line-16,Machine-68,13-11-2024 15:57,13-11-2024 16:03,Mechanical Defect,Automation,5.799766541
Line-16,Machine-68,15-11-2024 18:07,15-11-2024 19:07,Mechanical Defect,Grinding wheel,60.590168
Line-16,Machine-68,26-11-2024 14:53,26-11-2024 14:58,Mechanical Defect,Dresser unit,5.285716534
Line-16,Machine-68,31-12-2024 22:35,31-12-2024 22:47,Mechanical Defect,Conveyor,11.50065041
Line-16,Machine-68,13-01-2025 14:30,13-01-2025 22:40,Mechanical Defect,Grinding wheel,489.9161682
Line-16,Machine-68,15-01-2025 21:09,15-01-2025 21:18,Mechanical Defect,Aerolide slide,8.596666336
Line-16,Machine-68,15-01-2025 21:21,15-01-2025 21:47,Mechanical Defect,Aerolide slide,26.20383263
Line-16,Machine-68,14-11-2024 02:15,14-11-2024 03:29,Mechanical Defect,Conveyor,74.28980255
Line-16,Machine-68,15-11-2024 05:09,15-11-2024 06:00,Mechanical Defect,Dresser unit,50.33823395
Line-16,Machine-68,01-12-2024 01:37,01-12-2024 04:39,Mechanical Defect,Dresser unit,181.7190399
Line-16,Machine-68,14-12-2024 04:15,14-12-2024 04:26,Mechanical Defect,Lubrication,11.26706696
Line-16,Machine-68,31-12-2024 23:19,31-12-2024 23:25,Mechanical Defect,Conveyor,6.625066757
Line-16,Machine-68,31-12-2024 23:57,01-01-2025 01:36,Mechanical Defect,Conveyor,98.85714722
Line-16,Machine-68,01-01-2025 01:42,01-01-2025 01:47,Mechanical Defect,Conveyor,5.501933098
Line-16,Machine-68,01-01-2025 02:58,01-01-2025 03:09,Mechanical Defect,Conveyor,11.18229961
Line-16,Machine-68,01-01-2025 03:16,01-01-2025 03:22,Mechanical Defect,Conveyor,5.814966679
Line-16,Machine-68,01-01-2025 03:25,01-01-2025 03:33,Mechanical Defect,Conveyor,7.766766548
Line-16,Machine-68,01-01-2025 03:38,01-01-2025 03:45,Mechanical Defect,Conveyor,6.331749916
Line-16,Machine-68,01-01-2025 04:07,01-01-2025 04:14,Mechanical Defect,Conveyor,6.105333328
Line-16,Machine-68,01-01-2025 05:32,01-01-2025 05:46,Mechanical Defect,Conveyor,13.6680336
Line-16,Machine-68,07-01-2025 01:05,07-01-2025 01:28,Mechanical Defect,Automation,23.21439934
Line-16,Machine-68,07-01-2025 05:44,07-01-2025 06:00,Mechanical Defect,Automation,15.82843304
Line-16,Machine-68,07-01-2025 23:56,08-01-2025 00:10,Mechanical Defect,Automation,14.28471661
Line-16,Machine-68,09-01-2025 00:59,09-01-2025 01:56,Mechanical Defect,Dresser unit,56.40686798
Line-16,Machine-68,16-01-2025 02:19,16-01-2025 03:48,Mechanical Defect,Orientation unit,89.32450104
Line-16,Machine-69,23-01-2025 08:29,23-01-2025 08:49,Mechanical Defect,Lubrication,19.89929962
Line-16,Machine-69,07-02-2025 12:54,07-02-2025 14:30,Mechanical Defect,Dresser unit,96.01719666
Line-16,Machine-69,06-03-2025 08:52,06-03-2025 09:26,Mechanical Defect,Lubrication,34.09965134
Line-16,Machine-69,17-03-2025 13:06,17-03-2025 13:33,Mechanical Defect,Lubrication,26.53581619
Line-16,Machine-69,25-03-2025 06:00,25-03-2025 07:02,Mechanical Defect,Dresser unit,62.24911499
Line-16,Machine-69,26-04-2025 08:25,26-04-2025 08:31,Mechanical Defect,Lubrication,6.002999783
Line-16,Machine-69,14-12-2024 21:13,14-12-2024 21:50,Mechanical Defect,Dresser unit,37.34199905
Line-16,Machine-69,20-01-2025 15:02,20-01-2025 17:57,Mechanical Defect,Dresser unit,174.7068634
Line-16,Machine-69,07-02-2025 14:30,07-02-2025 16:27,Mechanical Defect,Dresser unit,117.0254822
Line-16,Machine-69,07-02-2025 18:21,07-02-2025 19:53,Mechanical Defect,Dresser unit,92.10083008
Line-16,Machine-69,14-11-2024 01:53,14-11-2024 02:15,Mechanical Defect,Conveyor,21.3412838
Line-16,Machine-69,14-11-2024 05:46,14-11-2024 05:56,Mechanical Defect,Conveyor,10.24629974
Line-16,Machine-69,15-11-2024 01:16,15-11-2024 02:20,Mechanical Defect,Dresser unit,64.14523315
Line-16,Machine-69,16-12-2024 05:17,16-12-2024 05:24,Mechanical Defect,Conveyor,7.161849976
Line-16,Machine-69,18-12-2024 01:47,18-12-2024 01:53,Mechanical Defect,Hydraulics,5.476533413
Line-16,Machine-69,01-01-2025 02:58,01-01-2025 03:09,Mechanical Defect,Conveyor,11.07631683
Line-16,Machine-69,06-01-2025 23:06,06-01-2025 23:11,Mechanical Defect,Automation,5.183683395
Line-16,Machine-69,07-01-2025 04:55,07-01-2025 05:01,Mechanical Defect,Automation,5.701283455
Line-16,Machine-69,08-01-2025 00:10,08-01-2025 00:31,Mechanical Defect,Automation,20.73649979
Line-16,Machine-69,10-01-2025 05:13,10-01-2025 05:24,Mechanical Defect,Automation,11.5053997
Line-16,Machine-69,10-01-2025 05:47,10-01-2025 05:59,Mechanical Defect,Automation,12.2343502
Line-16,Machine-69,19-01-2025 03:35,19-01-2025 06:00,Mechanical Defect,Dresser unit,144.5794373
Line-16,Machine-69,04-02-2025 00:48,04-02-2025 01:05,Mechanical Defect,Pneumatics,17.20101738
Line-16,Machine-69,07-02-2025 23:07,08-02-2025 01:38,Mechanical Defect,Dresser unit,151.2328644
Line-16,Machine-69,01-03-2025 01:29,01-03-2025 01:36,Mechanical Defect,Grinding wheel,6.721149921
Line-16,Machine-69,09-03-2025 00:26,09-03-2025 00:47,Mechanical Defect,Lubrication,20.93736649
Line-16,Machine-69,19-03-2025 05:07,19-03-2025 06:00,Mechanical Defect,Grinding wheel,52.90224838
Line-16,Machine-69,25-03-2025 02:04,25-03-2025 06:00,Mechanical Defect,Dresser unit,236.0440216
Line-16,Machine-70,26-11-2024 08:42,26-11-2024 08:51,Mechanical Defect,Stone Pressing Unit,9.004850388
Line-16,Machine-70,26-11-2024 10:50,26-11-2024 10:56,Mechanical Defect,Stone Pressing Unit,5.905650139
Line-16,Machine-70,24-12-2024 12:22,24-12-2024 12:29,Mechanical Defect,Automation,7.476950169
Line-16,Machine-70,08-03-2025 09:29,08-03-2025 12:48,Mechanical Defect,Stone holder,199.1033173
Line-16,Machine-70,30-04-2025 07:50,30-04-2025 08:35,Mechanical Defect,Automation,44.98478317
Line-16,Machine-70,11-12-2024 22:00,11-12-2024 22:10,Mechanical Defect,Conveyor,9.217617035
Line-16,Machine-70,24-12-2024 16:06,24-12-2024 16:19,Mechanical Defect,Transfer Unit,13.77155018
Line-16,Machine-70,30-04-2025 19:22,30-04-2025 20:05,Mechanical Defect,Transfer Unit,43.23561478
Line-16,Machine-70,01-01-2025 01:52,01-01-2025 01:58,Mechanical Defect,Conveyor,5.495733261
Line-16,Machine-70,01-01-2025 04:24,01-01-2025 04:38,Mechanical Defect,Conveyor,14.20141697
Line-16,Machine-70,07-01-2025 03:39,07-01-2025 03:47,Mechanical Defect,Automation,7.971616745
Line-16,Machine-70,19-01-2025 00:03,19-01-2025 00:19,Mechanical Defect,Coolant system,16.17176628
Line-16,Machine-71,13-11-2024 06:00,13-11-2024 08:10,Mechanical Defect,Grinding wheel,129.9925995
Line-16,Machine-71,01-01-2025 13:30,01-01-2025 14:14,Mechanical Defect,Grinding wheel,44.49185181
Line-16,Machine-71,03-01-2025 12:00,03-01-2025 13:00,Mechanical Defect,Grinding wheel,60.01211548
Line-16,Machine-71,03-01-2025 13:00,03-01-2025 14:00,Mechanical Defect,Grinding wheel,60.00166702
Line-16,Machine-71,22-01-2025 09:00,22-01-2025 11:30,Mechanical Defect,Grinding wheel,150.0072327
Line-16,Machine-71,27-01-2025 13:51,27-01-2025 14:30,Mechanical Defect,Grinding wheel,39
Line-16,Machine-71,27-01-2025 06:00,27-01-2025 06:18,Mechanical Defect,Coolant system,18
Line-16,Machine-71,13-02-2025 13:30,13-02-2025 14:30,Mechanical Defect,Grinding wheel,59.99089813
Line-16,Machine-71,21-03-2025 09:00,21-03-2025 12:00,Mechanical Defect,Work Head,179.9921112
Line-16,Machine-71,17-04-2025 08:00,17-04-2025 10:00,Mechanical Defect,Grinding wheel,120.666481
Line-16,Machine-71,01-01-2025 14:30,01-01-2025 16:10,Mechanical Defect,Grinding wheel,100.0034332
Line-16,Machine-71,18-03-2025 18:06,18-03-2025 20:00,Mechanical Defect,Grinding wheel,113.9978638
Line-16,Machine-71,21-03-2025 19:00,21-03-2025 21:00,Mechanical Defect,Grinding wheel,119.9914703
Line-16,Machine-71,07-11-2024 05:00,07-11-2024 05:30,Mechanical Defect,Lubrication,30.00136757
Line-16,Machine-71,09-01-2025 23:00,10-01-2025 00:00,Mechanical Defect,Grinding wheel,60.01285172
Line-16,Machine-71,10-01-2025 00:00,10-01-2025 00:30,Mechanical Defect,Grinding wheel,29.99191666
Line-16,Machine-71,05-03-2025 00:40,05-03-2025 02:20,Mechanical Defect,Grinding wheel,100.001915
Line-16,Machine-71,07-03-2025 04:00,07-03-2025 05:12,Mechanical Defect,Grinding wheel,72
Line-16,Machine-71,20-04-2025 00:30,20-04-2025 00:50,Mechanical Defect,Conveyor,20.01413345
Line-16,Machine-71,29-04-2025 04:00,29-04-2025 04:15,Mechanical Defect,Gauge Unit,14.45996666
Line-16,Machine-72,02-12-2024 12:00,02-12-2024 13:14,Mechanical Defect,Grinding wheel,73.99015045
Line-16,Machine-72,06-01-2025 13:20,06-01-2025 13:52,Mechanical Defect,Pneumatics,32.05355072
Line-16,Machine-72,10-01-2025 07:40,10-01-2025 07:57,Mechanical Defect,Coolant system,17
Line-16,Machine-72,10-01-2025 09:00,10-01-2025 09:25,Mechanical Defect,Coolant system,25
Line-16,Machine-72,07-03-2025 06:00,07-03-2025 06:30,Mechanical Defect,Grinding wheel,29.9884491
Line-16,Machine-72,02-04-2025 11:50,02-04-2025 12:28,Mechanical Defect,Aerolide slide,37.99866486
Line-16,Machine-72,10-02-2025 22:30,10-02-2025 23:00,Mechanical Defect,Grinding wheel,30
Line-16,Machine-72,02-03-2025 17:00,02-03-2025 17:30,Mechanical Defect,Oscillation,29.99080086
Line-16,Machine-72,06-03-2025 15:10,06-03-2025 15:30,Mechanical Defect,Wheel Head,20
Line-16,Machine-72,28-04-2025 14:40,28-04-2025 15:05,Mechanical Defect,Transfer Unit,24.994133
Line-16,Machine-72,04-03-2025 00:00,04-03-2025 05:06,Mechanical Defect,Oscillation,306
Line-1,Machine-73,13-11-2024 07:43,13-11-2024 11:54,Mechanical Defect,Work Head,250.6635132
Line-1,Machine-73,05-12-2024 08:45,05-12-2024 09:13,Mechanical Defect,Hydraulics,28.28131676
Line-1,Machine-73,07-01-2025 06:27,07-01-2025 07:01,Mechanical Defect,Conveyor,34.26834869
Line-1,Machine-73,07-01-2025 09:49,07-01-2025 10:01,Mechanical Defect,Automation,11.45518303
Line-1,Machine-73,08-01-2025 10:05,08-01-2025 10:31,Mechanical Defect,Hydraulics,26.53974915
Line-1,Machine-73,18-01-2025 11:10,18-01-2025 11:23,Mechanical Defect,Conveyor,12.54398346
Line-1,Machine-73,18-01-2025 11:23,18-01-2025 11:30,Mechanical Defect,Conveyor,7.371333122
Line-1,Machine-73,04-02-2025 11:53,04-02-2025 12:02,Mechanical Defect,Automation,9.571666718
Line-1,Machine-73,06-02-2025 11:06,06-02-2025 11:25,Mechanical Defect,Hydraulics,19.04906654
Line-1,Machine-73,14-02-2025 06:41,14-02-2025 06:47,Mechanical Defect,Hydraulics,5.640799999
Line-1,Machine-73,12-03-2025 08:29,12-03-2025 14:30,Mechanical Defect,Work Spindle,360.5616455
Line-1,Machine-73,03-04-2025 11:06,03-04-2025 12:13,Mechanical Defect,Pneumatics,67.21586609
Line-1,Machine-73,20-04-2025 11:55,20-04-2025 12:21,Mechanical Defect,Y slide,25.73410034
Line-1,Machine-73,20-04-2025 12:26,20-04-2025 14:30,Mechanical Defect,Y slide,123.9329147
Line-1,Machine-73,01-05-2025 08:39,01-05-2025 09:13,Mechanical Defect,Work Head,34.60979843
Line-1,Machine-73,04-11-2024 20:24,04-11-2024 21:29,Mechanical Defect,Coolant system,65.26416779
Line-1,Machine-73,21-11-2024 21:05,21-11-2024 21:37,Mechanical Defect,Gauge Unit,32.02761841
Line-1,Machine-73,16-04-2025 18:11,16-04-2025 19:18,Mechanical Defect,Hydraulics,66.83644867
Line-1,Machine-73,19-04-2025 17:32,19-04-2025 17:37,Mechanical Defect,Hydraulics,5.150300026
Line-1,Machine-73,19-04-2025 17:38,19-04-2025 18:23,Mechanical Defect,Hydraulics,45.21749878
Line-1,Machine-73,13-11-2024 02:08,13-11-2024 02:49,Mechanical Defect,Hydraulics,40.63331604
Line-1,Machine-73,28-12-2024 02:46,28-12-2024 02:51,Mechanical Defect,Hydraulics,5.100366592
Line-1,Machine-73,07-01-2025 04:49,07-01-2025 06:00,Mechanical Defect,Automation,70.33242035
Line-1,Machine-73,05-02-2025 23:00,06-02-2025 00:11,Mechanical Defect,Gauge Unit,71.5671463
Line-1,Machine-73,06-02-2025 03:39,06-02-2025 06:00,Mechanical Defect,Pneumatics,140.7202759
Line-1,Machine-73,25-02-2025 01:29,25-02-2025 01:37,Mechanical Defect,Hydraulics,7.210633278
Line-1,Machine-73,06-04-2025 02:22,06-04-2025 02:31,Mechanical Defect,Conveyor,8.800867081
Line-1,Machine-73,19-04-2025 00:26,19-04-2025 00:38,Mechanical Defect,Hydraulics,12.62396622
Line-1,Machine-73,19-04-2025 00:55,19-04-2025 01:01,Mechanical Defect,Hydraulics,5.726766586
Line-15,Machine-74,13-11-2024 09:07,13-11-2024 09:18,Mechanical Defect,Hydraulics,11.05668354
Line-15,Machine-74,17-12-2024 14:23,17-12-2024 14:28,Mechanical Defect,Aerolide slide,5.114299774
Line-15,Machine-74,08-01-2025 08:12,08-01-2025 09:40,Mechanical Defect,Oscillation,87.98699951
Line-15,Machine-74,17-01-2025 13:23,17-01-2025 13:56,Mechanical Defect,Lubrication,32.24020004
Line-15,Machine-74,27-01-2025 06:00,27-01-2025 06:13,Mechanical Defect,Coolant system,13.03298378
Line-15,Machine-74,13-02-2025 07:04,13-02-2025 13:13,Mechanical Defect,Oscillation,369.4075623
Line-15,Machine-74,27-03-2025 13:36,27-03-2025 14:08,Mechanical Defect,Stone Pressing Unit,31.944767
Line-15,Machine-74,11-12-2024 19:27,11-12-2024 20:03,Mechanical Defect,Stone holder,36.17634964
Line-15,Machine-74,11-12-2024 21:02,11-12-2024 21:07,Mechanical Defect,Stone holder,5.025266647
Line-15,Machine-74,03-01-2025 17:17,03-01-2025 19:50,Mechanical Defect,Oscillation,152.6086273
Line-15,Machine-74,10-03-2025 21:21,10-03-2025 21:34,Mechanical Defect,Gauge Unit,12.8166666
Line-15,Machine-74,27-03-2025 14:34,27-03-2025 15:02,Mechanical Defect,Stone Pressing Unit,28.11384964
Line-15,Machine-74,13-04-2025 17:23,13-04-2025 17:28,Mechanical Defect,Conveyor,5.572999954
Line-15,Machine-74,13-04-2025 18:30,13-04-2025 19:11,Mechanical Defect,Conveyor,41.44358444
Line-15,Machine-74,07-12-2024 05:30,07-12-2024 05:42,Mechanical Defect,Conveyor,11.4580164
Line-15,Machine-74,09-12-2024 04:55,09-12-2024 05:00,Mechanical Defect,Conveyor,5.096116543
Line-15,Machine-74,29-01-2025 05:29,29-01-2025 05:38,Mechanical Defect,Hydraulics,9.01364994
Line-15,Machine-74,15-02-2025 02:33,15-02-2025 03:33,Mechanical Defect,Wheel Head,59.48638153
Line-15,Machine-74,11-03-2025 05:08,11-03-2025 05:29,Mechanical Defect,Hydraulics,21.20718384
Line-15,Machine-74,17-03-2025 04:58,17-03-2025 05:03,Mechanical Defect,Hydraulics,5.063250065
Line-15,Machine-74,17-03-2025 05:25,17-03-2025 05:36,Mechanical Defect,Hydraulics,10.30318356
Line-15,Machine-74,19-04-2025 04:55,19-04-2025 05:07,Mechanical Defect,Lubrication,11.5972662
Line-14,Machine-75,07-01-2025 07:25,07-01-2025 08:16,Mechanical Defect,Coolant system,51
Line-14,Machine-75,17-01-2025 07:10,17-01-2025 07:35,Mechanical Defect,Coolant system,25.00613403
Line-14,Machine-75,18-01-2025 06:00,18-01-2025 06:53,Mechanical Defect,Coolant system,53.00849915
Line-14,Machine-75,23-02-2025 08:45,23-02-2025 09:59,Mechanical Defect,Coolant system,74.69965363
Line-14,Machine-75,12-03-2025 08:45,12-03-2025 09:21,Mechanical Defect,Automation,36
Line-14,Machine-75,19-04-2025 07:00,19-04-2025 08:23,Mechanical Defect,Dresser unit,83.23709869
Line-14,Machine-75,14-11-2024 16:57,14-11-2024 19:00,Mechanical Defect,Automation,123.0032654
Line-14,Machine-75,28-02-2025 21:30,28-02-2025 22:21,Mechanical Defect,Coolant system,51.21720123
Line-14,Machine-75,11-03-2025 19:15,11-03-2025 20:00,Mechanical Defect,Gauge Unit,44.9950676
Line-14,Machine-75,10-11-2024 03:16,10-11-2024 04:00,Mechanical Defect,Automation,43.9974823
Line-14,Machine-75,23-02-2025 23:40,24-02-2025 01:00,Mechanical Defect,Grinding wheel,80.00771332
Line-14,Machine-76,22-04-2025 08:30,22-04-2025 10:24,Mechanical Defect,Grinding wheel,114
Line-14,Machine-76,02-12-2024 21:30,02-12-2024 22:38,Mechanical Defect,Grinding wheel,67.19535065
Line-14,Machine-76,08-12-2024 17:57,08-12-2024 23:00,Mechanical Defect,Dresser unit,303
Line-14,Machine-76,17-11-2024 01:06,17-11-2024 02:00,Mechanical Defect,Grinding wheel,54
Line-14,Machine-76,17-11-2024 02:15,17-11-2024 04:50,Mechanical Defect,Grinding wheel,155
Line-14,Machine-76,25-12-2024 23:00,26-12-2024 03:10,Mechanical Defect,Y slide,250
Line-14,Machine-76,14-02-2025 23:00,15-02-2025 03:00,Mechanical Defect,Dresser unit,240
Line-14,Machine-76,28-03-2025 03:00,28-03-2025 03:17,Mechanical Defect,Dresser unit,17.01171684
Line-14,Machine-76,28-03-2025 04:50,28-03-2025 05:40,Mechanical Defect,Dresser unit,49.99478149
Line-14,Machine-76,01-05-2025 02:06,01-05-2025 03:22,Mechanical Defect,Grinding wheel,76
Line-13,Machine-77,20-11-2024 13:30,20-11-2024 14:30,Mechanical Defect,Automation,59.9874649
Line-13,Machine-77,05-12-2024 06:11,05-12-2024 07:29,Mechanical Defect,Automation,78.17258453
Line-13,Machine-77,14-12-2024 09:08,14-12-2024 09:15,Mechanical Defect,Conveyor,7.017066479
Line-13,Machine-77,14-12-2024 09:15,14-12-2024 09:28,Mechanical Defect,Conveyor,12.76628304
Line-13,Machine-77,14-12-2024 11:32,14-12-2024 11:47,Mechanical Defect,Conveyor,15.47383308
Line-13,Machine-77,14-12-2024 13:48,14-12-2024 13:54,Mechanical Defect,Conveyor,5.736299992
Line-13,Machine-77,17-12-2024 10:05,17-12-2024 10:40,Mechanical Defect,Conveyor,35.23488235
Line-13,Machine-77,08-01-2025 09:05,08-01-2025 09:12,Mechanical Defect,Coolant system,6.70179987
Line-13,Machine-77,08-01-2025 14:24,08-01-2025 14:30,Mechanical Defect,Coolant system,5.886300087
Line-13,Machine-77,28-03-2025 12:26,28-03-2025 12:33,Mechanical Defect,Stone Pressing Unit,7.319833279
Line-13,Machine-77,29-03-2025 12:17,29-03-2025 12:23,Mechanical Defect,Dresser unit,6.063099861
Line-13,Machine-77,22-04-2025 08:55,22-04-2025 09:42,Mechanical Defect,Grinding wheel,47.10373306
Line-13,Machine-77,29-11-2024 22:46,29-11-2024 23:00,Mechanical Defect,Conveyor,13.90993309
Line-13,Machine-77,29-11-2024 20:35,29-11-2024 20:42,Mechanical Defect,Automation,6.595783234
Line-13,Machine-77,04-12-2024 21:46,04-12-2024 21:59,Mechanical Defect,Conveyor,12.80011654
Line-13,Machine-77,04-12-2024 15:35,04-12-2024 15:50,Mechanical Defect,Stone Pressing Unit,15.00373363
Line-13,Machine-77,06-12-2024 21:53,06-12-2024 22:18,Mechanical Defect,Conveyor,25.02363396
Line-13,Machine-77,12-12-2024 16:00,12-12-2024 16:56,Mechanical Defect,Conveyor,55.4009819
Line-13,Machine-77,27-12-2024 22:13,27-12-2024 23:00,Mechanical Defect,Grinding wheel,46.30218506
Line-13,Machine-77,21-01-2025 16:26,21-01-2025 17:22,Mechanical Defect,Automation,55.85781479
Line-13,Machine-77,12-02-2025 16:06,12-02-2025 21:04,Mechanical Defect,Conveyor,298.9545593
Line-13,Machine-77,05-04-2025 19:19,05-04-2025 19:34,Mechanical Defect,Dresser unit,14.99890041
Line-13,Machine-77,13-04-2025 15:07,13-04-2025 16:25,Mechanical Defect,Oscillation,78.08643341
Line-13,Machine-77,13-11-2024 23:52,14-11-2024 00:28,Mechanical Defect,Stone Pressing Unit,35.50839996
Line-13,Machine-77,14-11-2024 00:38,14-11-2024 00:48,Mechanical Defect,Stone Pressing Unit,9.672766685
Line-13,Machine-77,28-11-2024 23:47,28-11-2024 23:59,Mechanical Defect,Coolant system,11.72465038
Line-13,Machine-77,20-12-2024 02:30,20-12-2024 02:35,Mechanical Defect,Conveyor,5.136300087
Line-13,Machine-77,22-03-2025 02:20,22-03-2025 02:31,Mechanical Defect,Filter,10.51924992
Line-13,Machine-77,19-04-2025 02:24,19-04-2025 02:48,Mechanical Defect,Conveyor,24.47503281
Line-1,Machine-78,20-01-2025 13:30,20-01-2025 14:00,Mechanical Defect,Conveyor,30
Line-13,Machine-79,09-11-2024 09:00,09-11-2024 10:20,Mechanical Defect,Oscillation,79.99556732
Line-13,Machine-79,11-01-2025 12:10,11-01-2025 12:54,Mechanical Defect,Orientation unit,44.00286484
Line-13,Machine-79,16-01-2025 11:00,16-01-2025 12:00,Mechanical Defect,Oscillation,59.98983383
Line-13,Machine-79,18-01-2025 10:49,18-01-2025 14:00,Mechanical Defect,Oscillation,191.0052185
Line-13,Machine-79,21-01-2025 06:00,21-01-2025 06:11,Mechanical Defect,Stone Pressing Unit,11.73853302
Line-13,Machine-79,07-11-2024 22:00,07-11-2024 23:00,Mechanical Defect,Orientation unit,60.00111771
Line-13,Machine-79,24-11-2024 15:35,24-11-2024 16:00,Mechanical Defect,Stone Pressing Unit,25.00650024
Line-13,Machine-79,07-01-2025 15:30,07-01-2025 16:44,Mechanical Defect,Oscillation,73.990448
Line-13,Machine-79,08-01-2025 19:30,08-01-2025 20:25,Mechanical Defect,Oscillation,54.63988495
Line-13,Machine-79,21-01-2025 15:25,21-01-2025 17:53,Mechanical Defect,Stone holder,148.318512
Line-13,Machine-79,04-03-2025 20:20,04-03-2025 21:22,Mechanical Defect,Oscillation,62.59798431
Line-13,Machine-79,24-11-2024 01:50,24-11-2024 02:33,Mechanical Defect,Oscillation,43.1299324
Line-13,Machine-79,25-11-2024 04:55,25-11-2024 05:30,Mechanical Defect,Pneumatics,34.98866653
Line-13,Machine-79,09-12-2024 00:24,09-12-2024 01:00,Mechanical Defect,Transfer Unit,35.99113464
Line-13,Machine-79,20-12-2024 04:00,20-12-2024 04:36,Mechanical Defect,Lubrication,36.42081833
Line-13,Machine-79,20-01-2025 23:50,21-01-2025 00:07,Mechanical Defect,Stone holder,16.99578285
Line-13,Machine-79,21-01-2025 02:46,21-01-2025 03:49,Mechanical Defect,Stone holder,63.33620071
Line-17,Machine-80,10-12-2024 09:00,10-12-2024 09:20,Mechanical Defect,Transfer Unit,19.23608398
Line-17,Machine-80,21-02-2025 12:50,21-02-2025 13:00,Mechanical Defect,Hopper,9.989850044
Line-17,Machine-80,23-02-2025 08:00,23-02-2025 08:18,Mechanical Defect,Lubrication,17.99126625
Line-17,Machine-80,26-04-2025 06:56,26-04-2025 07:25,Mechanical Defect,Automation,29.00913239
Line-17,Machine-80,18-01-2025 18:30,18-01-2025 18:50,Mechanical Defect,Grinding wheel,20.00930023
Line-17,Machine-80,27-03-2025 01:25,27-03-2025 01:39,Mechanical Defect,Stone Pressing Unit,13.98636627
Line-4,Machine-81,16-11-2024 12:23,16-11-2024 12:59,Mechanical Defect,Hopper,35.45529938
Line-4,Machine-81,30-11-2024 09:04,30-11-2024 09:09,Mechanical Defect,Automation,5.750066757
Line-4,Machine-81,28-12-2024 13:45,28-12-2024 13:52,Mechanical Defect,Hopper,7.183433533
Line-4,Machine-81,28-12-2024 14:04,28-12-2024 14:12,Mechanical Defect,Hopper,7.800149918
Line-4,Machine-81,16-01-2025 06:49,16-01-2025 07:28,Mechanical Defect,Stone Pressing Unit,38.43943405
Line-4,Machine-81,13-02-2025 10:53,13-02-2025 10:59,Mechanical Defect,Coolant system,6.031633377
Line-4,Machine-81,13-02-2025 11:03,13-02-2025 11:34,Mechanical Defect,Coolant system,31.55719948
Line-4,Machine-81,13-02-2025 14:23,13-02-2025 14:30,Mechanical Defect,Coolant system,6.598499775
Line-4,Machine-81,19-02-2025 08:24,19-02-2025 08:31,Mechanical Defect,Conveyor,6.586483479
Line-4,Machine-81,19-04-2025 06:23,19-04-2025 06:29,Mechanical Defect,Hydraulics,5.67964983
Line-4,Machine-81,24-04-2025 13:59,24-04-2025 14:06,Mechanical Defect,Demag,6.548600197
Line-4,Machine-81,14-11-2024 14:44,14-11-2024 14:52,Mechanical Defect,Hopper,8.175000191
Line-4,Machine-81,14-11-2024 21:59,14-11-2024 22:04,Mechanical Defect,Hopper,5.022299767
Line-4,Machine-81,15-11-2024 19:13,15-11-2024 19:36,Mechanical Defect,Stone holder,23.83748245
Line-4,Machine-81,10-11-2024 04:14,10-11-2024 04:19,Mechanical Defect,Stone Pressing Unit,5.637233257
Line-4,Machine-81,11-11-2024 00:46,11-11-2024 01:35,Mechanical Defect,Stone Pressing Unit,48.79768372
Line-4,Machine-81,17-11-2024 05:06,17-11-2024 05:16,Mechanical Defect,Hopper,10.03791714
Line-4,Machine-81,17-11-2024 05:53,17-11-2024 06:00,Mechanical Defect,Hopper,6.331566811
Line-4,Machine-81,04-12-2024 04:29,04-12-2024 04:40,Mechanical Defect,Automation,10.97614956
Line-4,Machine-81,31-12-2024 23:00,31-12-2024 23:05,Mechanical Defect,Hydraulics,5.78423357
Line-4,Machine-81,29-01-2025 00:45,29-01-2025 00:52,Mechanical Defect,Automation,6.127316475
Line-4,Machine-81,20-02-2025 23:59,21-02-2025 00:20,Mechanical Defect,Conveyor,21.01345062
Line-4,Machine-81,23-02-2025 23:30,23-02-2025 23:43,Mechanical Defect,Orientation unit,12.71780014
Line-4,Machine-81,06-03-2025 00:27,06-03-2025 00:36,Mechanical Defect,Lubrication,9.417516708
Line-17,Machine-82,07-12-2024 23:06,08-12-2024 00:10,Mechanical Defect,Automation,64.43041992
Line-17,Machine-82,02-01-2025 05:00,02-01-2025 05:59,Mechanical Defect,Automation,59.45204926
Line-4,Machine-83,01-12-2024 12:47,01-12-2024 13:24,Mechanical Defect,Stone Pressing Unit,37.03794861
Line-4,Machine-83,02-01-2025 11:40,02-01-2025 12:06,Mechanical Defect,Oscillation,26.37228394
Line-4,Machine-83,02-01-2025 14:02,02-01-2025 14:16,Mechanical Defect,Work Head,13.88663292
Line-4,Machine-83,08-01-2025 11:27,08-01-2025 12:00,Mechanical Defect,Stone holder,33.45201492
Line-4,Machine-83,27-01-2025 06:00,27-01-2025 06:18,Mechanical Defect,Coolant system,18.75018311
Line-4,Machine-83,27-01-2025 07:33,27-01-2025 07:53,Mechanical Defect,Coolant system,20.0749836
Line-4,Machine-83,17-02-2025 10:11,17-02-2025 10:31,Mechanical Defect,Work Head,19.98974991
Line-4,Machine-83,16-03-2025 10:39,16-03-2025 11:04,Mechanical Defect,Stone Pressing Unit,24.80041695
Line-4,Machine-83,16-03-2025 11:11,16-03-2025 11:46,Mechanical Defect,Stone Pressing Unit,35.07984924
Line-4,Machine-83,09-12-2024 21:48,09-12-2024 22:45,Mechanical Defect,Stone Pressing Unit,57.28458405
Line-4,Machine-83,19-12-2024 20:27,19-12-2024 20:34,Mechanical Defect,Stone Pressing Unit,6.43930006
Line-4,Machine-83,06-01-2025 15:09,06-01-2025 22:28,Mechanical Defect,Work Head,439.4550476
Line-4,Machine-83,14-02-2025 16:24,14-02-2025 16:59,Mechanical Defect,Stone Pressing Unit,35.59541702
Line-4,Machine-83,22-02-2025 20:23,22-02-2025 20:55,Mechanical Defect,Feed Roller Unit,32.16723251
Line-4,Machine-83,04-03-2025 14:30,04-03-2025 14:53,Mechanical Defect,Dresser unit,23.1329174
Line-4,Machine-83,04-03-2025 16:28,04-03-2025 16:36,Mechanical Defect,Dresser unit,8.946617126
Line-4,Machine-83,04-03-2025 17:44,04-03-2025 17:50,Mechanical Defect,Dresser unit,6.588733196
Line-4,Machine-83,04-03-2025 17:55,04-03-2025 18:01,Mechanical Defect,Dresser unit,5.981833458
Line-4,Machine-83,13-02-2025 02:05,13-02-2025 02:12,Mechanical Defect,Automation,6.573233128
Line-17,Machine-84,22-12-2024 09:26,22-12-2024 10:00,Mechanical Defect,Automation,33.99610138
Line-17,Machine-84,03-01-2025 12:38,03-01-2025 13:40,Mechanical Defect,Automation,61.99426651
Line-17,Machine-84,10-01-2025 07:53,10-01-2025 08:00,Mechanical Defect,Lubrication,6.998933315
Line-17,Machine-84,27-01-2025 06:00,27-01-2025 06:40,Mechanical Defect,Coolant system,39.99693298
Line-17,Machine-84,27-01-2025 06:45,27-01-2025 07:20,Mechanical Defect,Coolant system,34.98986816
Line-17,Machine-84,26-02-2025 12:00,26-02-2025 12:26,Mechanical Defect,Stone holder,26
Line-17,Machine-84,29-03-2025 14:00,29-03-2025 14:30,Mechanical Defect,Gauge Unit,30
Line-17,Machine-84,13-04-2025 09:00,13-04-2025 09:20,Mechanical Defect,Automation,19.18190002
Line-17,Machine-84,26-04-2025 09:36,26-04-2025 11:45,Mechanical Defect,Hydraulics,129.9901733
Line-17,Machine-84,07-02-2025 16:30,07-02-2025 18:20,Mechanical Defect,Coolant system,110.3543472
Line-17,Machine-84,20-03-2025 14:30,20-03-2025 16:10,Mechanical Defect,Coolant system,100.3034363
Line-17,Machine-84,11-04-2025 17:00,11-04-2025 18:15,Mechanical Defect,Coolant system,74.99658203
Line-17,Machine-84,28-04-2025 20:00,28-04-2025 20:58,Mechanical Defect,Coolant system,58.21511841
Line-17,Machine-84,28-04-2025 21:00,28-04-2025 21:58,Mechanical Defect,Coolant system,58.20164871
Line-17,Machine-85,27-11-2024 06:00,27-11-2024 06:01,Mechanical Defect,Work Spindle,3.989733219
Line-17,Machine-85,27-11-2024 06:00,27-11-2024 09:40,Mechanical Defect,Work Spindle,219.9974365
Line-17,Machine-85,18-01-2025 13:00,18-01-2025 13:40,Mechanical Defect,Pneumatics,40.01029968
Line-17,Machine-85,21-04-2025 07:00,21-04-2025 07:30,Mechanical Defect,Coolant system,29.99466705
Line-17,Machine-85,01-02-2025 21:13,01-02-2025 22:57,Mechanical Defect,Conveyor,104.8398132
Line-17,Machine-85,13-03-2025 21:20,13-03-2025 22:38,Mechanical Defect,Ball Screw,78.00706482
Line-17,Machine-85,01-02-2025 02:02,01-02-2025 04:30,Mechanical Defect,Work Head,147.9080353
Line-17,Machine-85,01-02-2025 23:00,02-02-2025 02:00,Mechanical Defect,Automation,179.9888306
Line-5,Machine-86,12-11-2024 10:33,12-11-2024 14:30,Mechanical Defect,Hydraulics,236.7419891
Line-5,Machine-86,15-01-2025 08:19,15-01-2025 08:28,Mechanical Defect,Lubrication,8.900382996
Line-5,Machine-86,27-02-2025 07:28,27-02-2025 07:42,Mechanical Defect,Conveyor,14.10113335
Line-5,Machine-86,06-03-2025 11:25,06-03-2025 12:03,Mechanical Defect,Grinding wheel,38.06348419
Line-5,Machine-86,08-03-2025 13:26,08-03-2025 13:37,Mechanical Defect,Stone Pressing Unit,10.45198345
Line-5,Machine-86,08-04-2025 08:59,08-04-2025 09:28,Mechanical Defect,Aerolide slide,28.79915047
Line-5,Machine-86,26-02-2025 14:31,26-02-2025 14:56,Mechanical Defect,Coolant system,25.01523399
Line-5,Machine-86,17-11-2024 01:15,17-11-2024 01:37,Mechanical Defect,Automation,21.74978256
Line-5,Machine-86,12-12-2024 04:57,12-12-2024 05:04,Mechanical Defect,Grinding wheel,7.601399899
Line-5,Machine-86,12-12-2024 05:08,12-12-2024 05:14,Mechanical Defect,Grinding wheel,5.468649864
Line-5,Machine-86,18-12-2024 23:32,18-12-2024 23:38,Mechanical Defect,Conveyor,6.198266506
Line-5,Machine-86,19-12-2024 02:06,19-12-2024 02:14,Mechanical Defect,Conveyor,7.815683365
Line-5,Machine-86,03-04-2025 01:11,03-04-2025 01:18,Mechanical Defect,Automation,6.94936657
Line-5,Machine-86,09-04-2025 00:52,09-04-2025 01:00,Mechanical Defect,Oscillation,8.08291626
Line-5,Machine-86,09-04-2025 01:11,09-04-2025 01:29,Mechanical Defect,Oscillation,17.99691582
Line-7,Machine-87,12-11-2024 07:45,12-11-2024 07:56,Mechanical Defect,Hydraulics,10.19196701
Line-7,Machine-87,14-11-2024 11:36,14-11-2024 11:46,Mechanical Defect,Automation,9.467300415
Line-7,Machine-87,15-11-2024 14:01,15-11-2024 14:07,Mechanical Defect,Automation,6.528800011
Line-7,Machine-87,15-11-2024 14:15,15-11-2024 14:20,Mechanical Defect,Automation,5.216483116
Line-7,Machine-87,27-11-2024 10:27,27-11-2024 10:45,Mechanical Defect,Grinding wheel,18.14873314
Line-7,Machine-87,27-11-2024 11:20,27-11-2024 12:11,Mechanical Defect,Grinding wheel,50.59411621
Line-7,Machine-87,28-11-2024 13:28,28-11-2024 13:50,Mechanical Defect,Grinding wheel,22.19108391
Line-7,Machine-87,30-12-2024 08:25,30-12-2024 08:50,Mechanical Defect,Hydraulics,24.21780014
Line-7,Machine-87,01-01-2025 13:57,01-01-2025 14:11,Mechanical Defect,Pneumatics,13.52569962
Line-7,Machine-87,08-01-2025 11:33,08-01-2025 11:54,Mechanical Defect,Hydraulics,20.56523323
Line-7,Machine-87,08-01-2025 08:54,08-01-2025 09:02,Mechanical Defect,Orientation unit,8.583716393
Line-7,Machine-87,08-01-2025 09:13,08-01-2025 09:24,Mechanical Defect,Orientation unit,11.30576706
Line-7,Machine-87,11-01-2025 12:23,11-01-2025 12:52,Mechanical Defect,Conveyor,29.60964966
Line-7,Machine-87,05-03-2025 12:49,05-03-2025 13:15,Mechanical Defect,Lubrication,25.09773254
Line-7,Machine-87,09-03-2025 13:49,09-03-2025 14:08,Mechanical Defect,Conveyor,19.12938309
Line-7,Machine-87,15-11-2024 19:51,15-11-2024 20:15,Mechanical Defect,Automation,24.24194908
Line-7,Machine-87,15-11-2024 21:02,15-11-2024 21:38,Mechanical Defect,Automation,35.38888168
Line-7,Machine-87,26-11-2024 20:15,26-11-2024 20:43,Mechanical Defect,Hydraulics,28.53030014
Line-7,Machine-87,26-11-2024 21:06,26-11-2024 21:24,Mechanical Defect,Hydraulics,18.05649948
Line-7,Machine-87,20-01-2025 22:00,20-01-2025 22:09,Mechanical Defect,Automation,9.069983482
Line-7,Machine-87,20-01-2025 22:25,20-01-2025 23:00,Mechanical Defect,Automation,34.99245071
Line-7,Machine-87,18-02-2025 21:00,18-02-2025 21:19,Mechanical Defect,Stone Pressing Unit,18.55363274
Line-7,Machine-87,18-02-2025 21:32,18-02-2025 21:55,Mechanical Defect,Stone Pressing Unit,22.95123291
Line-7,Machine-87,18-02-2025 22:26,18-02-2025 23:00,Mechanical Defect,Stone Pressing Unit,33.18608475
Line-7,Machine-87,03-01-2025 23:49,04-01-2025 00:00,Mechanical Defect,Conveyor,10.77736664
Line-7,Machine-87,08-02-2025 00:24,08-02-2025 00:30,Mechanical Defect,Lubrication,5.883100033
Line-7,Machine-87,09-02-2025 03:50,09-02-2025 03:56,Mechanical Defect,Hydraulics,5.971849918
Line-7,Machine-87,09-02-2025 04:59,09-02-2025 05:16,Mechanical Defect,Hydraulics,16.37216759
Line-7,Machine-87,23-02-2025 03:48,23-02-2025 04:24,Mechanical Defect,Hydraulics,36.13803482
Line-7,Machine-87,10-03-2025 23:00,10-03-2025 23:22,Mechanical Defect,Automation,22.85504913
Line-7,Machine-87,02-05-2025 03:47,02-05-2025 04:17,Mechanical Defect,Conveyor,29.92149925
Line-7,Machine-88,14-11-2024 11:25,14-11-2024 11:33,Mechanical Defect,Automation,8.470299721
Line-7,Machine-88,15-11-2024 06:31,15-11-2024 06:38,Mechanical Defect,Automation,6.914016724
Line-7,Machine-88,15-11-2024 14:08,15-11-2024 14:13,Mechanical Defect,Automation,5.253433228
Line-7,Machine-88,27-11-2024 10:02,27-11-2024 10:27,Mechanical Defect,Grinding wheel,24.45181656
Line-7,Machine-88,27-11-2024 12:16,27-11-2024 12:43,Mechanical Defect,Grinding wheel,27.49701691
Line-7,Machine-88,10-12-2024 07:35,10-12-2024 07:45,Mechanical Defect,Conveyor,9.623883247
Line-7,Machine-88,01-01-2025 14:17,01-01-2025 14:22,Mechanical Defect,Pneumatics,5.167283535
Line-7,Machine-88,07-01-2025 07:06,07-01-2025 07:28,Mechanical Defect,Conveyor,22.06621742
Line-7,Machine-88,08-01-2025 11:11,08-01-2025 11:33,Mechanical Defect,Hydraulics,22.32374954
Line-7,Machine-88,08-01-2025 06:01,08-01-2025 06:24,Mechanical Defect,Conveyor,22.94428253
Line-7,Machine-88,20-03-2025 10:43,20-03-2025 11:56,Mechanical Defect,Gauge Unit,73.57144928
Line-7,Machine-88,07-11-2024 15:22,07-11-2024 16:17,Mechanical Defect,Gauge Unit,55.0178833
Line-7,Machine-88,15-11-2024 16:46,15-11-2024 17:06,Mechanical Defect,Automation,20.37063408
Line-7,Machine-88,15-11-2024 22:44,15-11-2024 22:50,Mechanical Defect,Automation,6.291316509
Line-7,Machine-88,03-12-2024 18:17,03-12-2024 19:23,Mechanical Defect,Conveyor,65.73636627
Line-7,Machine-88,20-01-2025 14:30,20-01-2025 14:36,Mechanical Defect,Automation,6.700150013
Line-7,Machine-88,22-01-2025 20:30,22-01-2025 20:57,Mechanical Defect,Automation,26.54063416
Line-7,Machine-88,18-02-2025 21:25,18-02-2025 21:32,Mechanical Defect,Stone Pressing Unit,7.363633156
Line-7,Machine-88,06-03-2025 16:46,06-03-2025 17:21,Mechanical Defect,Work Head,35.0823822
Line-7,Machine-88,06-03-2025 17:21,06-03-2025 20:29,Mechanical Defect,Work Head,188.1582642
Line-7,Machine-88,13-03-2025 21:27,13-03-2025 21:34,Mechanical Defect,Hopper,6.419716835
Line-7,Machine-88,16-11-2024 05:48,16-11-2024 05:57,Mechanical Defect,Automation,8.947483063
Line-7,Machine-88,04-12-2024 01:07,04-12-2024 01:19,Mechanical Defect,Automation,12.59105015
Line-7,Machine-88,04-12-2024 01:52,04-12-2024 02:03,Mechanical Defect,Automation,11.44894981
Line-7,Machine-88,18-12-2024 05:19,18-12-2024 05:29,Mechanical Defect,Conveyor,9.394833565
Line-7,Machine-88,04-01-2025 23:58,05-01-2025 00:06,Mechanical Defect,Conveyor,8.363733292
Line-7,Machine-88,08-02-2025 03:07,08-02-2025 03:23,Mechanical Defect,Lubrication,15.31703377
Line-7,Machine-88,31-03-2025 23:00,01-04-2025 00:28,Mechanical Defect,Work Head,88.52290344
Line-15,Machine-89,12-11-2024 08:55,12-11-2024 09:17,Mechanical Defect,Conveyor,21.9475174
Line-15,Machine-89,01-01-2025 06:00,01-01-2025 14:30,Mechanical Defect,Work Head,509.9668274
Line-15,Machine-89,04-01-2025 09:43,04-01-2025 11:31,Mechanical Defect,Stone holder,108.1856537
Line-15,Machine-89,02-03-2025 08:21,02-03-2025 08:27,Mechanical Defect,Orientation unit,5.968400002
Line-15,Machine-89,07-03-2025 06:02,07-03-2025 06:09,Mechanical Defect,Conveyor,7.292749882
Line-15,Machine-89,07-03-2025 06:22,07-03-2025 06:28,Mechanical Defect,Conveyor,5.939833164
Line-15,Machine-89,24-03-2025 11:20,24-03-2025 12:12,Mechanical Defect,Hydraulics,52.49369812
Line-15,Machine-89,21-04-2025 10:56,21-04-2025 11:02,Mechanical Defect,Dresser unit,5.884449959
Line-15,Machine-89,07-12-2024 14:48,07-12-2024 15:20,Mechanical Defect,Oscillation,31.84268379
Line-15,Machine-89,09-12-2024 14:30,09-12-2024 15:17,Mechanical Defect,Oscillation,46.87756729
Line-15,Machine-89,10-12-2024 22:41,10-12-2024 22:55,Mechanical Defect,Grinding wheel,13.6906662
Line-15,Machine-89,01-01-2025 14:30,01-01-2025 23:00,Mechanical Defect,Work Spindle,509.9647827
Line-15,Machine-89,20-11-2024 03:58,20-11-2024 04:04,Mechanical Defect,Oscillation,5.839350224
Line-15,Machine-89,20-11-2024 23:14,21-11-2024 00:18,Mechanical Defect,Coolant system,63.7148819
Line-15,Machine-89,11-12-2024 05:07,11-12-2024 05:30,Mechanical Defect,Grinding wheel,23.21549988
Line-15,Machine-89,18-12-2024 04:02,18-12-2024 04:11,Mechanical Defect,Hydraulics,8.260499954
Line-15,Machine-89,17-04-2025 23:10,18-04-2025 00:09,Mechanical Defect,Stone Pressing Unit,59.05046844
Line-15,Machine-89,28-04-2025 04:29,28-04-2025 04:36,Mechanical Defect,Dresser unit,6.851583481
Line-7,Machine-90,13-11-2024 11:11,13-11-2024 11:17,Mechanical Defect,Automation,5.686233521
Line-7,Machine-90,15-11-2024 13:55,15-11-2024 14:04,Mechanical Defect,Automation,9.361700058
Line-7,Machine-90,16-11-2024 06:49,16-11-2024 06:54,Mechanical Defect,Automation,5.138733387
Line-7,Machine-90,04-12-2024 13:57,04-12-2024 14:02,Mechanical Defect,Automation,5.113166809
Line-7,Machine-90,12-12-2024 13:38,12-12-2024 13:45,Mechanical Defect,Dresser unit,6.93356657
Line-7,Machine-90,19-12-2024 07:05,19-12-2024 07:13,Mechanical Defect,Grinding wheel,7.439050198
Line-7,Machine-90,29-12-2024 10:12,29-12-2024 11:35,Mechanical Defect,Gauge Unit,82.7232666
Line-7,Machine-90,09-01-2025 10:15,09-01-2025 10:27,Mechanical Defect,Conveyor,12.40676689
Line-7,Machine-90,09-01-2025 11:53,09-01-2025 12:01,Mechanical Defect,Conveyor,8.169567108
Line-7,Machine-90,13-01-2025 13:01,13-01-2025 13:50,Mechanical Defect,Dresser unit,49.19976807
Line-7,Machine-90,20-01-2025 14:02,20-01-2025 14:12,Mechanical Defect,Conveyor,9.485533714
Line-7,Machine-90,27-01-2025 14:17,27-01-2025 14:30,Mechanical Defect,Stone Pressing Unit,12.50669956
Line-7,Machine-90,08-02-2025 13:08,08-02-2025 14:10,Mechanical Defect,Grinding wheel,61.68199921
Line-7,Machine-90,26-02-2025 11:47,26-02-2025 12:31,Mechanical Defect,Work Head,44.1493988
Line-7,Machine-90,10-03-2025 06:02,10-03-2025 06:09,Mechanical Defect,Automation,6.931816578
Line-7,Machine-90,10-03-2025 06:28,10-03-2025 06:45,Mechanical Defect,Automation,17.50035095
Line-7,Machine-90,10-03-2025 07:22,10-03-2025 07:35,Mechanical Defect,Automation,13.17928314
Line-7,Machine-90,10-03-2025 09:39,10-03-2025 09:58,Mechanical Defect,Automation,18.30331612
Line-7,Machine-90,10-03-2025 12:16,10-03-2025 12:23,Mechanical Defect,Automation,7.380133152
Line-7,Machine-90,10-03-2025 13:46,10-03-2025 14:04,Mechanical Defect,Automation,17.77429962
Line-7,Machine-90,06-11-2024 19:46,06-11-2024 20:12,Mechanical Defect,Dresser unit,25.73130035
Line-7,Machine-90,06-11-2024 21:30,06-11-2024 22:06,Mechanical Defect,Dresser unit,35.53485107
Line-7,Machine-90,12-11-2024 14:57,12-11-2024 16:05,Mechanical Defect,Stone Pressing Unit,68.06919861
Line-7,Machine-90,05-12-2024 16:56,05-12-2024 17:05,Mechanical Defect,Conveyor,9.199700356
Line-7,Machine-90,05-12-2024 18:39,05-12-2024 18:46,Mechanical Defect,Conveyor,7.146999836
Line-7,Machine-90,05-12-2024 22:04,05-12-2024 22:11,Mechanical Defect,Conveyor,6.987816811
Line-7,Machine-90,05-12-2024 22:23,05-12-2024 22:29,Mechanical Defect,Conveyor,5.668533325
Line-7,Machine-90,12-12-2024 14:30,12-12-2024 17:38,Mechanical Defect,Dresser unit,188.083786
Line-7,Machine-90,15-01-2025 19:38,15-01-2025 19:47,Mechanical Defect,Conveyor,8.741483688
Line-7,Machine-90,15-01-2025 19:50,15-01-2025 19:57,Mechanical Defect,Conveyor,6.543449879
Line-7,Machine-90,20-01-2025 17:01,20-01-2025 17:25,Mechanical Defect,Dresser unit,24.07889938
Line-7,Machine-90,20-01-2025 19:13,20-01-2025 19:35,Mechanical Defect,Dresser unit,21.97981644
Line-7,Machine-90,25-02-2025 18:00,25-02-2025 21:24,Mechanical Defect,Dresser unit,203.783783
Line-7,Machine-90,12-11-2024 04:05,12-11-2024 04:14,Mechanical Defect,Conveyor,8.812150002
Line-7,Machine-90,15-11-2024 05:53,15-11-2024 06:00,Mechanical Defect,Automation,6.852633476
Line-7,Machine-90,28-11-2024 04:32,28-11-2024 05:02,Mechanical Defect,Automation,29.27894974
Line-7,Machine-90,29-11-2024 03:35,29-11-2024 03:57,Mechanical Defect,Conveyor,21.79281616
Line-7,Machine-90,04-12-2024 00:41,04-12-2024 00:47,Mechanical Defect,Automation,5.451216698
Line-7,Machine-90,04-12-2024 01:59,04-12-2024 02:05,Mechanical Defect,Automation,5.610183239
Line-7,Machine-90,04-12-2024 03:00,04-12-2024 03:09,Mechanical Defect,Automation,9.175433159
Line-7,Machine-90,04-12-2024 05:12,04-12-2024 05:18,Mechanical Defect,Automation,5.593616486
Line-7,Machine-90,16-12-2024 05:02,16-12-2024 05:16,Mechanical Defect,Conveyor,13.6161499
Line-7,Machine-90,31-12-2024 00:27,31-12-2024 00:51,Mechanical Defect,Automation,24.49731636
Line-7,Machine-90,05-01-2025 03:11,05-01-2025 05:08,Mechanical Defect,Grinding wheel,116.7745819
Line-7,Machine-90,08-01-2025 23:59,09-01-2025 00:10,Mechanical Defect,Automation,10.48353291
Line-7,Machine-90,09-01-2025 03:07,09-01-2025 03:12,Mechanical Defect,Automation,5.813466549
Line-7,Machine-90,09-01-2025 03:46,09-01-2025 03:57,Mechanical Defect,Automation,10.24866676
Line-7,Machine-90,09-01-2025 05:09,09-01-2025 05:21,Mechanical Defect,Automation,12.1838665
Line-7,Machine-90,07-04-2025 02:38,07-04-2025 04:07,Mechanical Defect,Grinding wheel,88.10733032
Line-7,Machine-90,16-04-2025 02:10,16-04-2025 02:20,Mechanical Defect,Demag,9.598732948
Line-7,Machine-90,27-04-2025 03:39,27-04-2025 04:50,Mechanical Defect,Aerolide slide,70.50286865
Line-11,Machine-91,08-11-2024 10:07,08-11-2024 10:17,Mechanical Defect,Conveyor,9.618766785
Line-11,Machine-91,13-11-2024 13:42,13-11-2024 13:54,Mechanical Defect,Automation,12.28048325
Line-11,Machine-91,11-12-2024 12:09,11-12-2024 12:23,Mechanical Defect,Hydraulics,14.00678349
Line-11,Machine-91,15-12-2024 07:57,15-12-2024 08:22,Mechanical Defect,Hydraulics,25.15323257
Line-11,Machine-91,15-12-2024 10:51,15-12-2024 13:37,Mechanical Defect,Hydraulics,165.4676208
Line-11,Machine-91,15-12-2024 13:37,15-12-2024 14:30,Mechanical Defect,Hydraulics,52.68463516
Line-11,Machine-91,16-12-2024 06:00,16-12-2024 13:19,Mechanical Defect,Wheel Head,439.632782
Line-11,Machine-91,20-12-2024 08:16,20-12-2024 08:30,Mechanical Defect,Lubrication,14.06726646
Line-11,Machine-91,21-12-2024 09:28,21-12-2024 09:37,Mechanical Defect,Hydraulics,9.493550301
Line-11,Machine-91,21-12-2024 09:56,21-12-2024 10:07,Mechanical Defect,Hydraulics,10.56750011
Line-11,Machine-91,21-12-2024 10:27,21-12-2024 10:36,Mechanical Defect,Hydraulics,8.856216431
Line-11,Machine-91,02-01-2025 14:14,02-01-2025 14:30,Mechanical Defect,Grinding wheel,15.28063297
Line-11,Machine-91,04-01-2025 08:12,04-01-2025 08:32,Mechanical Defect,Automation,20.0296669
Line-11,Machine-91,18-01-2025 09:28,18-01-2025 11:41,Mechanical Defect,Hydraulics,132.1208344
Line-11,Machine-91,20-01-2025 13:02,20-01-2025 13:14,Mechanical Defect,Grinding wheel,11.8014164
Line-11,Machine-91,22-02-2025 10:17,22-02-2025 10:36,Mechanical Defect,Conveyor,18.7144165
Line-11,Machine-91,02-03-2025 10:49,02-03-2025 11:18,Mechanical Defect,Automation,28.80926704
Line-11,Machine-91,10-03-2025 07:56,10-03-2025 08:05,Mechanical Defect,Hydraulics,8.414283752
Line-11,Machine-91,10-03-2025 08:06,10-03-2025 08:18,Mechanical Defect,Hydraulics,12.15009975
Line-11,Machine-91,10-03-2025 10:45,10-03-2025 13:13,Mechanical Defect,Oscillation unit,148.1335297
Line-11,Machine-91,26-03-2025 07:06,26-03-2025 07:11,Mechanical Defect,Coolant system,5.406133175
Line-11,Machine-91,17-04-2025 06:43,17-04-2025 06:49,Mechanical Defect,Hydraulics,6.0336833
Line-11,Machine-91,15-11-2024 21:04,15-11-2024 21:10,Mechanical Defect,Hydraulics,6.29036665
Line-11,Machine-91,15-12-2024 14:30,15-12-2024 23:00,Mechanical Defect,Grinding wheel,509.9432373
Line-11,Machine-91,02-01-2025 14:30,02-01-2025 17:08,Mechanical Defect,Dresser unit,158.5367126
Line-11,Machine-91,02-01-2025 22:26,02-01-2025 22:42,Mechanical Defect,Lubrication,15.99638367
Line-11,Machine-91,09-01-2025 15:02,09-01-2025 15:59,Mechanical Defect,Conveyor,56.32936478
Line-11,Machine-91,04-02-2025 18:08,04-02-2025 18:24,Mechanical Defect,Hydraulics,16.06505013
Line-11,Machine-91,11-02-2025 16:13,11-02-2025 16:30,Mechanical Defect,Conveyor,17.69305038
Line-11,Machine-91,11-02-2025 22:12,11-02-2025 22:26,Mechanical Defect,Conveyor,13.74013329
Line-11,Machine-91,04-03-2025 18:36,04-03-2025 18:44,Mechanical Defect,Conveyor,7.654833317
Line-11,Machine-91,22-03-2025 17:30,22-03-2025 18:06,Mechanical Defect,Dresser unit,36.6442337
Line-11,Machine-91,02-04-2025 18:36,02-04-2025 18:45,Mechanical Defect,Stone holder,8.478433609
Line-11,Machine-91,02-04-2025 18:40,02-04-2025 18:55,Mechanical Defect,Stone holder,14.99731636
Line-11,Machine-91,02-04-2025 18:50,02-04-2025 18:56,Mechanical Defect,Stone holder,6.124166489
Line-11,Machine-91,02-04-2025 18:59,02-04-2025 19:05,Mechanical Defect,Stone holder,5.943999767
Line-11,Machine-91,02-04-2025 19:07,02-04-2025 19:13,Mechanical Defect,Stone holder,6.585283279
Line-11,Machine-91,02-04-2025 20:17,02-04-2025 20:26,Mechanical Defect,Stone holder,8.852049828
Line-11,Machine-91,02-04-2025 20:46,02-04-2025 20:56,Mechanical Defect,Stone holder,9.94291687
Line-11,Machine-91,11-04-2025 19:55,11-04-2025 20:13,Mechanical Defect,Hydraulics,18.62791634
Line-11,Machine-91,17-04-2025 20:24,17-04-2025 20:35,Mechanical Defect,Conveyor,10.96573353
Line-11,Machine-91,24-11-2024 05:54,24-11-2024 06:00,Mechanical Defect,Demag,5.647299767
Line-11,Machine-91,15-12-2024 23:00,16-12-2024 06:00,Mechanical Defect,Wheel Head,419.9395447
Line-11,Machine-91,27-12-2024 02:18,27-12-2024 02:32,Mechanical Defect,Conveyor,14.14505005
Line-11,Machine-91,10-01-2025 00:10,10-01-2025 00:16,Mechanical Defect,Automation,5.28910017
Line-11,Machine-91,10-01-2025 05:37,10-01-2025 05:49,Mechanical Defect,Automation,12.29889965
Line-11,Machine-91,18-01-2025 23:00,18-01-2025 23:58,Mechanical Defect,Work Spindle,58.46313477
Line-11,Machine-91,25-01-2025 23:03,25-01-2025 23:31,Mechanical Defect,Hydraulics,28.02474976
Line-11,Machine-91,26-01-2025 03:27,26-01-2025 03:53,Mechanical Defect,Hydraulics,25.8940506
Line-11,Machine-91,02-02-2025 01:26,02-02-2025 01:49,Mechanical Defect,Conveyor,22.57093239
Line-11,Machine-91,03-02-2025 23:00,03-02-2025 23:08,Mechanical Defect,Conveyor,7.962566853
Line-11,Machine-91,27-03-2025 23:23,27-03-2025 23:31,Mechanical Defect,Coolant system,7.968666553
Line-11,Machine-91,27-03-2025 23:33,27-03-2025 23:42,Mechanical Defect,Coolant system,9.258916855
Line-11,Machine-91,27-03-2025 23:49,27-03-2025 23:59,Mechanical Defect,Coolant system,9.560750008
Line-4,Machine-92,15-11-2024 10:21,15-11-2024 10:27,Mechanical Defect,Automation,6.069616795
Line-4,Machine-92,15-11-2024 13:28,15-11-2024 13:35,Mechanical Defect,Automation,6.805799961
Line-4,Machine-92,16-11-2024 10:02,16-11-2024 10:48,Mechanical Defect,Hopper,46.57389832
Line-4,Machine-92,24-11-2024 06:00,24-11-2024 07:15,Mechanical Defect,Automation,75.18236542
Line-4,Machine-92,24-11-2024 11:02,24-11-2024 11:13,Mechanical Defect,Automation,11.28670025
Line-4,Machine-92,24-11-2024 11:49,24-11-2024 12:14,Mechanical Defect,Automation,24.95678329
Line-4,Machine-92,30-11-2024 09:17,30-11-2024 09:28,Mechanical Defect,Automation,11.43663311
Line-4,Machine-92,04-12-2024 06:11,04-12-2024 06:17,Mechanical Defect,Automation,5.955966473
Line-4,Machine-92,05-12-2024 13:56,05-12-2024 14:01,Mechanical Defect,Automation,5.174566746
Line-4,Machine-92,20-12-2024 10:43,20-12-2024 10:49,Mechanical Defect,Lubrication,5.494066715
Line-4,Machine-92,21-12-2024 08:13,21-12-2024 08:31,Mechanical Defect,Hydraulics,17.37573242
Line-4,Machine-92,28-12-2024 13:13,28-12-2024 13:37,Mechanical Defect,Hopper,24.36969948
Line-4,Machine-92,22-01-2025 14:10,22-01-2025 14:15,Mechanical Defect,Automation,5.024316788
Line-4,Machine-92,12-02-2025 06:57,12-02-2025 09:21,Mechanical Defect,Dresser unit,144.4804993
Line-4,Machine-92,13-02-2025 13:49,13-02-2025 14:02,Mechanical Defect,Coolant system,12.86436653
Line-4,Machine-92,19-02-2025 08:31,19-02-2025 10:36,Mechanical Defect,Conveyor,125.0422516
Line-4,Machine-92,01-03-2025 11:35,01-03-2025 13:14,Mechanical Defect,Dresser unit,99.01573181
Line-4,Machine-92,24-04-2025 14:06,24-04-2025 14:15,Mechanical Defect,Demag,9.101033211
Line-4,Machine-92,14-11-2024 14:52,14-11-2024 14:58,Mechanical Defect,Hopper,5.94998312
Line-4,Machine-92,14-11-2024 15:32,14-11-2024 15:39,Mechanical Defect,Hopper,6.761099815
Line-4,Machine-92,14-11-2024 18:02,14-11-2024 19:31,Mechanical Defect,Hopper,89.58757019
Line-4,Machine-92,14-11-2024 22:23,14-11-2024 22:29,Mechanical Defect,Hopper,5.796816826
Line-4,Machine-92,14-11-2024 22:43,14-11-2024 22:48,Mechanical Defect,Hopper,5.324633121
Line-4,Machine-92,16-11-2024 21:57,16-11-2024 22:12,Mechanical Defect,Hopper,14.75415039
Line-4,Machine-92,19-11-2024 19:00,19-11-2024 19:12,Mechanical Defect,Grinding wheel,12.1887331
Line-4,Machine-92,24-11-2024 15:12,24-11-2024 18:28,Mechanical Defect,Dresser unit,195.774826
Line-4,Machine-92,20-02-2025 22:01,20-02-2025 23:00,Mechanical Defect,Conveyor,58.24330139
Line-4,Machine-92,10-11-2024 04:02,10-11-2024 04:08,Mechanical Defect,Stone Pressing Unit,6.680500031
Line-4,Machine-92,11-11-2024 01:38,11-11-2024 01:48,Mechanical Defect,Stone Pressing Unit,9.89086628
Line-4,Machine-92,14-11-2024 04:26,14-11-2024 04:37,Mechanical Defect,Automation,10.7793169
Line-4,Machine-92,18-11-2024 05:38,18-11-2024 06:00,Mechanical Defect,Conveyor,21.28499985
Line-4,Machine-92,31-12-2024 23:05,31-12-2024 23:35,Mechanical Defect,Hydraulics,29.30419922
Line-4,Machine-92,17-02-2025 23:38,17-02-2025 23:46,Mechanical Defect,Hydraulics,7.484149933
Line-4,Machine-92,20-02-2025 23:00,20-02-2025 23:05,Mechanical Defect,Conveyor,5.237199783
Line-4,Machine-92,06-03-2025 00:41,06-03-2025 00:48,Mechanical Defect,Lubrication,7.005583286
Line-4,Machine-92,06-03-2025 00:54,06-03-2025 01:13,Mechanical Defect,Lubrication,18.35095024
Line-4,Machine-92,29-04-2025 02:42,29-04-2025 03:54,Mechanical Defect,Work Head,71.52231598
Line-6,Machine-93,09-11-2024 14:12,09-11-2024 14:30,Mechanical Defect,Stone holder,17.75595093
Line-6,Machine-93,16-11-2024 11:28,16-11-2024 11:35,Mechanical Defect,Automation,6.972249985
Line-6,Machine-93,06-01-2025 13:18,06-01-2025 13:26,Mechanical Defect,Coolant system,7.476250172
Line-6,Machine-93,09-01-2025 09:51,09-01-2025 10:00,Mechanical Defect,Conveyor,8.871433258
Line-6,Machine-93,10-01-2025 10:32,10-01-2025 11:42,Mechanical Defect,Dresser unit,70.03780365
Line-6,Machine-93,22-01-2025 06:00,22-01-2025 09:12,Mechanical Defect,Oscillation,192.1938171
Line-6,Machine-93,03-02-2025 06:00,03-02-2025 06:57,Mechanical Defect,Lubrication,57.67221832
Line-6,Machine-93,22-02-2025 08:03,22-02-2025 08:19,Mechanical Defect,Lubrication,15.94426632
Line-6,Machine-93,13-03-2025 06:53,13-03-2025 07:00,Mechanical Defect,Hydraulics,6.990166664
Line-6,Machine-93,16-03-2025 06:44,16-03-2025 06:50,Mechanical Defect,Coolant system,5.286300182
Line-6,Machine-93,27-04-2025 09:34,27-04-2025 10:59,Mechanical Defect,Grinding wheel,84.77508545
Line-6,Machine-93,28-04-2025 06:00,28-04-2025 06:41,Mechanical Defect,Lubrication,41.78216553
Line-6,Machine-93,13-11-2024 17:53,13-11-2024 18:19,Mechanical Defect,Conveyor,25.39749908
Line-6,Machine-93,13-11-2024 19:10,13-11-2024 19:17,Mechanical Defect,Automation,6.499816895
Line-6,Machine-93,15-11-2024 20:04,15-11-2024 20:09,Mechanical Defect,Automation,5.40474987
Line-6,Machine-93,16-11-2024 22:51,16-11-2024 22:58,Mechanical Defect,Automation,6.860916615
Line-6,Machine-93,19-11-2024 21:19,19-11-2024 21:25,Mechanical Defect,Conveyor,5.71568346
Line-6,Machine-93,30-11-2024 21:06,30-11-2024 21:15,Mechanical Defect,Lubrication,8.641150475
Line-6,Machine-93,30-11-2024 21:17,30-11-2024 21:30,Mechanical Defect,Lubrication,12.73665047
Line-6,Machine-93,16-12-2024 14:42,16-12-2024 15:03,Mechanical Defect,Automation,20.90270042
Line-6,Machine-93,10-01-2025 15:22,10-01-2025 15:46,Mechanical Defect,Oscillation,23.78364944
Line-6,Machine-93,30-01-2025 16:04,30-01-2025 16:33,Mechanical Defect,Grinding wheel,29.32076645
Line-6,Machine-93,08-02-2025 15:24,08-02-2025 15:32,Mechanical Defect,Lubrication,8.112216949
Line-6,Machine-93,25-02-2025 15:11,25-02-2025 15:32,Mechanical Defect,Conveyor,20.95451736
Line-6,Machine-93,05-03-2025 21:26,05-03-2025 21:39,Mechanical Defect,Conveyor,13.02021694
Line-6,Machine-93,08-03-2025 15:32,08-03-2025 15:46,Mechanical Defect,Hydraulics,13.83681679
Line-6,Machine-93,08-03-2025 17:11,08-03-2025 17:18,Mechanical Defect,Hydraulics,6.409383297
Line-6,Machine-93,13-03-2025 17:34,13-03-2025 18:31,Mechanical Defect,Grinding wheel,57.41166687
Line-6,Machine-93,11-11-2024 04:01,11-11-2024 04:08,Mechanical Defect,Lubrication,7.095466614
Line-6,Machine-93,11-11-2024 04:08,11-11-2024 04:42,Mechanical Defect,Lubrication,33.38521576
Line-6,Machine-93,17-11-2024 04:43,17-11-2024 04:53,Mechanical Defect,Lubrication,9.359016418
Line-6,Machine-93,17-11-2024 05:04,17-11-2024 05:33,Mechanical Defect,Lubrication,28.35034943
Line-6,Machine-93,18-11-2024 03:56,18-11-2024 04:10,Mechanical Defect,Lubrication,14.00946712
Line-6,Machine-93,25-11-2024 01:30,25-11-2024 01:48,Mechanical Defect,Lubrication,18.44086647
Line-6,Machine-93,02-12-2024 02:13,02-12-2024 02:26,Mechanical Defect,Hydraulics,12.7425499
Line-6,Machine-93,16-12-2024 00:28,16-12-2024 00:39,Mechanical Defect,Lubrication,10.88776684
Line-6,Machine-93,23-12-2024 01:52,23-12-2024 02:05,Mechanical Defect,Hydraulics,13.47108364
Line-6,Machine-93,10-01-2025 04:26,10-01-2025 04:53,Mechanical Defect,Dresser unit,27.08008385
Line-6,Machine-93,19-01-2025 01:24,19-01-2025 01:39,Mechanical Defect,Lubrication,14.82730007
Line-6,Machine-93,07-02-2025 03:01,07-02-2025 03:21,Mechanical Defect,Ball Screw,20.25415039
Line-6,Machine-93,24-02-2025 04:19,24-02-2025 04:34,Mechanical Defect,Lubrication,14.9593668
Line-6,Machine-93,03-03-2025 03:15,03-03-2025 03:35,Mechanical Defect,Ball Screw,20.00370026
Line-6,Machine-93,09-03-2025 23:07,09-03-2025 23:35,Mechanical Defect,Lubrication,28.18740082
Line-6,Machine-93,17-03-2025 00:48,17-03-2025 01:08,Mechanical Defect,Hydraulics,19.5799675
Line-6,Machine-93,31-03-2025 01:59,31-03-2025 02:14,Mechanical Defect,Hydraulics,15.11240005
Line-6,Machine-93,12-04-2025 23:00,12-04-2025 23:11,Mechanical Defect,Hydraulics,11.30711651
Line-6,Machine-93,16-04-2025 23:02,16-04-2025 23:28,Mechanical Defect,Grinding wheel,26.44118309
Line-6,Machine-94,09-11-2024 14:00,09-11-2024 14:12,Mechanical Defect,Stone holder,12.1640501
Line-6,Machine-94,09-11-2024 07:25,09-11-2024 08:24,Mechanical Defect,Work Head,58.52796555
Line-6,Machine-94,02-12-2024 07:49,02-12-2024 08:38,Mechanical Defect,Stone holder,48.98518372
Line-6,Machine-94,07-12-2024 12:43,07-12-2024 12:50,Mechanical Defect,Automation,7.273416519
Line-6,Machine-94,09-12-2024 11:34,09-12-2024 11:39,Mechanical Defect,Conveyor,5.035266876
Line-6,Machine-94,16-12-2024 12:03,16-12-2024 12:16,Mechanical Defect,Gauge Unit,12.73201656
Line-6,Machine-94,11-01-2025 10:17,11-01-2025 10:37,Mechanical Defect,Automation,19.99866676
Line-6,Machine-94,17-03-2025 09:38,17-03-2025 09:44,Mechanical Defect,Conveyor,6.142566681
Line-6,Machine-94,18-03-2025 08:31,18-03-2025 08:53,Mechanical Defect,Coolant system,21.79486656
Line-6,Machine-94,19-03-2025 12:10,19-03-2025 13:07,Mechanical Defect,Hydraulics,56.79388428
Line-6,Machine-94,14-04-2025 13:42,14-04-2025 13:52,Mechanical Defect,Hopper,10.1669836
Line-6,Machine-94,17-04-2025 13:35,17-04-2025 13:54,Mechanical Defect,Stone Pressing Unit,19.10140038
Line-6,Machine-94,12-11-2024 15:04,12-11-2024 15:16,Mechanical Defect,Automation,12.13646698
Line-6,Machine-94,14-11-2024 22:05,14-11-2024 22:11,Mechanical Defect,Automation,5.562049866
Line-6,Machine-94,10-01-2025 15:46,10-01-2025 16:24,Mechanical Defect,Oscillation,37.79163361
Line-6,Machine-94,20-02-2025 14:50,20-02-2025 16:49,Mechanical Defect,Gauge Unit,119.3947678
Line-6,Machine-94,22-02-2025 17:38,22-02-2025 17:44,Mechanical Defect,Lubrication,6.479583263
Line-6,Machine-94,25-02-2025 14:45,25-02-2025 14:53,Mechanical Defect,Conveyor,7.899650097
Line-6,Machine-94,25-02-2025 14:58,25-02-2025 15:11,Mechanical Defect,Conveyor,12.13888359
Line-6,Machine-94,07-03-2025 22:37,07-03-2025 22:43,Mechanical Defect,Hydraulics,5.689199924
Line-6,Machine-94,13-03-2025 18:33,13-03-2025 18:58,Mechanical Defect,Grinding wheel,24.40633392
Line-6,Machine-94,01-04-2025 19:35,01-04-2025 19:48,Mechanical Defect,Transfer Unit,12.94979954
Line-6,Machine-94,18-04-2025 17:16,18-04-2025 18:16,Mechanical Defect,Stone Pressing Unit,60.68378448
Line-6,Machine-94,18-04-2025 19:15,18-04-2025 20:00,Mechanical Defect,Stone Pressing Unit,45.2926178
Line-6,Machine-94,10-12-2024 00:43,10-12-2024 01:00,Mechanical Defect,Work Spindle,17.22304916
Line-6,Machine-94,04-02-2025 02:40,04-02-2025 02:52,Mechanical Defect,Conveyor,12.08376694
Line-6,Machine-94,17-04-2025 01:12,17-04-2025 01:37,Mechanical Defect,Stone Pressing Unit,24.86243248
Line-6,Machine-94,17-04-2025 02:23,17-04-2025 03:50,Mechanical Defect,Stone Pressing Unit,86.66151428
Line-5,Machine-95,06-11-2024 13:20,06-11-2024 13:25,Mechanical Defect,Lubrication,5.490616798
Line-5,Machine-95,06-11-2024 13:31,06-11-2024 13:56,Mechanical Defect,Lubrication,25.41313362
Line-5,Machine-95,12-11-2024 07:42,12-11-2024 08:40,Mechanical Defect,Hydraulics,58.00149918
Line-5,Machine-95,13-11-2024 13:53,13-11-2024 14:02,Mechanical Defect,Automation,8.955916405
Line-5,Machine-95,26-11-2024 12:03,26-11-2024 12:16,Mechanical Defect,Conveyor,12.87978363
Line-5,Machine-95,10-12-2024 11:00,10-12-2024 11:10,Mechanical Defect,Conveyor,10.0005331
Line-5,Machine-95,12-12-2024 06:03,12-12-2024 06:22,Mechanical Defect,Coolant system,19.20581627
Line-5,Machine-95,12-12-2024 06:47,12-12-2024 07:10,Mechanical Defect,Coolant system,22.88451576
Line-5,Machine-95,12-12-2024 07:19,12-12-2024 07:26,Mechanical Defect,Coolant system,7.147399902
Line-5,Machine-95,12-12-2024 07:33,12-12-2024 08:07,Mechanical Defect,Coolant system,33.76145172
Line-5,Machine-95,12-12-2024 08:42,12-12-2024 08:53,Mechanical Defect,Coolant system,10.86831665
Line-5,Machine-95,12-12-2024 09:06,12-12-2024 09:37,Mechanical Defect,Coolant system,31.21725082
Line-5,Machine-95,16-12-2024 09:56,16-12-2024 10:31,Mechanical Defect,Coolant system,35.29681778
Line-5,Machine-95,16-12-2024 11:15,16-12-2024 11:48,Mechanical Defect,Coolant system,32.47949982
Line-5,Machine-95,18-12-2024 13:06,18-12-2024 13:33,Mechanical Defect,Work Head,26.99954987
Line-5,Machine-95,16-01-2025 07:36,16-01-2025 07:49,Mechanical Defect,Coolant system,13.02655029
Line-5,Machine-95,21-01-2025 06:00,21-01-2025 07:44,Mechanical Defect,Grinding wheel,104.8352814
Line-5,Machine-95,29-01-2025 13:48,29-01-2025 13:58,Mechanical Defect,Automation,10.03078365
Line-5,Machine-95,31-01-2025 07:06,31-01-2025 07:51,Mechanical Defect,Coolant system,45.67113495
Line-5,Machine-95,10-02-2025 11:59,10-02-2025 12:07,Mechanical Defect,Conveyor,7.211416721
Line-5,Machine-95,11-02-2025 07:39,11-02-2025 09:35,Mechanical Defect,Coolant system,116.2129669
Line-5,Machine-95,18-04-2025 08:48,18-04-2025 08:57,Mechanical Defect,Coolant system,9.874899864
Line-5,Machine-95,06-11-2024 14:58,06-11-2024 15:21,Mechanical Defect,Coolant system,22.90620041
Line-5,Machine-95,19-11-2024 19:47,19-11-2024 20:13,Mechanical Defect,Grinding wheel,25.23483276
Line-5,Machine-95,03-12-2024 20:39,03-12-2024 20:54,Mechanical Defect,Automation,15.21790028
Line-5,Machine-95,02-01-2025 14:30,02-01-2025 18:21,Mechanical Defect,Dresser unit,230.9582977
Line-5,Machine-95,05-02-2025 18:41,05-02-2025 18:55,Mechanical Defect,Hopper,13.97591686
Line-5,Machine-95,05-02-2025 15:01,05-02-2025 15:15,Mechanical Defect,Conveyor,14.29158306
Line-5,Machine-95,05-02-2025 16:16,05-02-2025 16:33,Mechanical Defect,Conveyor,16.31094933
Line-5,Machine-95,16-02-2025 19:39,16-02-2025 20:50,Mechanical Defect,Demag,70.71673584
Line-5,Machine-95,25-02-2025 14:30,25-02-2025 14:36,Mechanical Defect,Conveyor,6.286366463
Line-5,Machine-95,25-02-2025 14:43,25-02-2025 14:49,Mechanical Defect,Conveyor,6.21750021
Line-5,Machine-95,06-11-2024 01:48,06-11-2024 02:09,Mechanical Defect,Grinding wheel,21.66239929
Line-5,Machine-95,16-11-2024 23:18,16-11-2024 23:23,Mechanical Defect,Automation,5.328633308
Line-5,Machine-95,16-11-2024 23:23,16-11-2024 23:35,Mechanical Defect,Automation,11.15436649
Line-5,Machine-95,17-11-2024 04:52,17-11-2024 05:00,Mechanical Defect,Automation,8.011217117
Line-5,Machine-95,12-12-2024 04:41,12-12-2024 04:54,Mechanical Defect,Grinding wheel,12.86436653
Line-5,Machine-95,12-12-2024 05:14,12-12-2024 05:28,Mechanical Defect,Grinding wheel,14.30701637
Line-5,Machine-95,18-12-2024 05:52,18-12-2024 06:00,Mechanical Defect,Conveyor,7.438916683
Line-5,Machine-95,19-12-2024 02:14,19-12-2024 02:34,Mechanical Defect,Conveyor,19.46789932
Line-5,Machine-95,21-01-2025 05:45,21-01-2025 06:00,Mechanical Defect,Grinding wheel,15.08010006
Line-5,Machine-95,28-01-2025 23:00,29-01-2025 01:24,Mechanical Defect,Coolant system,144.5967712
Line-5,Machine-95,27-02-2025 00:42,27-02-2025 01:14,Mechanical Defect,Oscillation,32.88418198
Line-5,Machine-95,06-03-2025 23:00,06-03-2025 23:33,Mechanical Defect,Demag,33.39968491
Line-5,Machine-95,29-03-2025 23:46,30-03-2025 00:13,Mechanical Defect,Coolant system,26.67863274
Line-5,Machine-95,09-04-2025 00:25,09-04-2025 00:48,Mechanical Defect,Oscillation,23.0575676
Line-5,Machine-95,16-04-2025 00:05,16-04-2025 00:25,Mechanical Defect,Transfer Unit,20.26169968
Line-5,Machine-95,28-04-2025 23:46,28-04-2025 23:57,Mechanical Defect,Hydraulics,10.52776623
Line-5,Machine-95,29-04-2025 00:12,29-04-2025 00:18,Mechanical Defect,Hydraulics,5.334833145
Line-2,Machine-98,17-12-2024 22:00,17-12-2024 23:00,Mechanical Defect,Automation,59.99553299
Line-6,Machine-96,07-11-2024 09:29,07-11-2024 09:44,Mechanical Defect,Coolant system,15.60263348
Line-6,Machine-96,10-12-2024 06:00,10-12-2024 11:57,Mechanical Defect,Wheel Slide,356.9936829
Line-6,Machine-96,10-01-2025 06:00,10-01-2025 07:04,Mechanical Defect,Dresser unit,64.48523712
Line-6,Machine-96,10-01-2025 07:21,10-01-2025 07:28,Mechanical Defect,Dresser unit,6.965000153
Line-6,Machine-96,21-01-2025 13:41,21-01-2025 14:18,Mechanical Defect,Dresser unit,37.5676651
Line-6,Machine-96,06-02-2025 06:17,06-02-2025 06:38,Mechanical Defect,Lubrication,21.03944969
Line-6,Machine-96,25-02-2025 13:32,25-02-2025 13:42,Mechanical Defect,Grinding wheel,10.14764977
Line-6,Machine-96,25-02-2025 11:34,25-02-2025 11:59,Mechanical Defect,Aerolide slide,24.68149948
Line-6,Machine-96,07-03-2025 22:43,07-03-2025 23:00,Mechanical Defect,Hydraulics,16.83223343
Line-6,Machine-96,18-03-2025 08:55,18-03-2025 09:08,Mechanical Defect,Coolant system,13.46958351
Line-6,Machine-96,26-04-2025 12:33,26-04-2025 13:17,Mechanical Defect,Conveyor,44.40996552
Line-6,Machine-96,10-01-2025 04:58,10-01-2025 06:00,Mechanical Defect,Dresser unit,61.50170135
Line-6,Machine-96,30-01-2025 16:33,30-01-2025 17:01,Mechanical Defect,Grinding wheel,28.43576622
Line-6,Machine-96,25-02-2025 20:54,25-02-2025 22:38,Mechanical Defect,Work Head,103.4798813
Line-6,Machine-96,16-03-2025 16:33,16-03-2025 17:12,Mechanical Defect,Conveyor,39.16653442
Line-6,Machine-96,10-12-2024 02:44,10-12-2024 06:00,Mechanical Defect,Work Spindle,195.4242401
Line-6,Machine-96,09-01-2025 01:16,09-01-2025 03:22,Mechanical Defect,Automation,126.5528488
Line-6,Machine-96,07-03-2025 23:00,07-03-2025 23:26,Mechanical Defect,Lubrication,26.03533363
Line-17,Machine-97,05-03-2025 06:00,05-03-2025 07:20,Mechanical Defect,Coolant system,80.18560028
Line-17,Machine-97,20-04-2025 12:00,20-04-2025 14:30,Mechanical Defect,Grinding wheel,150
Line-17,Machine-97,24-11-2024 14:30,24-11-2024 15:36,Mechanical Defect,Oscillation,65.99321747
Line-17,Machine-97,02-03-2025 16:00,02-03-2025 16:21,Mechanical Defect,Stone holder,20.98918343
Line-17,Machine-97,21-04-2025 15:52,21-04-2025 17:30,Mechanical Defect,Grinding wheel,98.24394989
Line-17,Machine-97,06-12-2024 02:08,06-12-2024 04:50,Mechanical Defect,Oscillation,162.1049042
Line-17,Machine-97,05-03-2025 04:23,05-03-2025 04:40,Mechanical Defect,Stone holder,17.01176643
Line-17,Machine-97,08-04-2025 03:00,08-04-2025 03:21,Mechanical Defect,Coolant system,21.01435089
Line-17,Machine-97,16-04-2025 00:44,16-04-2025 02:10,Mechanical Defect,Work Head,86.75209808
Line-17,Machine-97,16-04-2025 02:17,16-04-2025 03:10,Mechanical Defect,Work Head,53.00481796
